Workbook

Sheet CONTENIDO
B2: Hoja | C2: Contenido
B3: COBERTURA_BOSQUE | C3: Coberturas de bosque históricas y proyecciones en base a tasa de deforestación
B4: COBERTURA_HACIA_TF | C4: Cambios uso de suelo a tierras forestales
B5: COBERTURA_CAMBIOS_TF | C5: Cambio de tierras forestales a otros usos de suelo
B6: MEDIDAS_INCOND | C6: Medidas de mitigación de escenario incondicional
B7: MEDIDAS_COND | C7: Medidas de mitigación de escenario condicional
B8: FACTORES_EMISION | C8: Factores de emisión

Sheet COBERTURA_BOSQUE
A1: Referencia | B1: Ecuador | C1: 2010 | D1: 2011 | E1: 2012 | F1: 2013 | G1: 2014 | H1: 2015 | I1: 2016 | J1: 2017 | K1: 2018 | L1: 2019 | M1: 2020 | N1: 2021 | O1: 2022 | P1: 2023 | Q1: 2024 | R1: 2025 | S1: 2026 | T1: 2027 | U1: 2028 | V1: 2029 | W1: 2030 | X1: 2031 | Y1: 2032 | Z1: 2033 | AA1: 2034 | AB1: 2035
B3: DATOS PARA CALCULAR PROYECCIONES
B6: Cobertura bosque (Ha)
A7: Datos 2010-2022 5ta Comunicación | B7: B. Seco Andino | C7: 12348.32 | D7: =+(C7+E7)/2 -> 13402.625 | E7: 14456.93 | F7: =+(E7+G7)/2 -> 14584.46 | G7: 14711.99 | H7: =+(G7+I7)/2 -> 14755.53 | I7: 14799.07 | J7: =+(I7+K7)/2 -> 14779.865 | K7: 14760.66 | L7: 14760.66 | M7: 14760.66 | N7: 13635 | O7: 13635 | P7: =+$P35*P$24 -> 13628.319 | Q7: =+$P35*Q$24 -> 13621.641 | R7: =+$P35*R$24 -> 13614.966 | S7: =+$P35*S$24 -> 13608.295 | T7: =+$P35*T$24 -> 13601.627 | U7: =+$P35*U$24 -> 13594.962 | V7: =+$P35*V$24 -> 13588.301 | W7: =+$P35*W$24 -> 13581.642 | ... AB7: =+$P35*AB$24 -> 13548.4
B8: B. Seco Pluvioestacional | C8: 120583.64 | D8: =+(C8+E8)/2 -> 126215.03 | E8: 131846.42 | F8: =+(E8+G8)/2 -> 136010.5 | G8: 140174.58 | H8: =+(G8+I8)/2 -> 140004.62 | I8: 139834.67 | J8: =+(I8+K8)/2 -> 139853.84 | K8: 139873.01 | L8: 139873.01 | M8: 139873.01 | N8: 139386 | O8: 139386 | P8: =+$P36*P$24 -> 139317.7 | Q8: =+$P36*Q$24 -> 139249.44 | R8: =+$P36*R$24 -> 139181.2 | S8: =+$P36*S$24 -> 139113 | T8: =+$P36*T$24 -> 139044.84 | U8: =+$P36*U$24 -> 138976.71 | V8: =+$P36*V$24 -> 138908.61 | W8: =+$P36*W$24 -> 138840.54 | ... AB8: =+$P36*AB$24 -> 138500.72
B9: B. Siempre verde andino Montano | C9: 1153032.6 | D9: =+(C9+E9)/2 -> 1158742.6 | E9: 1164452.6 | F9: =+(E9+G9)/2 -> 1198650.2 | G9: 1232847.9 | H9: =+(G9+I9)/2 -> 1233796.5 | I9: 1234745.1 | J9: =+(I9+K9)/2 -> 1245530.5 | K9: 1256315.9 | L9: 1256315.9 | M9: 1256315.9 | N9: 1257518 | O9: 1257518 | P9: =+$P37*P$24 -> 1256901.8 | Q9: =+$P37*Q$24 -> 1256285.9 | R9: =+$P37*R$24 -> 1255670.4 | S9: =+$P37*S$24 -> 1255055.1 | T9: =+$P37*T$24 -> 1254440.1 | U9: =+$P37*U$24 -> 1253825.4 | V9: =+$P37*V$24 -> 1253211 | W9: =+$P37*W$24 -> 1252597 | ... AB9: =+$P37*AB$24 -> 1249531.1
B10: B. Siempre verde andino Pie montano | C10: 468700.3 | D10: =+(C10+E10)/2 -> 469707.92 | E10: 470715.55 | F10: =+(E10+G10)/2 -> 488975.63 | G10: 507235.71 | H10: =+(G10+I10)/2 -> 506690.36 | I10: 506145.02 | J10: =+(I10+K10)/2 -> 514642.34 | K10: 523139.65 | L10: 523139.65 | M10: 523139.65 | N10: 515144 | O10: 515144 | P10: =+$P38*P$24 -> 514891.58 | Q10: =+$P38*Q$24 -> 514639.28 | R10: =+$P38*R$24 -> 514387.11 | S10: =+$P38*S$24 -> 514135.06 | T10: =+$P38*T$24 -> 513883.13 | U10: =+$P38*U$24 -> 513631.33 | V10: =+$P38*V$24 -> 513379.65 | W10: =+$P38*W$24 -> 513128.1 | ... AB10: =+$P38*AB$24 -> 511872.16
B11: B. Siempre verde andino de Ceja Andina | C11: 322781.76 | D11: =+(C11+E11)/2 -> 325370.89 | E11: 327960.02 | F11: =+(E11+G11)/2 -> 333557.76 | G11: 339155.5 | H11: =+(G11+I11)/2 -> 340207.31 | I11: 341259.12 | J11: =+(I11+K11)/2 -> 357944.89 | K11: 374630.66 | L11: 374630.66 | M11: 374630.66 | N11: 375109 | O11: 375109 | P11: =+$P39*P$24 -> 374925.2 | Q11: =+$P39*Q$24 -> 374741.48 | R11: =+$P39*R$24 -> 374557.86 | S11: =+$P39*S$24 -> 374374.33 | T11: =+$P39*T$24 -> 374190.88 | U11: =+$P39*U$24 -> 374007.53 | V11: =+$P39*V$24 -> 373824.27 | W11: =+$P39*W$24 -> 373641.09 | ... AB11: =+$P39*AB$24 -> 372726.57
B12: B. Siempre verde de tierras bajas de la Amazonía | C12: 2361954.6 | D12: =+(C12+E12)/2 -> 2536303.8 | E12: 2710653 | F12: =+(E12+G12)/2 -> 2768583.4 | G12: 2826513.8 | H12: =+(G12+I12)/2 -> 2858758.2 | I12: 2891002.6 | J12: =+(I12+K12)/2 -> 2955726.3 | K12: 3020450 | L12: 3020450 | M12: 3020450 | N12: 2928882 | O12: 2928882 | P12: =+$P40*P$24 -> 2927446.8 | Q12: =+$P40*Q$24 -> 2926012.4 | R12: =+$P40*R$24 -> 2924578.7 | S12: =+$P40*S$24 -> 2923145.6 | T12: =+$P40*T$24 -> 2921713.3 | U12: =+$P40*U$24 -> 2920281.6 | V12: =+$P40*V$24 -> 2918850.7 | W12: =+$P40*W$24 -> 2917420.5 | ... AB12: =+$P40*AB$24 -> 2910279.8
B13: B. Siempre verde de tierras bajas del Chocó | C13: 261686.1 | D13: =+(C13+E13)/2 -> 263622.4 | E13: 265558.7 | F13: =+(E13+G13)/2 -> 269700.02 | G13: 273841.34 | H13: =+(G13+I13)/2 -> 268738.08 | I13: 263634.81 | J13: =+(I13+K13)/2 -> 262908.7 | K13: 262182.6 | L13: 262182.6 | M13: 262182.6 | N13: 240487 | O13: 240487 | P13: =+$P41*P$24 -> 240369.16 | Q13: =+$P41*Q$24 -> 240251.38 | R13: =+$P41*R$24 -> 240133.66 | S13: =+$P41*S$24 -> 240015.99 | T13: =+$P41*T$24 -> 239898.38 | U13: =+$P41*U$24 -> 239780.83 | V13: =+$P41*V$24 -> 239663.34 | W13: =+$P41*W$24 -> 239545.91 | ... AB13: =+$P41*AB$24 -> 238959.59
B14: Manglar | C14: 64990.3 | D14: =+(C14+E14)/2 -> 65335.185 | E14: 65680.07 | F14: =+(E14+G14)/2 -> 64106.675 | G14: 62533.28 | H14: =+(G14+I14)/2 -> 65738.85 | I14: 68944.42 | J14: =+(I14+K14)/2 -> 68628.94 | K14: 68313.46 | L14: 68313.46 | M14: 68313.46 | N14: 98087 | O14: 98087 | P14: =+$P42*P$24 -> 98038.937 | Q14: =+$P42*Q$24 -> 97990.898 | R14: =+$P42*R$24 -> 97942.883 | S14: =+$P42*S$24 -> 97894.891 | T14: =+$P42*T$24 -> 97846.922 | U14: =+$P42*U$24 -> 97798.977 | V14: =+$P42*V$24 -> 97751.056 | W14: =+$P42*W$24 -> 97703.158 | ... AB14: =+$P42*AB$24 -> 97464.019
B15: Moretal | C15: 271778.31 | D15: =+(C15+E15)/2 -> 272685.14 | E15: 273591.97 | F15: =+(E15+G15)/2 -> 278163.17 | G15: 282734.38 | H15: =+(G15+I15)/2 -> 289391.54 | I15: 296048.7 | J15: =+(I15+K15)/2 -> 298137.71 | K15: 300226.73 | L15: 300226.73 | M15: 300226.73 | N15: 272847 | O15: 272847 | P15: =+$P43*P$24 -> 272713.3 | Q15: =+$P43*Q$24 -> 272579.68 | R15: =+$P43*R$24 -> 272446.11 | S15: =+$P43*S$24 -> 272312.61 | T15: =+$P43*T$24 -> 272179.18 | U15: =+$P43*U$24 -> 272045.81 | V15: =+$P43*V$24 -> 271912.51 | W15: =+$P43*W$24 -> 271779.27 | ... AB15: =+$P43*AB$24 -> 271114.07
B16: Plantación forestal | C16: 38277.9 | D16: =+(C16+E16)/2 -> 38277.9 | E16: 38277.9 | F16: =+(E16+G16)/2 -> 38277.9 | G16: 38277.9 | H16: =+(G16+I16)/2 -> 72574.065 | I16: 106870.23 | J16: =+(I16+K16)/2 -> 101943.18 | K16: 97016.13 | L16: 97016.13 | M16: 97016.13 | N16: 115150 | O16: 115150 | P16: =+$P44*P$24 -> 115093.58 | Q16: =+$P44*Q$24 -> 115037.18 | R16: =+$P44*R$24 -> 114980.81 | S16: =+$P44*S$24 -> 114924.47 | T16: =+$P44*T$24 -> 114868.16 | U16: =+$P44*U$24 -> 114811.87 | V16: =+$P44*V$24 -> 114755.62 | W16: =+$P44*W$24 -> 114699.39 | ... AB16: =+$P44*AB$24 -> 114418.65
B17: Total bosque protegido | C17: =+SUM(C7:C16) -> 5076133.8 | D17: =+SUM(D7:D16) -> 5269663.5 | E17: =+SUM(E7:E16) -> 5463193.1 | F17: =+SUM(F7:F16) -> 5590609.7 | G17: =+SUM(G7:G16) -> 5718026.4 | H17: =+SUM(H7:H16) -> 5790655.1 | I17: =+SUM(I7:I16) -> 5863283.8 | J17: =+SUM(J7:J16) -> 5960096.3 | ... AB17: =+SUM(AB7:AB16) -> 5918415.1
B22: Datos para proyecciones
A23: Brindado en iniciativas | B23: Tasa de deforestación del bosque protegido [%] | P23: =0.049/100 -> 0.00049 | Q23: =0.049/100 -> 0.00049 | R23: =0.049/100 -> 0.00049 | S23: =0.049/100 -> 0.00049 | T23: =0.049/100 -> 0.00049 | U23: =0.049/100 -> 0.00049 | V23: =0.049/100 -> 0.00049 | W23: =0.049/100 -> 0.00049 | ... AB23: =0.049/100 -> 0.00049
B24: Total bosque protegido | C24: =+SUM(C7:C16) -> 5076133.8 | D24: =+SUM(D7:D16) -> 5269663.5 | E24: =+SUM(E7:E16) -> 5463193.1 | F24: =+SUM(F7:F16) -> 5590609.7 | G24: =+SUM(G7:G16) -> 5718026.4 | H24: =+SUM(H7:H16) -> 5790655.1 | I24: =+SUM(I7:I16) -> 5863283.8 | J24: =+SUM(J7:J16) -> 5960096.3 | ... O24: =+SUM(O7:O16) -> 5956245 | P24: =+O24-O24*P23 -> 5953326.4 | Q24: =+P24-P24*Q23 -> 5950409.3 | R24: =+Q24-Q24*R23 -> 5947493.6 | S24: =+R24-R24*S23 -> 5944579.3 | T24: =+S24-S24*T23 -> 5941666.5 | U24: =+T24-T24*U23 -> 5938755.1 | V24: =+U24-U24*V23 -> 5935845.1 | W24: =+V24-V24*W23 -> 5932936.5 | ... AB24: =+AA24-AA24*AB23 -> 5918415.1
B25: Tasa de deforestación del bosque sin proteger [%] | P25: =(((0.76/100)*O27-((0.049/100)*O24))/O26)*(0.992212) -> 0.014358672 | Q25: =(((0.76/100)*P27-((0.049/100)*P24))/P26)*(0.99221) -> 0.014454575 | R25: =(((0.76/100)*Q27-((0.049/100)*Q24))/Q26)*(0.992208) -> 0.014552509 | S25: =(((0.76/100)*R27-((0.049/100)*R24))/R26)*(0.992206) -> 0.014652538 | T25: =(((0.76/100)*S27-((0.049/100)*S24))/S26)*(0.992204) -> 0.014754727 | U25: =(((0.76/100)*T27-((0.049/100)*T24))/T26)*(0.992203) -> 0.014859159 | V25: =(((0.76/100)*U27-((0.049/100)*U24))/U26)*(0.9922) -> 0.014965859 | W25: =(((0.76/100)*V27-((0.049/100)*V24))/V26)*(0.992197) -> 0.015074932 | X25: =(((0.76/100)*W27-((0.049/100)*W24))/W26)*(0.992197) -> 0.0151865 | Y25: =(((0.76/100)*X27-((0.049/100)*X24))/X26)*(0.992195) -> 0.015300568 | Z25: =(((0.76/100)*Y27-((0.049/100)*Y24))/Y26)*(0.992193) -> 0.015417251 | AA25: =(((0.76/100)*Z27-((0.049/100)*Z24))/Z26)*(0.992191) -> 0.015536637 | AB25: =(((0.76/100)*AA27-((0.049/100)*AA24))/AA26)*(0.99219) -> 0.015658833
A26: INGEI | B26: Total bosque sin proteger | C26: 6163090.2 | D26: =+AVERAGE(C26,E26) -> 6163090.2 | E26: 6163090.2 | F26: =+AVERAGE(E26,G26) -> 6163090.2 | G26: 6163090.2 | H26: =+AVERAGE(G26,I26) -> 6163090.2 | I26: 6163090.2 | J26: =+AVERAGE(I26,K26) -> 6163090.2 | K26: 6163090.2 | L26: 6163090.2 | M26: 6163090.2 | N26: 6163090.2 | O26: 6163090.2 | P26: =+O26-O26*P25 -> 6074596.4 | Q26: =+P26-P26*Q25 -> 5986790.7 | R26: =+Q26-Q26*R25 -> 5899667.9 | S26: =+R26-R26*S25 -> 5813222.8 | T26: =+S26-S26*T25 -> 5727450.3 | U26: =+T26-T26*U25 -> 5642345.2 | V26: =+U26-U26*V25 -> 5557902.6 | W26: =+V26-V26*W25 -> 5474117.6 | ... AB26: =+AA26-AA26*AB25 -> 5064880.9
B27: Área de bosque total | C27: =+C24+C26 -> 11239224 | D27: =+D24+D26 -> 11432754 | E27: =+E24+E26 -> 11626283 | F27: =+F24+F26 -> 11753700 | G27: =+G24+G26 -> 11881117 | H27: =+H24+H26 -> 11953745 | I27: =+I24+I26 -> 12026374 | J27: =+J24+J26 -> 12123186 | ... AB27: =+AB24+AB26 -> 10983296
B28: Pérdida de área | P28: =+P27-O27 -> -91412.348 | Q28: =+Q27-P27 -> -90722.837 | R28: =+R27-Q27 -> -90038.528 | S28: =+S27-R27 -> -89359.382 | T28: =+T27-S27 -> -88685.359 | U28: =+U27-T27 -> -88016.508 | V28: =+V27-U27 -> -87352.532 | W28: =+W27-V27 -> -86693.567 | ... AB28: =+AB27-AA27 -> -83473.227
A29: PLANMICC | B29: Tasa de deforestación total [%] | P29: =P28/P27 -> -0.0076000112 | Q29: =Q28/Q27 -> -0.0076000098 | R29: =R28/R27 -> -0.0076000085 | S29: =S28/S27 -> -0.0076000073 | T29: =T28/T27 -> -0.0076000062 | U29: =U28/U27 -> -0.0076000127 | V29: =V28/V27 -> -0.0076000043 | W29: =W28/W27 -> -0.0075999961 | ... AB29: =AB28/AB27 -> -0.0076000162
B34: % por tipo de bosque | P34: FUTURE YEARS | R34: OPCION
B35: B. Seco Andino | C35: =+C7/C$24 -> 0.002432623 | D35: =+D7/D$24 -> 0.002543355 | E35: =+E7/E$24 -> 0.0026462418 | F35: =+F7/F$24 -> 0.0026087423 | G35: =+G7/G$24 -> 0.002572914 | H35: =+H7/H$24 -> 0.0025481625 | I35: =+I7/I$24 -> 0.0025240242 | J35: =+J7/J$24 -> 0.0024798031 | ... O35: =+O7/O$24 -> 0.0022891939 | P35: =IF(R35="CONSTANTE",O35,SUM(C7:O7)/SUM($C$17:$O$17)) -> 0.0022891939 | R35: CONSTANTE
B36: B. Seco Pluvioestacional | C36: =+C8/C$24 -> 0.023755016 | D36: =+D8/D$24 -> 0.023951251 | E36: =+E8/E$24 -> 0.024133582 | F36: =+F8/F$24 -> 0.024328384 | G36: =+G8/G$24 -> 0.024514504 | H36: =+H8/H$24 -> 0.024177683 | I36: =+I8/I$24 -> 0.023849207 | J36: =+J8/J$24 -> 0.02346503 | ... O36: =+O8/O$24 -> 0.023401657 | P36: =IF(R36="CONSTANTE",O36,SUM(C8:O8)/SUM($C$17:$O$17)) -> 0.023401657 | R36: CONSTANTE
B37: B. Siempre verde andino Montano | C37: =+C9/C$24 -> 0.22714779 | D37: =+D9/D$24 -> 0.21988929 | E37: =+E9/E$24 -> 0.21314505 | F37: =+F9/F$24 -> 0.21440421 | G37: =+G9/G$24 -> 0.21560725 | H37: =+H9/H$24 -> 0.21306683 | I37: =+I9/I$24 -> 0.21058935 | J37: =+J9/J$24 -> 0.20897825 | ... O37: =+O9/O$24 -> 0.21112597 | P37: =IF(R37="CONSTANTE",O37,SUM(C9:O9)/SUM($C$17:$O$17)) -> 0.21112597 | R37: CONSTANTE
B38: B. Siempre verde andino Pie montano | C38: =+C10/C$24 -> 0.092334111 | D38: =+D10/D$24 -> 0.089134331 | E38: =+E10/E$24 -> 0.086161251 | F38: =+F10/F$24 -> 0.087463739 | G38: =+G10/G$24 -> 0.08870818 | H38: =+H10/H$24 -> 0.087501389 | I38: =+I10/I$24 -> 0.086324496 | J38: =+J10/J$24 -> 0.08634799 | ... O38: =+O10/O$24 -> 0.086488047 | P38: =IF(R38="CONSTANTE",O38,SUM(C10:O10)/SUM($C$17:$O$17)) -> 0.086488047 | R38: CONSTANTE
B39: B. Siempre verde andino de Ceja Andina | C39: =+C11/C$24 -> 0.063588111 | D39: =+D11/D$24 -> 0.06174415 | E39: =+E11/E$24 -> 0.060030831 | F39: =+F11/F$24 -> 0.059663932 | G39: =+G11/G$24 -> 0.059313385 | H39: =+H11/H$24 -> 0.058751092 | I39: =+I11/I$24 -> 0.058202729 | J39: =+J11/J$24 -> 0.060056897 | ... O39: =+O11/O$24 -> 0.06297743 | P39: =IF(R39="CONSTANTE",O39,SUM(C11:O11)/SUM($C$17:$O$17)) -> 0.06297743 | R39: CONSTANTE
B40: B. Siempre verde de tierras bajas de la Amazonía | C40: =+C12/C$24 -> 0.46530582 | D40: =+D12/D$24 -> 0.4813028 | E40: =+E12/E$24 -> 0.49616642 | F40: =+F12/F$24 -> 0.49522029 | G40: =+G12/G$24 -> 0.49431632 | H40: =+H12/H$24 -> 0.49368477 | I40: =+I12/I$24 -> 0.49306886 | J40: =+J12/J$24 -> 0.49591922 | ... O40: =+O12/O$24 -> 0.49173296 | P40: =IF(R40="CONSTANTE",O40,SUM(C12:O12)/SUM($C$17:$O$17)) -> 0.49173296 | R40: CONSTANTE
B41: B. Siempre verde de tierras bajas del Chocó | C41: =+C13/C$24 -> 0.051552246 | D41: =+D13/D$24 -> 0.050026421 | E41: =+E13/E$24 -> 0.048608697 | F41: =+F13/F$24 -> 0.048241611 | G41: =+G13/G$24 -> 0.047890884 | H41: =+H13/H$24 -> 0.046408925 | I41: =+I13/I$24 -> 0.044963679 | J41: =+J13/J$24 -> 0.044111486 | ... O41: =+O13/O$24 -> 0.040375606 | P41: =IF(R41="CONSTANTE",O41,SUM(C13:O13)/SUM($C$17:$O$17)) -> 0.040375606 | R41: CONSTANTE
B42: Manglar | C42: =+C14/C$24 -> 0.01280311 | D42: =+D14/D$24 -> 0.01239836 | E42: =+E14/E$24 -> 0.012022286 | F42: =+F14/F$24 -> 0.011466849 | G42: =+G14/G$24 -> 0.010936165 | H42: =+H14/H$24 -> 0.011352576 | I42: =+I14/I$24 -> 0.01175867 | J42: =+J14/J$24 -> 0.011514737 | ... O42: =+O14/O$24 -> 0.016467926 | P42: =IF(R42="CONSTANTE",O42,SUM(C14:O14)/SUM($C$17:$O$17)) -> 0.016467926 | R42: CONSTANTE
B43: Moretal | C43: =+C15/C$24 -> 0.053540415 | D43: =+D15/D$24 -> 0.051746215 | E43: =+E15/E$24 -> 0.050079132 | F43: =+F15/F$24 -> 0.049755427 | G43: =+G15/G$24 -> 0.049446148 | H43: =+H15/H$24 -> 0.049975613 | I43: =+I15/I$24 -> 0.050491962 | J43: =+J15/J$24 -> 0.050022299 | ... O43: =+O15/O$24 -> 0.045808559 | P43: =IF(R43="CONSTANTE",O43,SUM(C15:O15)/SUM($C$17:$O$17)) -> 0.045808559 | R43: CONSTANTE
B44: Plantación forestal | C44: =+C16/C$24 -> 0.0075407587 | D44: =+D16/D$24 -> 0.0072638225 | E44: =+E16/E$24 -> 0.0070065069 | F44: =+F16/F$24 -> 0.0068468203 | G44: =+G16/G$24 -> 0.0066942503 | H44: =+H16/H$24 -> 0.012532963 | I44: =+I16/I$24 -> 0.018227027 | J44: =+J16/J$24 -> 0.017104284 | ... O44: =+O16/O$24 -> 0.01933265 | P44: =IF(R44="CONSTANTE",O44,SUM(C16:O16)/SUM($C$17:$O$17)) -> 0.01933265 | R44: CONSTANTE
B45: Total | C45: =+SUM(C35:C44) -> 1 | D45: =+SUM(D35:D44) -> 1 | E45: =+SUM(E35:E44) -> 1 | F45: =+SUM(F35:F44) -> 1 | G45: =+SUM(G35:G44) -> 1 | H45: =+SUM(H35:H44) -> 1 | I45: =+SUM(I35:I44) -> 1 | J45: =+SUM(J35:J44) -> 1 | ... P45: =+SUM(P35:P44) -> 1

Sheet COBERTURA_HACIA_TF
A1: Uso del suelo inicial | B1: Uso del suelo en el año del inventario | C1: 2010 | D1: 2011 | E1: 2012 | F1: 2013 | G1: 2014 | H1: 2015 | I1: 2016 | J1: 2017 | K1: 2018 | L1: 2019 | M1: 2020 | N1: 2021 | O1: 2022 | P1: 2023 | Q1: 2024 | R1: 2025 | S1: 2026 | T1: 2027 | U1: 2028 | V1: 2029 | W1: 2030 | X1: 2031 | Y1: 2032 | Z1: 2033 | AA1: 2034 | AB1: 2035 | AD1: OPCION
A2: Tierras de cultivo | B2: Tierras forestales | C2: 12650.5 | D2: =+(C2+E2)/2 -> 12650.5 | E2: 12650.5 | F2: =+(E2+G2)/2 -> 12650.5 | G2: 12650.5 | H2: =+(G2+I2)/2 -> 8941.5 | I2: 5232.5 | J2: =+(I2+K2)/2 -> 7404.86 | K2: 9577.22 | L2: 367.7 | M2: 367.7 | N2: 2315.79 | O2: 2315.79 | P2: =IF(AD2="CONSTANTE",O2,AVERAGE(C2:O2)) -> 2315.79 | Q2: =+P2 -> 2315.79 | R2: =+Q2 -> 2315.79 | S2: =+R2 -> 2315.79 | T2: =+S2 -> 2315.79 | U2: =+T2 -> 2315.79 | V2: =+U2 -> 2315.79 | W2: =+V2 -> 2315.79 | X2: =+W2 -> 2315.79 | ... AB2: =+AA2 -> 2315.79 | AD2: CONSTANTE
A3: Pastizales | B3: Tierras forestales | C3: 1811.66 | D3: =+(C3+E3)/2 -> 1811.66 | E3: 1811.66 | F3: =+(E3+G3)/2 -> 1811.66 | G3: 1811.66 | H3: =+(G3+I3)/2 -> 2469.83 | I3: 3128 | J3: =+(I3+K3)/2 -> 2948.515 | K3: 2769.03 | L3: 70.83 | M3: 70.83 | N3: 56.52 | O3: 56.52 | P3: =IF(AD3="CONSTANTE",O3,AVERAGE(C3:O3)) -> 56.52 | Q3: =+P3 -> 56.52 | R3: =+Q3 -> 56.52 | S3: =+R3 -> 56.52 | T3: =+S3 -> 56.52 | U3: =+T3 -> 56.52 | V3: =+U3 -> 56.52 | W3: =+V3 -> 56.52 | X3: =+W3 -> 56.52 | ... AB3: =+AA3 -> 56.52 | AD3: CONSTANTE
A4: Humedales | B4: Tierras forestales | C4: 37.16 | D4: =+(C4+E4)/2 -> 37.16 | E4: 37.16 | F4: =+(E4+G4)/2 -> 37.16 | G4: 37.16 | H4: =+(G4+I4)/2 -> 39.33 | I4: 41.5 | J4: =+(I4+K4)/2 -> 41.16 | K4: 40.82 | L4: 0.99 | M4: 0.99 | N4: 12.15 | O4: 12.15 | P4: =IF(AD4="CONSTANTE",O4,AVERAGE(C4:O4)) -> 12.15 | Q4: =+P4 -> 12.15 | R4: =+Q4 -> 12.15 | S4: =+R4 -> 12.15 | T4: =+S4 -> 12.15 | U4: =+T4 -> 12.15 | V4: =+U4 -> 12.15 | W4: =+V4 -> 12.15 | X4: =+W4 -> 12.15 | ... AB4: =+AA4 -> 12.15 | AD4: CONSTANTE
A5: Asentamientos | B5: Tierras forestales | C5: 0 | D5: =+(C5+E5)/2 -> 0 | E5: 0 | F5: =+(E5+G5)/2 -> 0 | G5: 0 | H5: =+(G5+I5)/2 -> 0 | I5: 0 | J5: =+(I5+K5)/2 -> 0 | K5: 0 | L5: 0 | M5: 0 | N5: 0 | O5: 0 | P5: =IF(AD5="CONSTANTE",O5,AVERAGE(C5:O5)) -> 0 | Q5: =+P5 -> 0 | R5: =+Q5 -> 0 | S5: =+R5 -> 0 | T5: =+S5 -> 0 | U5: =+T5 -> 0 | V5: =+U5 -> 0 | W5: =+V5 -> 0 | X5: =+W5 -> 0 | ... AB5: =+AA5 -> 0 | AD5: CONSTANTE
A6: Otras tierras | B6: Tierras forestales | C6: 7.83 | D6: =+(C6+E6)/2 -> 7.83 | E6: 7.83 | F6: =+(E6+G6)/2 -> 7.83 | G6: 7.83 | H6: =+(G6+I6)/2 -> 15.415 | I6: 23 | J6: =+(I6+K6)/2 -> 62.755 | K6: 102.51 | L6: 2.34 | M6: 2.34 | N6: 38.21 | O6: 38.21 | P6: =IF(AD6="CONSTANTE",O6,AVERAGE(C6:O6)) -> 38.21 | Q6: =+P6 -> 38.21 | R6: =+Q6 -> 38.21 | S6: =+R6 -> 38.21 | T6: =+S6 -> 38.21 | U6: =+T6 -> 38.21 | V6: =+U6 -> 38.21 | W6: =+V6 -> 38.21 | X6: =+W6 -> 38.21 | ... AB6: =+AA6 -> 38.21 | AD6: CONSTANTE
A8: Por tipo de bosque (hectáreas)
A9: Tieras de culvito a tierras forestales (hectáreas)
A10: Tierras de cultivo | B10: B. Seco Andino | C10: =+C$2*COBERTURA_BOSQUE!C35 -> 30.773898 | D10: =+D$2*COBERTURA_BOSQUE!D35 -> 32.174713 | E10: =+E$2*COBERTURA_BOSQUE!E35 -> 33.476282 | F10: =+F$2*COBERTURA_BOSQUE!F35 -> 33.001894 | G10: =+G$2*COBERTURA_BOSQUE!G35 -> 32.548648 | H10: =+H$2*COBERTURA_BOSQUE!H35 -> 22.784395 | I10: =+I$2*COBERTURA_BOSQUE!I35 -> 13.206956 | J10: =+J$2*COBERTURA_BOSQUE!J35 -> 18.362595 | ... N10: =+N$2*COBERTURA_BOSQUE!N35 -> 5.3012925 | O10: =+O$2*COBERTURA_BOSQUE!P35 -> 5.3012925 | P10: =+P$2*COBERTURA_BOSQUE!$P35 -> 5.3012925 | Q10: =+Q$2*COBERTURA_BOSQUE!$P35 -> 5.3012925 | R10: =+R$2*COBERTURA_BOSQUE!$P35 -> 5.3012925 | S10: =+S$2*COBERTURA_BOSQUE!$P35 -> 5.3012925 | T10: =+T$2*COBERTURA_BOSQUE!$P35 -> 5.3012925 | U10: =+U$2*COBERTURA_BOSQUE!$P35 -> 5.3012925 | V10: =+V$2*COBERTURA_BOSQUE!$P35 -> 5.3012925 | W10: =+W$2*COBERTURA_BOSQUE!$P35 -> 5.3012925 | ... AB10: =+AB$2*COBERTURA_BOSQUE!$P35 -> 5.3012925
A11: Tierras de cultivo | B11: B. Seco Pluvioestacional | C11: =+C$2*COBERTURA_BOSQUE!C36 -> 300.51283 | D11: =+D$2*COBERTURA_BOSQUE!D36 -> 302.9953 | E11: =+E$2*COBERTURA_BOSQUE!E36 -> 305.30188 | F11: =+F$2*COBERTURA_BOSQUE!F36 -> 307.76622 | G11: =+G$2*COBERTURA_BOSQUE!G36 -> 310.12073 | H11: =+H$2*COBERTURA_BOSQUE!H36 -> 216.18476 | I11: =+I$2*COBERTURA_BOSQUE!I36 -> 124.79098 | J11: =+J$2*COBERTURA_BOSQUE!J36 -> 173.75526 | ... N11: =+N$2*COBERTURA_BOSQUE!N36 -> 54.193322 | O11: =+O$2*COBERTURA_BOSQUE!P36 -> 54.193322 | P11: =+P$2*COBERTURA_BOSQUE!$P36 -> 54.193322 | Q11: =+Q$2*COBERTURA_BOSQUE!$P36 -> 54.193322 | R11: =+R$2*COBERTURA_BOSQUE!$P36 -> 54.193322 | S11: =+S$2*COBERTURA_BOSQUE!$P36 -> 54.193322 | T11: =+T$2*COBERTURA_BOSQUE!$P36 -> 54.193322 | U11: =+U$2*COBERTURA_BOSQUE!$P36 -> 54.193322 | V11: =+V$2*COBERTURA_BOSQUE!$P36 -> 54.193322 | W11: =+W$2*COBERTURA_BOSQUE!$P36 -> 54.193322 | ... AB11: =+AB$2*COBERTURA_BOSQUE!$P36 -> 54.193322
A12: Tierras de cultivo | B12: B. Siempre verde andino Montano | C12: =+C$2*COBERTURA_BOSQUE!C37 -> 2873.5331 | D12: =+D$2*COBERTURA_BOSQUE!D37 -> 2781.7095 | E12: =+E$2*COBERTURA_BOSQUE!E37 -> 2696.3915 | F12: =+F$2*COBERTURA_BOSQUE!F37 -> 2712.3204 | G12: =+G$2*COBERTURA_BOSQUE!G37 -> 2727.5395 | H12: =+H$2*COBERTURA_BOSQUE!H37 -> 1905.137 | I12: =+I$2*COBERTURA_BOSQUE!I37 -> 1101.9088 | J12: =+J$2*COBERTURA_BOSQUE!J37 -> 1547.4547 | ... N12: =+N$2*COBERTURA_BOSQUE!N37 -> 488.92341 | O12: =+O$2*COBERTURA_BOSQUE!P37 -> 488.92341 | P12: =+P$2*COBERTURA_BOSQUE!$P37 -> 488.92341 | Q12: =+Q$2*COBERTURA_BOSQUE!$P37 -> 488.92341 | R12: =+R$2*COBERTURA_BOSQUE!$P37 -> 488.92341 | S12: =+S$2*COBERTURA_BOSQUE!$P37 -> 488.92341 | T12: =+T$2*COBERTURA_BOSQUE!$P37 -> 488.92341 | U12: =+U$2*COBERTURA_BOSQUE!$P37 -> 488.92341 | V12: =+V$2*COBERTURA_BOSQUE!$P37 -> 488.92341 | W12: =+W$2*COBERTURA_BOSQUE!$P37 -> 488.92341 | ... AB12: =+AB$2*COBERTURA_BOSQUE!$P37 -> 488.92341
A13: Tierras de cultivo | B13: B. Siempre verde andino Pie montano | C13: =+C$2*COBERTURA_BOSQUE!C38 -> 1168.0727 | D13: =+D$2*COBERTURA_BOSQUE!D38 -> 1127.5939 | E13: =+E$2*COBERTURA_BOSQUE!E38 -> 1089.9829 | F13: =+F$2*COBERTURA_BOSQUE!F38 -> 1106.46 | G13: =+G$2*COBERTURA_BOSQUE!G38 -> 1122.2028 | H13: =+H$2*COBERTURA_BOSQUE!H38 -> 782.39367 | I13: =+I$2*COBERTURA_BOSQUE!I38 -> 451.69293 | J13: =+J$2*COBERTURA_BOSQUE!J38 -> 639.39478 | ... N13: =+N$2*COBERTURA_BOSQUE!N38 -> 200.28816 | O13: =+O$2*COBERTURA_BOSQUE!P38 -> 200.28816 | P13: =+P$2*COBERTURA_BOSQUE!$P38 -> 200.28816 | Q13: =+Q$2*COBERTURA_BOSQUE!$P38 -> 200.28816 | R13: =+R$2*COBERTURA_BOSQUE!$P38 -> 200.28816 | S13: =+S$2*COBERTURA_BOSQUE!$P38 -> 200.28816 | T13: =+T$2*COBERTURA_BOSQUE!$P38 -> 200.28816 | U13: =+U$2*COBERTURA_BOSQUE!$P38 -> 200.28816 | V13: =+V$2*COBERTURA_BOSQUE!$P38 -> 200.28816 | W13: =+W$2*COBERTURA_BOSQUE!$P38 -> 200.28816 | ... AB13: =+AB$2*COBERTURA_BOSQUE!$P38 -> 200.28816
A14: Tierras de cultivo | B14: B. Siempre verde andino de Ceja Andina | C14: =+C$2*COBERTURA_BOSQUE!C39 -> 804.4214 | D14: =+D$2*COBERTURA_BOSQUE!D39 -> 781.09437 | E14: =+E$2*COBERTURA_BOSQUE!E39 -> 759.42002 | F14: =+F$2*COBERTURA_BOSQUE!F39 -> 754.77857 | G14: =+G$2*COBERTURA_BOSQUE!G39 -> 750.34398 | H14: =+H$2*COBERTURA_BOSQUE!H39 -> 525.32289 | I14: =+I$2*COBERTURA_BOSQUE!I39 -> 304.54578 | J14: =+J$2*COBERTURA_BOSQUE!J39 -> 444.71292 | ... N14: =+N$2*COBERTURA_BOSQUE!N39 -> 145.8425 | O14: =+O$2*COBERTURA_BOSQUE!P39 -> 145.8425 | P14: =+P$2*COBERTURA_BOSQUE!$P39 -> 145.8425 | Q14: =+Q$2*COBERTURA_BOSQUE!$P39 -> 145.8425 | R14: =+R$2*COBERTURA_BOSQUE!$P39 -> 145.8425 | S14: =+S$2*COBERTURA_BOSQUE!$P39 -> 145.8425 | T14: =+T$2*COBERTURA_BOSQUE!$P39 -> 145.8425 | U14: =+U$2*COBERTURA_BOSQUE!$P39 -> 145.8425 | V14: =+V$2*COBERTURA_BOSQUE!$P39 -> 145.8425 | W14: =+W$2*COBERTURA_BOSQUE!$P39 -> 145.8425 | ... AB14: =+AB$2*COBERTURA_BOSQUE!$P39 -> 145.8425
A15: Tierras de cultivo | B15: B. Siempre verde de tierras bajas de la Amazonía | C15: =+C$2*COBERTURA_BOSQUE!C40 -> 5886.3513 | D15: =+D$2*COBERTURA_BOSQUE!D40 -> 6088.7211 | E15: =+E$2*COBERTURA_BOSQUE!E40 -> 6276.7533 | F15: =+F$2*COBERTURA_BOSQUE!F40 -> 6264.7843 | G15: =+G$2*COBERTURA_BOSQUE!G40 -> 6253.3486 | H15: =+H$2*COBERTURA_BOSQUE!H40 -> 4414.2823 | I15: =+I$2*COBERTURA_BOSQUE!I40 -> 2579.9828 | J15: =+J$2*COBERTURA_BOSQUE!J40 -> 3672.2124 | ... N15: =+N$2*COBERTURA_BOSQUE!N40 -> 1138.7503 | O15: =+O$2*COBERTURA_BOSQUE!P40 -> 1138.7503 | P15: =+P$2*COBERTURA_BOSQUE!$P40 -> 1138.7503 | Q15: =+Q$2*COBERTURA_BOSQUE!$P40 -> 1138.7503 | R15: =+R$2*COBERTURA_BOSQUE!$P40 -> 1138.7503 | S15: =+S$2*COBERTURA_BOSQUE!$P40 -> 1138.7503 | T15: =+T$2*COBERTURA_BOSQUE!$P40 -> 1138.7503 | U15: =+U$2*COBERTURA_BOSQUE!$P40 -> 1138.7503 | V15: =+V$2*COBERTURA_BOSQUE!$P40 -> 1138.7503 | W15: =+W$2*COBERTURA_BOSQUE!$P40 -> 1138.7503 | ... AB15: =+AB$2*COBERTURA_BOSQUE!$P40 -> 1138.7503
A16: Tierras de cultivo | B16: B. Siempre verde de tierras bajas del Chocó | C16: =+C$2*COBERTURA_BOSQUE!C41 -> 652.16169 | D16: =+D$2*COBERTURA_BOSQUE!D41 -> 632.85923 | E16: =+E$2*COBERTURA_BOSQUE!E41 -> 614.92433 | F16: =+F$2*COBERTURA_BOSQUE!F41 -> 610.2805 | G16: =+G$2*COBERTURA_BOSQUE!G41 -> 605.84363 | H16: =+H$2*COBERTURA_BOSQUE!H41 -> 414.9654 | I16: =+I$2*COBERTURA_BOSQUE!I41 -> 235.27245 | J16: =+J$2*COBERTURA_BOSQUE!J41 -> 326.63938 | ... N16: =+N$2*COBERTURA_BOSQUE!N41 -> 93.501424 | O16: =+O$2*COBERTURA_BOSQUE!P41 -> 93.501424 | P16: =+P$2*COBERTURA_BOSQUE!$P41 -> 93.501424 | Q16: =+Q$2*COBERTURA_BOSQUE!$P41 -> 93.501424 | R16: =+R$2*COBERTURA_BOSQUE!$P41 -> 93.501424 | S16: =+S$2*COBERTURA_BOSQUE!$P41 -> 93.501424 | T16: =+T$2*COBERTURA_BOSQUE!$P41 -> 93.501424 | U16: =+U$2*COBERTURA_BOSQUE!$P41 -> 93.501424 | V16: =+V$2*COBERTURA_BOSQUE!$P41 -> 93.501424 | W16: =+W$2*COBERTURA_BOSQUE!$P41 -> 93.501424 | ... AB16: =+AB$2*COBERTURA_BOSQUE!$P41 -> 93.501424
A17: Tierras de cultivo | B17: Manglar | C17: =+C$2*COBERTURA_BOSQUE!C42 -> 161.96574 | D17: =+D$2*COBERTURA_BOSQUE!D42 -> 156.84545 | E17: =+E$2*COBERTURA_BOSQUE!E42 -> 152.08793 | F17: =+F$2*COBERTURA_BOSQUE!F42 -> 145.06137 | G17: =+G$2*COBERTURA_BOSQUE!G42 -> 138.34796 | H17: =+H$2*COBERTURA_BOSQUE!H42 -> 101.50906 | I17: =+I$2*COBERTURA_BOSQUE!I42 -> 61.527241 | J17: =+J$2*COBERTURA_BOSQUE!J42 -> 85.265014 | ... N17: =+N$2*COBERTURA_BOSQUE!N42 -> 38.136258 | O17: =+O$2*COBERTURA_BOSQUE!P42 -> 38.136258 | P17: =+P$2*COBERTURA_BOSQUE!$P42 -> 38.136258 | Q17: =+Q$2*COBERTURA_BOSQUE!$P42 -> 38.136258 | R17: =+R$2*COBERTURA_BOSQUE!$P42 -> 38.136258 | S17: =+S$2*COBERTURA_BOSQUE!$P42 -> 38.136258 | T17: =+T$2*COBERTURA_BOSQUE!$P42 -> 38.136258 | U17: =+U$2*COBERTURA_BOSQUE!$P42 -> 38.136258 | V17: =+V$2*COBERTURA_BOSQUE!$P42 -> 38.136258 | W17: =+W$2*COBERTURA_BOSQUE!$P42 -> 38.136258 | ... AB17: =+AB$2*COBERTURA_BOSQUE!$P42 -> 38.136258
A18: Tierras de cultivo | B18: Moretal | C18: =+C$2*COBERTURA_BOSQUE!C43 -> 677.31302 | D18: =+D$2*COBERTURA_BOSQUE!D43 -> 654.6155 | E18: =+E$2*COBERTURA_BOSQUE!E43 -> 633.52606 | F18: =+F$2*COBERTURA_BOSQUE!F43 -> 629.43103 | G18: =+G$2*COBERTURA_BOSQUE!G43 -> 625.5185 | H18: =+H$2*COBERTURA_BOSQUE!H43 -> 446.85695 | I18: =+I$2*COBERTURA_BOSQUE!I43 -> 264.19919 | J18: =+J$2*COBERTURA_BOSQUE!J43 -> 370.40812 | ... N18: =+N$2*COBERTURA_BOSQUE!N43 -> 106.083 | O18: =+O$2*COBERTURA_BOSQUE!P43 -> 106.083 | P18: =+P$2*COBERTURA_BOSQUE!$P43 -> 106.083 | Q18: =+Q$2*COBERTURA_BOSQUE!$P43 -> 106.083 | R18: =+R$2*COBERTURA_BOSQUE!$P43 -> 106.083 | S18: =+S$2*COBERTURA_BOSQUE!$P43 -> 106.083 | T18: =+T$2*COBERTURA_BOSQUE!$P43 -> 106.083 | U18: =+U$2*COBERTURA_BOSQUE!$P43 -> 106.083 | V18: =+V$2*COBERTURA_BOSQUE!$P43 -> 106.083 | W18: =+W$2*COBERTURA_BOSQUE!$P43 -> 106.083 | ... AB18: =+AB$2*COBERTURA_BOSQUE!$P43 -> 106.083
A19: Tierras de cultivo | B19: Plantación forestal | C19: =+C$2*COBERTURA_BOSQUE!C44 -> 95.394368 | D19: =+D$2*COBERTURA_BOSQUE!D44 -> 91.890987 | E19: =+E$2*COBERTURA_BOSQUE!E44 -> 88.635815 | F19: =+F$2*COBERTURA_BOSQUE!F44 -> 86.6157 | G19: =+G$2*COBERTURA_BOSQUE!G44 -> 84.685614 | H19: =+H$2*COBERTURA_BOSQUE!H44 -> 112.06349 | I19: =+I$2*COBERTURA_BOSQUE!I44 -> 95.372917 | J19: =+J$2*COBERTURA_BOSQUE!J44 -> 126.65483 | ... N19: =+N$2*COBERTURA_BOSQUE!N44 -> 44.770358 | O19: =+O$2*COBERTURA_BOSQUE!P44 -> 44.770358 | P19: =+P$2*COBERTURA_BOSQUE!$P44 -> 44.770358 | Q19: =+Q$2*COBERTURA_BOSQUE!$P44 -> 44.770358 | R19: =+R$2*COBERTURA_BOSQUE!$P44 -> 44.770358 | S19: =+S$2*COBERTURA_BOSQUE!$P44 -> 44.770358 | T19: =+T$2*COBERTURA_BOSQUE!$P44 -> 44.770358 | U19: =+U$2*COBERTURA_BOSQUE!$P44 -> 44.770358 | V19: =+V$2*COBERTURA_BOSQUE!$P44 -> 44.770358 | W19: =+W$2*COBERTURA_BOSQUE!$P44 -> 44.770358 | ... AB19: =+AB$2*COBERTURA_BOSQUE!$P44 -> 44.770358
A20: Total | C20: =+SUM(C10:C19) -> 12650.5 | D20: =+SUM(D10:D19) -> 12650.5 | E20: =+SUM(E10:E19) -> 12650.5 | F20: =+SUM(F10:F19) -> 12650.5 | G20: =+SUM(G10:G19) -> 12650.5 | H20: =+SUM(H10:H19) -> 8941.5 | I20: =+SUM(I10:I19) -> 5232.5 | J20: =+SUM(J10:J19) -> 7404.86 | ... AB20: =+SUM(AB10:AB19) -> 2315.79
A22: Pastizales a tierras forestales (hectáreas)
A23: Pastizales | B23: B. Seco Andino | C23: =+C$3*COBERTURA_BOSQUE!C35 -> 4.4070858 | D23: =+D$3*COBERTURA_BOSQUE!D35 -> 4.6076946 | E23: =+E$3*COBERTURA_BOSQUE!E35 -> 4.7940904 | F23: =+F$3*COBERTURA_BOSQUE!F35 -> 4.726154 | G23: =+G$3*COBERTURA_BOSQUE!G35 -> 4.6612453 | H23: =+H$3*COBERTURA_BOSQUE!H35 -> 6.2935281 | I23: =+I$3*COBERTURA_BOSQUE!I35 -> 7.8951476 | J23: =+J$3*COBERTURA_BOSQUE!J35 -> 7.3117365 | ... N23: =+N$3*COBERTURA_BOSQUE!N35 -> 0.12938524 | O23: =+O$3*COBERTURA_BOSQUE!$P35 -> 0.12938524 | P23: =+P$3*COBERTURA_BOSQUE!$P35 -> 0.12938524 | Q23: =+Q$3*COBERTURA_BOSQUE!$P35 -> 0.12938524 | R23: =+R$3*COBERTURA_BOSQUE!$P35 -> 0.12938524 | S23: =+S$3*COBERTURA_BOSQUE!$P35 -> 0.12938524 | T23: =+T$3*COBERTURA_BOSQUE!$P35 -> 0.12938524 | U23: =+U$3*COBERTURA_BOSQUE!$P35 -> 0.12938524 | V23: =+V$3*COBERTURA_BOSQUE!$P35 -> 0.12938524 | ... AB23: =+AB$3*COBERTURA_BOSQUE!$P35 -> 0.12938524
A24: Pastizales | B24: B. Seco Pluvioestacional | C24: =+C$3*COBERTURA_BOSQUE!C36 -> 43.036012 | D24: =+D$3*COBERTURA_BOSQUE!D36 -> 43.391523 | E24: =+E$3*COBERTURA_BOSQUE!E36 -> 43.721846 | F24: =+F$3*COBERTURA_BOSQUE!F36 -> 44.07476 | G24: =+G$3*COBERTURA_BOSQUE!G36 -> 44.411946 | H24: =+H$3*COBERTURA_BOSQUE!H36 -> 59.714768 | I24: =+I$3*COBERTURA_BOSQUE!I36 -> 74.60032 | J24: =+J$3*COBERTURA_BOSQUE!J36 -> 69.186994 | ... N24: =+N$3*COBERTURA_BOSQUE!N36 -> 1.3226616 | O24: =+O$3*COBERTURA_BOSQUE!$P36 -> 1.3226616 | P24: =+P$3*COBERTURA_BOSQUE!$P36 -> 1.3226616 | Q24: =+Q$3*COBERTURA_BOSQUE!$P36 -> 1.3226616 | R24: =+R$3*COBERTURA_BOSQUE!$P36 -> 1.3226616 | S24: =+S$3*COBERTURA_BOSQUE!$P36 -> 1.3226616 | T24: =+T$3*COBERTURA_BOSQUE!$P36 -> 1.3226616 | U24: =+U$3*COBERTURA_BOSQUE!$P36 -> 1.3226616 | V24: =+V$3*COBERTURA_BOSQUE!$P36 -> 1.3226616 | ... AB24: =+AB$3*COBERTURA_BOSQUE!$P36 -> 1.3226616
A25: Pastizales | B25: B. Siempre verde andino Montano | C25: =+C$3*COBERTURA_BOSQUE!C37 -> 411.51456 | D25: =+D$3*COBERTURA_BOSQUE!D37 -> 398.36463 | E25: =+E$3*COBERTURA_BOSQUE!E37 -> 386.14636 | F25: =+F$3*COBERTURA_BOSQUE!F37 -> 388.42753 | G25: =+G$3*COBERTURA_BOSQUE!G37 -> 390.60702 | H25: =+H$3*COBERTURA_BOSQUE!H37 -> 526.23885 | I25: =+I$3*COBERTURA_BOSQUE!I37 -> 658.72348 | J25: =+J$3*COBERTURA_BOSQUE!J37 -> 616.17551 | ... N25: =+N$3*COBERTURA_BOSQUE!N37 -> 11.93284 | O25: =+O$3*COBERTURA_BOSQUE!$P37 -> 11.93284 | P25: =+P$3*COBERTURA_BOSQUE!$P37 -> 11.93284 | Q25: =+Q$3*COBERTURA_BOSQUE!$P37 -> 11.93284 | R25: =+R$3*COBERTURA_BOSQUE!$P37 -> 11.93284 | S25: =+S$3*COBERTURA_BOSQUE!$P37 -> 11.93284 | T25: =+T$3*COBERTURA_BOSQUE!$P37 -> 11.93284 | U25: =+U$3*COBERTURA_BOSQUE!$P37 -> 11.93284 | V25: =+V$3*COBERTURA_BOSQUE!$P37 -> 11.93284 | ... AB25: =+AB$3*COBERTURA_BOSQUE!$P37 -> 11.93284
A26: Pastizales | B26: B. Siempre verde andino Pie montano | C26: =+C$3*COBERTURA_BOSQUE!C38 -> 167.27801 | D26: =+D$3*COBERTURA_BOSQUE!D38 -> 161.4811 | E26: =+E$3*COBERTURA_BOSQUE!E38 -> 156.09489 | F26: =+F$3*COBERTURA_BOSQUE!F38 -> 158.45456 | G26: =+G$3*COBERTURA_BOSQUE!G38 -> 160.70906 | H26: =+H$3*COBERTURA_BOSQUE!H38 -> 216.11356 | I26: =+I$3*COBERTURA_BOSQUE!I38 -> 270.02302 | J26: =+J$3*COBERTURA_BOSQUE!J38 -> 254.59834 | ... N26: =+N$3*COBERTURA_BOSQUE!N38 -> 4.8883044 | O26: =+O$3*COBERTURA_BOSQUE!$P38 -> 4.8883044 | P26: =+P$3*COBERTURA_BOSQUE!$P38 -> 4.8883044 | Q26: =+Q$3*COBERTURA_BOSQUE!$P38 -> 4.8883044 | R26: =+R$3*COBERTURA_BOSQUE!$P38 -> 4.8883044 | S26: =+S$3*COBERTURA_BOSQUE!$P38 -> 4.8883044 | T26: =+T$3*COBERTURA_BOSQUE!$P38 -> 4.8883044 | U26: =+U$3*COBERTURA_BOSQUE!$P38 -> 4.8883044 | V26: =+V$3*COBERTURA_BOSQUE!$P38 -> 4.8883044 | ... AB26: =+AB$3*COBERTURA_BOSQUE!$P38 -> 4.8883044
A27: Pastizales | B27: B. Siempre verde andino de Ceja Andina | C27: =+C$3*COBERTURA_BOSQUE!C39 -> 115.20004 | D27: =+D$3*COBERTURA_BOSQUE!D39 -> 111.85941 | E27: =+E$3*COBERTURA_BOSQUE!E39 -> 108.75545 | F27: =+F$3*COBERTURA_BOSQUE!F39 -> 108.09076 | G27: =+G$3*COBERTURA_BOSQUE!G39 -> 107.45569 | H27: =+H$3*COBERTURA_BOSQUE!H39 -> 145.10521 | I27: =+I$3*COBERTURA_BOSQUE!I39 -> 182.05814 | J27: =+J$3*COBERTURA_BOSQUE!J39 -> 177.07866 | ... N27: =+N$3*COBERTURA_BOSQUE!N39 -> 3.5594843 | O27: =+O$3*COBERTURA_BOSQUE!$P39 -> 3.5594843 | P27: =+P$3*COBERTURA_BOSQUE!$P39 -> 3.5594843 | Q27: =+Q$3*COBERTURA_BOSQUE!$P39 -> 3.5594843 | R27: =+R$3*COBERTURA_BOSQUE!$P39 -> 3.5594843 | S27: =+S$3*COBERTURA_BOSQUE!$P39 -> 3.5594843 | T27: =+T$3*COBERTURA_BOSQUE!$P39 -> 3.5594843 | U27: =+U$3*COBERTURA_BOSQUE!$P39 -> 3.5594843 | V27: =+V$3*COBERTURA_BOSQUE!$P39 -> 3.5594843 | ... AB27: =+AB$3*COBERTURA_BOSQUE!$P39 -> 3.5594843
A28: Pastizales | B28: B. Siempre verde de tierras bajas de la Amazonía | C28: =+C$3*COBERTURA_BOSQUE!C40 -> 842.97595 | D28: =+D$3*COBERTURA_BOSQUE!D40 -> 871.95704 | E28: =+E$3*COBERTURA_BOSQUE!E40 -> 898.88486 | F28: =+F$3*COBERTURA_BOSQUE!F40 -> 897.17079 | G28: =+G$3*COBERTURA_BOSQUE!G40 -> 895.53311 | H28: =+H$3*COBERTURA_BOSQUE!H40 -> 1219.3174 | I28: =+I$3*COBERTURA_BOSQUE!I40 -> 1542.3194 | J28: =+J$3*COBERTURA_BOSQUE!J40 -> 1462.2253 | ... N28: =+N$3*COBERTURA_BOSQUE!N40 -> 27.792747 | O28: =+O$3*COBERTURA_BOSQUE!$P40 -> 27.792747 | P28: =+P$3*COBERTURA_BOSQUE!$P40 -> 27.792747 | Q28: =+Q$3*COBERTURA_BOSQUE!$P40 -> 27.792747 | R28: =+R$3*COBERTURA_BOSQUE!$P40 -> 27.792747 | S28: =+S$3*COBERTURA_BOSQUE!$P40 -> 27.792747 | T28: =+T$3*COBERTURA_BOSQUE!$P40 -> 27.792747 | U28: =+U$3*COBERTURA_BOSQUE!$P40 -> 27.792747 | V28: =+V$3*COBERTURA_BOSQUE!$P40 -> 27.792747 | ... AB28: =+AB$3*COBERTURA_BOSQUE!$P40 -> 27.792747
A29: Pastizales | B29: B. Siempre verde de tierras bajas del Chocó | C29: =+C$3*COBERTURA_BOSQUE!C41 -> 93.395143 | D29: =+D$3*COBERTURA_BOSQUE!D41 -> 90.630865 | E29: =+E$3*COBERTURA_BOSQUE!E41 -> 88.062433 | F29: =+F$3*COBERTURA_BOSQUE!F41 -> 87.397397 | G29: =+G$3*COBERTURA_BOSQUE!G41 -> 86.762 | H29: =+H$3*COBERTURA_BOSQUE!H41 -> 114.62215 | I29: =+I$3*COBERTURA_BOSQUE!I41 -> 140.64639 | J29: =+J$3*COBERTURA_BOSQUE!J41 -> 130.06338 | ... N29: =+N$3*COBERTURA_BOSQUE!N41 -> 2.2820292 | O29: =+O$3*COBERTURA_BOSQUE!$P41 -> 2.2820292 | P29: =+P$3*COBERTURA_BOSQUE!$P41 -> 2.2820292 | Q29: =+Q$3*COBERTURA_BOSQUE!$P41 -> 2.2820292 | R29: =+R$3*COBERTURA_BOSQUE!$P41 -> 2.2820292 | S29: =+S$3*COBERTURA_BOSQUE!$P41 -> 2.2820292 | T29: =+T$3*COBERTURA_BOSQUE!$P41 -> 2.2820292 | U29: =+U$3*COBERTURA_BOSQUE!$P41 -> 2.2820292 | V29: =+V$3*COBERTURA_BOSQUE!$P41 -> 2.2820292 | ... AB29: =+AB$3*COBERTURA_BOSQUE!$P41 -> 2.2820292
A30: Pastizales | B30: Manglar | C30: =+C$3*COBERTURA_BOSQUE!C42 -> 23.194882 | D30: =+D$3*COBERTURA_BOSQUE!D42 -> 22.461613 | E30: =+E$3*COBERTURA_BOSQUE!E42 -> 21.780295 | F30: =+F$3*COBERTURA_BOSQUE!F42 -> 20.774031 | G30: =+G$3*COBERTURA_BOSQUE!G42 -> 19.812613 | H30: =+H$3*COBERTURA_BOSQUE!H42 -> 28.038932 | I30: =+I$3*COBERTURA_BOSQUE!I42 -> 36.78112 | J30: =+J$3*COBERTURA_BOSQUE!J42 -> 33.951374 | ... N30: =+N$3*COBERTURA_BOSQUE!N42 -> 0.93076716 | O30: =+O$3*COBERTURA_BOSQUE!$P42 -> 0.93076716 | P30: =+P$3*COBERTURA_BOSQUE!$P42 -> 0.93076716 | Q30: =+Q$3*COBERTURA_BOSQUE!$P42 -> 0.93076716 | R30: =+R$3*COBERTURA_BOSQUE!$P42 -> 0.93076716 | S30: =+S$3*COBERTURA_BOSQUE!$P42 -> 0.93076716 | T30: =+T$3*COBERTURA_BOSQUE!$P42 -> 0.93076716 | U30: =+U$3*COBERTURA_BOSQUE!$P42 -> 0.93076716 | V30: =+V$3*COBERTURA_BOSQUE!$P42 -> 0.93076716 | ... AB30: =+AB$3*COBERTURA_BOSQUE!$P42 -> 0.93076716
A31: Pastizales | B31: Moretal | C31: =+C$3*COBERTURA_BOSQUE!C43 -> 96.997028 | D31: =+D$3*COBERTURA_BOSQUE!D43 -> 93.746549 | E31: =+E$3*COBERTURA_BOSQUE!E43 -> 90.726361 | F31: =+F$3*COBERTURA_BOSQUE!F43 -> 90.139917 | G31: =+G$3*COBERTURA_BOSQUE!G43 -> 89.579609 | H31: =+H$3*COBERTURA_BOSQUE!H43 -> 123.43127 | I31: =+I$3*COBERTURA_BOSQUE!I43 -> 157.93886 | J31: =+J$3*COBERTURA_BOSQUE!J43 -> 147.4915 | ... N31: =+N$3*COBERTURA_BOSQUE!N43 -> 2.5890997 | O31: =+O$3*COBERTURA_BOSQUE!$P43 -> 2.5890997 | P31: =+P$3*COBERTURA_BOSQUE!$P43 -> 2.5890997 | Q31: =+Q$3*COBERTURA_BOSQUE!$P43 -> 2.5890997 | R31: =+R$3*COBERTURA_BOSQUE!$P43 -> 2.5890997 | S31: =+S$3*COBERTURA_BOSQUE!$P43 -> 2.5890997 | T31: =+T$3*COBERTURA_BOSQUE!$P43 -> 2.5890997 | U31: =+U$3*COBERTURA_BOSQUE!$P43 -> 2.5890997 | V31: =+V$3*COBERTURA_BOSQUE!$P43 -> 2.5890997 | ... AB31: =+AB$3*COBERTURA_BOSQUE!$P43 -> 2.5890997
A32: Pastizales | B32: Plantación forestal | C32: =+C$3*COBERTURA_BOSQUE!C44 -> 13.661291 | D32: =+D$3*COBERTURA_BOSQUE!D44 -> 13.159577 | E32: =+E$3*COBERTURA_BOSQUE!E44 -> 12.693408 | F32: =+F$3*COBERTURA_BOSQUE!F44 -> 12.40411 | G32: =+G$3*COBERTURA_BOSQUE!G44 -> 12.127706 | H32: =+H$3*COBERTURA_BOSQUE!H44 -> 30.954288 | I32: =+I$3*COBERTURA_BOSQUE!I44 -> 57.014139 | J32: =+J$3*COBERTURA_BOSQUE!J44 -> 50.432238 | ... N32: =+N$3*COBERTURA_BOSQUE!N44 -> 1.0926814 | O32: =+O$3*COBERTURA_BOSQUE!$P44 -> 1.0926814 | P32: =+P$3*COBERTURA_BOSQUE!$P44 -> 1.0926814 | Q32: =+Q$3*COBERTURA_BOSQUE!$P44 -> 1.0926814 | R32: =+R$3*COBERTURA_BOSQUE!$P44 -> 1.0926814 | S32: =+S$3*COBERTURA_BOSQUE!$P44 -> 1.0926814 | T32: =+T$3*COBERTURA_BOSQUE!$P44 -> 1.0926814 | U32: =+U$3*COBERTURA_BOSQUE!$P44 -> 1.0926814 | V32: =+V$3*COBERTURA_BOSQUE!$P44 -> 1.0926814 | ... AB32: =+AB$3*COBERTURA_BOSQUE!$P44 -> 1.0926814
A33: Total | C33: =+SUM(C23:C32) -> 1811.66 | D33: =+SUM(D23:D32) -> 1811.66 | E33: =+SUM(E23:E32) -> 1811.66 | F33: =+SUM(F23:F32) -> 1811.66 | G33: =+SUM(G23:G32) -> 1811.66 | H33: =+SUM(H23:H32) -> 2469.83 | I33: =+SUM(I23:I32) -> 3128 | J33: =+SUM(J23:J32) -> 2948.515 | ... AB33: =+SUM(AB23:AB32) -> 56.52
A35: Humedales a tierras forestales (hectáreas)
A36: Humedales | B36: B. Seco Andino | C36: =+C$4*COBERTURA_BOSQUE!C35 -> 0.090396272 | D36: =+D$4*COBERTURA_BOSQUE!D35 -> 0.094511073 | E36: =+E$4*COBERTURA_BOSQUE!E35 -> 0.098334346 | F36: =+F$4*COBERTURA_BOSQUE!F35 -> 0.096940863 | G36: =+G$4*COBERTURA_BOSQUE!G35 -> 0.095609484 | H36: =+H$4*COBERTURA_BOSQUE!H35 -> 0.10021923 | I36: =+I$4*COBERTURA_BOSQUE!I35 -> 0.104747 | J36: =+J$4*COBERTURA_BOSQUE!J35 -> 0.10206869 | ... N36: =+N$4*COBERTURA_BOSQUE!N35 -> 0.027813706 | O36: =+O$4*COBERTURA_BOSQUE!$P35 -> 0.027813706 | P36: =+P$4*COBERTURA_BOSQUE!$P35 -> 0.027813706 | Q36: =+Q$4*COBERTURA_BOSQUE!$P35 -> 0.027813706 | R36: =+R$4*COBERTURA_BOSQUE!$P35 -> 0.027813706 | S36: =+S$4*COBERTURA_BOSQUE!$P35 -> 0.027813706 | T36: =+T$4*COBERTURA_BOSQUE!$P35 -> 0.027813706 | U36: =+U$4*COBERTURA_BOSQUE!$P35 -> 0.027813706 | V36: =+V$4*COBERTURA_BOSQUE!$P35 -> 0.027813706 | ... AB36: =+AB$4*COBERTURA_BOSQUE!$P35 -> 0.027813706
A37: Humedales | B37: B. Seco Pluvioestacional | C37: =+C$4*COBERTURA_BOSQUE!C36 -> 0.8827364 | D37: =+D$4*COBERTURA_BOSQUE!D36 -> 0.89002847 | E37: =+E$4*COBERTURA_BOSQUE!E36 -> 0.89680392 | F37: =+F$4*COBERTURA_BOSQUE!F36 -> 0.90404275 | G37: =+G$4*COBERTURA_BOSQUE!G36 -> 0.91095897 | H37: =+H$4*COBERTURA_BOSQUE!H36 -> 0.95090829 | I37: =+I$4*COBERTURA_BOSQUE!I36 -> 0.9897421 | J37: =+J$4*COBERTURA_BOSQUE!J36 -> 0.96582065 | ... N37: =+N$4*COBERTURA_BOSQUE!N36 -> 0.28433013 | O37: =+O$4*COBERTURA_BOSQUE!$P36 -> 0.28433013 | P37: =+P$4*COBERTURA_BOSQUE!$P36 -> 0.28433013 | Q37: =+Q$4*COBERTURA_BOSQUE!$P36 -> 0.28433013 | R37: =+R$4*COBERTURA_BOSQUE!$P36 -> 0.28433013 | S37: =+S$4*COBERTURA_BOSQUE!$P36 -> 0.28433013 | T37: =+T$4*COBERTURA_BOSQUE!$P36 -> 0.28433013 | U37: =+U$4*COBERTURA_BOSQUE!$P36 -> 0.28433013 | V37: =+V$4*COBERTURA_BOSQUE!$P36 -> 0.28433013 | ... AB37: =+AB$4*COBERTURA_BOSQUE!$P36 -> 0.28433013
A38: Humedales | B38: B. Siempre verde andino Montano | C38: =+C$4*COBERTURA_BOSQUE!C37 -> 8.4408118 | D38: =+D$4*COBERTURA_BOSQUE!D37 -> 8.1710861 | E38: =+E$4*COBERTURA_BOSQUE!E37 -> 7.9204701 | F38: =+F$4*COBERTURA_BOSQUE!F37 -> 7.9672603 | G38: =+G$4*COBERTURA_BOSQUE!G37 -> 8.0119653 | H38: =+H$4*COBERTURA_BOSQUE!H37 -> 8.3799184 | I38: =+I$4*COBERTURA_BOSQUE!I37 -> 8.7394579 | J38: =+J$4*COBERTURA_BOSQUE!J37 -> 8.6015448 | ... N38: =+N$4*COBERTURA_BOSQUE!N37 -> 2.5651805 | O38: =+O$4*COBERTURA_BOSQUE!$P37 -> 2.5651805 | P38: =+P$4*COBERTURA_BOSQUE!$P37 -> 2.5651805 | Q38: =+Q$4*COBERTURA_BOSQUE!$P37 -> 2.5651805 | R38: =+R$4*COBERTURA_BOSQUE!$P37 -> 2.5651805 | S38: =+S$4*COBERTURA_BOSQUE!$P37 -> 2.5651805 | T38: =+T$4*COBERTURA_BOSQUE!$P37 -> 2.5651805 | U38: =+U$4*COBERTURA_BOSQUE!$P37 -> 2.5651805 | V38: =+V$4*COBERTURA_BOSQUE!$P37 -> 2.5651805 | ... AB38: =+AB$4*COBERTURA_BOSQUE!$P37 -> 2.5651805
A39: Humedales | B39: B. Siempre verde andino Pie montano | C39: =+C$4*COBERTURA_BOSQUE!C38 -> 3.4311356 | D39: =+D$4*COBERTURA_BOSQUE!D38 -> 3.3122317 | E39: =+E$4*COBERTURA_BOSQUE!E38 -> 3.2017521 | F39: =+F$4*COBERTURA_BOSQUE!F38 -> 3.2501525 | G39: =+G$4*COBERTURA_BOSQUE!G38 -> 3.296396 | H39: =+H$4*COBERTURA_BOSQUE!H38 -> 3.4414296 | I39: =+I$4*COBERTURA_BOSQUE!I38 -> 3.5824666 | J39: =+J$4*COBERTURA_BOSQUE!J38 -> 3.5540833 | ... N39: =+N$4*COBERTURA_BOSQUE!N38 -> 1.0508298 | O39: =+O$4*COBERTURA_BOSQUE!$P38 -> 1.0508298 | P39: =+P$4*COBERTURA_BOSQUE!$P38 -> 1.0508298 | Q39: =+Q$4*COBERTURA_BOSQUE!$P38 -> 1.0508298 | R39: =+R$4*COBERTURA_BOSQUE!$P38 -> 1.0508298 | S39: =+S$4*COBERTURA_BOSQUE!$P38 -> 1.0508298 | T39: =+T$4*COBERTURA_BOSQUE!$P38 -> 1.0508298 | U39: =+U$4*COBERTURA_BOSQUE!$P38 -> 1.0508298 | V39: =+V$4*COBERTURA_BOSQUE!$P38 -> 1.0508298 | ... AB39: =+AB$4*COBERTURA_BOSQUE!$P38 -> 1.0508298
A40: Humedales | B40: B. Siempre verde andino de Ceja Andina | C40: =+C$4*COBERTURA_BOSQUE!C39 -> 2.3629342 | D40: =+D$4*COBERTURA_BOSQUE!D39 -> 2.2944126 | E40: =+E$4*COBERTURA_BOSQUE!E39 -> 2.2307457 | F40: =+F$4*COBERTURA_BOSQUE!F39 -> 2.2171117 | G40: =+G$4*COBERTURA_BOSQUE!G39 -> 2.2040854 | H40: =+H$4*COBERTURA_BOSQUE!H39 -> 2.3106805 | I40: =+I$4*COBERTURA_BOSQUE!I39 -> 2.4154133 | J40: =+J$4*COBERTURA_BOSQUE!J39 -> 2.4719419 | ... N40: =+N$4*COBERTURA_BOSQUE!N39 -> 0.76517577 | O40: =+O$4*COBERTURA_BOSQUE!$P39 -> 0.76517577 | P40: =+P$4*COBERTURA_BOSQUE!$P39 -> 0.76517577 | Q40: =+Q$4*COBERTURA_BOSQUE!$P39 -> 0.76517577 | R40: =+R$4*COBERTURA_BOSQUE!$P39 -> 0.76517577 | S40: =+S$4*COBERTURA_BOSQUE!$P39 -> 0.76517577 | T40: =+T$4*COBERTURA_BOSQUE!$P39 -> 0.76517577 | U40: =+U$4*COBERTURA_BOSQUE!$P39 -> 0.76517577 | V40: =+V$4*COBERTURA_BOSQUE!$P39 -> 0.76517577 | ... AB40: =+AB$4*COBERTURA_BOSQUE!$P39 -> 0.76517577
A41: Humedales | B41: B. Siempre verde de tierras bajas de la Amazonía | C41: =+C$4*COBERTURA_BOSQUE!C40 -> 17.290764 | D41: =+D$4*COBERTURA_BOSQUE!D40 -> 17.885212 | E41: =+E$4*COBERTURA_BOSQUE!E40 -> 18.437544 | F41: =+F$4*COBERTURA_BOSQUE!F40 -> 18.402386 | G41: =+G$4*COBERTURA_BOSQUE!G40 -> 18.368795 | H41: =+H$4*COBERTURA_BOSQUE!H40 -> 19.416622 | I41: =+I$4*COBERTURA_BOSQUE!I40 -> 20.462358 | J41: =+J$4*COBERTURA_BOSQUE!J40 -> 20.412035 | ... N41: =+N$4*COBERTURA_BOSQUE!N40 -> 5.9745555 | O41: =+O$4*COBERTURA_BOSQUE!$P40 -> 5.9745555 | P41: =+P$4*COBERTURA_BOSQUE!$P40 -> 5.9745555 | Q41: =+Q$4*COBERTURA_BOSQUE!$P40 -> 5.9745555 | R41: =+R$4*COBERTURA_BOSQUE!$P40 -> 5.9745555 | S41: =+S$4*COBERTURA_BOSQUE!$P40 -> 5.9745555 | T41: =+T$4*COBERTURA_BOSQUE!$P40 -> 5.9745555 | U41: =+U$4*COBERTURA_BOSQUE!$P40 -> 5.9745555 | V41: =+V$4*COBERTURA_BOSQUE!$P40 -> 5.9745555 | ... AB41: =+AB$4*COBERTURA_BOSQUE!$P40 -> 5.9745555
A42: Humedales | B42: B. Siempre verde de tierras bajas del Chocó | C42: =+C$4*COBERTURA_BOSQUE!C41 -> 1.9156815 | D42: =+D$4*COBERTURA_BOSQUE!D41 -> 1.8589818 | E42: =+E$4*COBERTURA_BOSQUE!E41 -> 1.8062992 | F42: =+F$4*COBERTURA_BOSQUE!F41 -> 1.7926583 | G42: =+G$4*COBERTURA_BOSQUE!G41 -> 1.7796253 | H42: =+H$4*COBERTURA_BOSQUE!H41 -> 1.825263 | I42: =+I$4*COBERTURA_BOSQUE!I41 -> 1.8659927 | J42: =+J$4*COBERTURA_BOSQUE!J41 -> 1.8156288 | ... N42: =+N$4*COBERTURA_BOSQUE!N41 -> 0.49056361 | O42: =+O$4*COBERTURA_BOSQUE!$P41 -> 0.49056361 | P42: =+P$4*COBERTURA_BOSQUE!$P41 -> 0.49056361 | Q42: =+Q$4*COBERTURA_BOSQUE!$P41 -> 0.49056361 | R42: =+R$4*COBERTURA_BOSQUE!$P41 -> 0.49056361 | S42: =+S$4*COBERTURA_BOSQUE!$P41 -> 0.49056361 | T42: =+T$4*COBERTURA_BOSQUE!$P41 -> 0.49056361 | U42: =+U$4*COBERTURA_BOSQUE!$P41 -> 0.49056361 | V42: =+V$4*COBERTURA_BOSQUE!$P41 -> 0.49056361 | ... AB42: =+AB$4*COBERTURA_BOSQUE!$P41 -> 0.49056361
A43: Humedales | B43: Manglar | C43: =+C$4*COBERTURA_BOSQUE!C42 -> 0.47576357 | D43: =+D$4*COBERTURA_BOSQUE!D42 -> 0.46072306 | E43: =+E$4*COBERTURA_BOSQUE!E42 -> 0.44674815 | F43: =+F$4*COBERTURA_BOSQUE!F42 -> 0.42610809 | G43: =+G$4*COBERTURA_BOSQUE!G42 -> 0.40638789 | H43: =+H$4*COBERTURA_BOSQUE!H42 -> 0.4464968 | I43: =+I$4*COBERTURA_BOSQUE!I42 -> 0.48798481 | J43: =+J$4*COBERTURA_BOSQUE!J42 -> 0.47394657 | ... N43: =+N$4*COBERTURA_BOSQUE!N42 -> 0.2000853 | O43: =+O$4*COBERTURA_BOSQUE!$P42 -> 0.2000853 | P43: =+P$4*COBERTURA_BOSQUE!$P42 -> 0.2000853 | Q43: =+Q$4*COBERTURA_BOSQUE!$P42 -> 0.2000853 | R43: =+R$4*COBERTURA_BOSQUE!$P42 -> 0.2000853 | S43: =+S$4*COBERTURA_BOSQUE!$P42 -> 0.2000853 | T43: =+T$4*COBERTURA_BOSQUE!$P42 -> 0.2000853 | U43: =+U$4*COBERTURA_BOSQUE!$P42 -> 0.2000853 | V43: =+V$4*COBERTURA_BOSQUE!$P42 -> 0.2000853 | ... AB43: =+AB$4*COBERTURA_BOSQUE!$P42 -> 0.2000853
A44: Humedales | B44: Moretal | C44: =+C$4*COBERTURA_BOSQUE!C43 -> 1.9895618 | D44: =+D$4*COBERTURA_BOSQUE!D43 -> 1.9228894 | E44: =+E$4*COBERTURA_BOSQUE!E43 -> 1.8609406 | F44: =+F$4*COBERTURA_BOSQUE!F43 -> 1.8489117 | G44: =+G$4*COBERTURA_BOSQUE!G43 -> 1.8374189 | H44: =+H$4*COBERTURA_BOSQUE!H43 -> 1.9655409 | I44: =+I$4*COBERTURA_BOSQUE!I43 -> 2.0954164 | J44: =+J$4*COBERTURA_BOSQUE!J43 -> 2.0589178 | ... N44: =+N$4*COBERTURA_BOSQUE!N43 -> 0.55657399 | O44: =+O$4*COBERTURA_BOSQUE!$P43 -> 0.55657399 | P44: =+P$4*COBERTURA_BOSQUE!$P43 -> 0.55657399 | Q44: =+Q$4*COBERTURA_BOSQUE!$P43 -> 0.55657399 | R44: =+R$4*COBERTURA_BOSQUE!$P43 -> 0.55657399 | S44: =+S$4*COBERTURA_BOSQUE!$P43 -> 0.55657399 | T44: =+T$4*COBERTURA_BOSQUE!$P43 -> 0.55657399 | U44: =+U$4*COBERTURA_BOSQUE!$P43 -> 0.55657399 | V44: =+V$4*COBERTURA_BOSQUE!$P43 -> 0.55657399 | ... AB44: =+AB$4*COBERTURA_BOSQUE!$P43 -> 0.55657399
A45: Humedales | B45: Plantación forestal | C45: =+C$4*COBERTURA_BOSQUE!C44 -> 0.28021459 | D45: =+D$4*COBERTURA_BOSQUE!D44 -> 0.26992364 | E45: =+E$4*COBERTURA_BOSQUE!E44 -> 0.2603618 | F45: =+F$4*COBERTURA_BOSQUE!F44 -> 0.25442784 | G45: =+G$4*COBERTURA_BOSQUE!G44 -> 0.24875834 | H45: =+H$4*COBERTURA_BOSQUE!H44 -> 0.49292143 | I45: =+I$4*COBERTURA_BOSQUE!I44 -> 0.75642161 | J45: =+J$4*COBERTURA_BOSQUE!J44 -> 0.70401233 | ... N45: =+N$4*COBERTURA_BOSQUE!N44 -> 0.2348917 | O45: =+O$4*COBERTURA_BOSQUE!$P44 -> 0.2348917 | P45: =+P$4*COBERTURA_BOSQUE!$P44 -> 0.2348917 | Q45: =+Q$4*COBERTURA_BOSQUE!$P44 -> 0.2348917 | R45: =+R$4*COBERTURA_BOSQUE!$P44 -> 0.2348917 | S45: =+S$4*COBERTURA_BOSQUE!$P44 -> 0.2348917 | T45: =+T$4*COBERTURA_BOSQUE!$P44 -> 0.2348917 | U45: =+U$4*COBERTURA_BOSQUE!$P44 -> 0.2348917 | V45: =+V$4*COBERTURA_BOSQUE!$P44 -> 0.2348917 | ... AB45: =+AB$4*COBERTURA_BOSQUE!$P44 -> 0.2348917
A46: Total | C46: =+SUM(C36:C45) -> 37.16 | D46: =+SUM(D36:D45) -> 37.16 | E46: =+SUM(E36:E45) -> 37.16 | F46: =+SUM(F36:F45) -> 37.16 | G46: =+SUM(G36:G45) -> 37.16 | H46: =+SUM(H36:H45) -> 39.33 | I46: =+SUM(I36:I45) -> 41.5 | J46: =+SUM(J36:J45) -> 41.16 | ... AB46: =+SUM(AB36:AB45) -> 12.15
A48: Otras tierras a tierras forestales (hectáreas)
A49: Otras tierras | B49: B. Seco Andino | C49: =+C$6*COBERTURA_BOSQUE!C35 -> 0.019047438 | D49: =+D$6*COBERTURA_BOSQUE!D35 -> 0.01991447 | E49: =+E$6*COBERTURA_BOSQUE!E35 -> 0.020720073 | F49: =+F$6*COBERTURA_BOSQUE!F35 -> 0.020426452 | G49: =+G$6*COBERTURA_BOSQUE!G35 -> 0.020145916 | H49: =+H$6*COBERTURA_BOSQUE!H35 -> 0.039279925 | I49: =+I$6*COBERTURA_BOSQUE!I35 -> 0.058052556 | J49: =+J$6*COBERTURA_BOSQUE!J35 -> 0.15562004 | ... N49: =+N$6*COBERTURA_BOSQUE!N35 -> 0.087470101 | O49: =+O$6*COBERTURA_BOSQUE!$P35 -> 0.087470101 | P49: =+P$6*COBERTURA_BOSQUE!$P35 -> 0.087470101 | Q49: =+Q$6*COBERTURA_BOSQUE!$P35 -> 0.087470101 | R49: =+R$6*COBERTURA_BOSQUE!$P35 -> 0.087470101 | S49: =+S$6*COBERTURA_BOSQUE!$P35 -> 0.087470101 | T49: =+T$6*COBERTURA_BOSQUE!$P35 -> 0.087470101 | U49: =+U$6*COBERTURA_BOSQUE!$P35 -> 0.087470101 | V49: =+V$6*COBERTURA_BOSQUE!$P35 -> 0.087470101 | ... AB49: =+AB$6*COBERTURA_BOSQUE!$P35 -> 0.087470101
A50: Otras tierras | B50: B. Seco Pluvioestacional | C50: =+C$6*COBERTURA_BOSQUE!C36 -> 0.18600178 | D50: =+D$6*COBERTURA_BOSQUE!D36 -> 0.18753829 | E50: =+E$6*COBERTURA_BOSQUE!E36 -> 0.18896595 | F50: =+F$6*COBERTURA_BOSQUE!F36 -> 0.19049125 | G50: =+G$6*COBERTURA_BOSQUE!G36 -> 0.19194857 | H50: =+H$6*COBERTURA_BOSQUE!H36 -> 0.37269899 | I50: =+I$6*COBERTURA_BOSQUE!I36 -> 0.54853176 | J50: =+J$6*COBERTURA_BOSQUE!J36 -> 1.472548 | ... N50: =+N$6*COBERTURA_BOSQUE!N36 -> 0.8941773 | O50: =+O$6*COBERTURA_BOSQUE!$P36 -> 0.8941773 | P50: =+P$6*COBERTURA_BOSQUE!$P36 -> 0.8941773 | Q50: =+Q$6*COBERTURA_BOSQUE!$P36 -> 0.8941773 | R50: =+R$6*COBERTURA_BOSQUE!$P36 -> 0.8941773 | S50: =+S$6*COBERTURA_BOSQUE!$P36 -> 0.8941773 | T50: =+T$6*COBERTURA_BOSQUE!$P36 -> 0.8941773 | U50: =+U$6*COBERTURA_BOSQUE!$P36 -> 0.8941773 | V50: =+V$6*COBERTURA_BOSQUE!$P36 -> 0.8941773 | ... AB50: =+AB$6*COBERTURA_BOSQUE!$P36 -> 0.8941773
A51: Otras tierras | B51: B. Siempre verde andino Montano | C51: =+C$6*COBERTURA_BOSQUE!C37 -> 1.7785672 | D51: =+D$6*COBERTURA_BOSQUE!D37 -> 1.7217332 | E51: =+E$6*COBERTURA_BOSQUE!E37 -> 1.6689257 | F51: =+F$6*COBERTURA_BOSQUE!F37 -> 1.6787849 | G51: =+G$6*COBERTURA_BOSQUE!G37 -> 1.6882047 | H51: =+H$6*COBERTURA_BOSQUE!H37 -> 3.2844252 | I51: =+I$6*COBERTURA_BOSQUE!I37 -> 4.843555 | J51: =+J$6*COBERTURA_BOSQUE!J37 -> 13.11443 | ... N51: =+N$6*COBERTURA_BOSQUE!N37 -> 8.0671233 | O51: =+O$6*COBERTURA_BOSQUE!$P37 -> 8.0671233 | P51: =+P$6*COBERTURA_BOSQUE!$P37 -> 8.0671233 | Q51: =+Q$6*COBERTURA_BOSQUE!$P37 -> 8.0671233 | R51: =+R$6*COBERTURA_BOSQUE!$P37 -> 8.0671233 | S51: =+S$6*COBERTURA_BOSQUE!$P37 -> 8.0671233 | T51: =+T$6*COBERTURA_BOSQUE!$P37 -> 8.0671233 | U51: =+U$6*COBERTURA_BOSQUE!$P37 -> 8.0671233 | V51: =+V$6*COBERTURA_BOSQUE!$P37 -> 8.0671233 | ... AB51: =+AB$6*COBERTURA_BOSQUE!$P37 -> 8.0671233
A52: Otras tierras | B52: B. Siempre verde andino Pie montano | C52: =+C$6*COBERTURA_BOSQUE!C38 -> 0.72297609 | D52: =+D$6*COBERTURA_BOSQUE!D38 -> 0.69792181 | E52: =+E$6*COBERTURA_BOSQUE!E38 -> 0.67464259 | F52: =+F$6*COBERTURA_BOSQUE!F38 -> 0.68484108 | G52: =+G$6*COBERTURA_BOSQUE!G38 -> 0.69458505 | H52: =+H$6*COBERTURA_BOSQUE!H38 -> 1.3488339 | I52: =+I$6*COBERTURA_BOSQUE!I38 -> 1.9854634 | J52: =+J$6*COBERTURA_BOSQUE!J38 -> 5.4187681 | ... N52: =+N$6*COBERTURA_BOSQUE!N38 -> 3.3047083 | O52: =+O$6*COBERTURA_BOSQUE!$P38 -> 3.3047083 | P52: =+P$6*COBERTURA_BOSQUE!$P38 -> 3.3047083 | Q52: =+Q$6*COBERTURA_BOSQUE!$P38 -> 3.3047083 | R52: =+R$6*COBERTURA_BOSQUE!$P38 -> 3.3047083 | S52: =+S$6*COBERTURA_BOSQUE!$P38 -> 3.3047083 | T52: =+T$6*COBERTURA_BOSQUE!$P38 -> 3.3047083 | U52: =+U$6*COBERTURA_BOSQUE!$P38 -> 3.3047083 | V52: =+V$6*COBERTURA_BOSQUE!$P38 -> 3.3047083 | ... AB52: =+AB$6*COBERTURA_BOSQUE!$P38 -> 3.3047083
A53: Otras tierras | B53: B. Siempre verde andino de Ceja Andina | C53: =+C$6*COBERTURA_BOSQUE!C39 -> 0.49789491 | D53: =+D$6*COBERTURA_BOSQUE!D39 -> 0.48345669 | E53: =+E$6*COBERTURA_BOSQUE!E39 -> 0.4700414 | F53: =+F$6*COBERTURA_BOSQUE!F39 -> 0.46716859 | G53: =+G$6*COBERTURA_BOSQUE!G39 -> 0.46442381 | H53: =+H$6*COBERTURA_BOSQUE!H39 -> 0.90564808 | I53: =+I$6*COBERTURA_BOSQUE!I39 -> 1.3386628 | J53: =+J$6*COBERTURA_BOSQUE!J39 -> 3.7688706 | ... N53: =+N$6*COBERTURA_BOSQUE!N39 -> 2.4063676 | O53: =+O$6*COBERTURA_BOSQUE!$P39 -> 2.4063676 | P53: =+P$6*COBERTURA_BOSQUE!$P39 -> 2.4063676 | Q53: =+Q$6*COBERTURA_BOSQUE!$P39 -> 2.4063676 | R53: =+R$6*COBERTURA_BOSQUE!$P39 -> 2.4063676 | S53: =+S$6*COBERTURA_BOSQUE!$P39 -> 2.4063676 | T53: =+T$6*COBERTURA_BOSQUE!$P39 -> 2.4063676 | U53: =+U$6*COBERTURA_BOSQUE!$P39 -> 2.4063676 | V53: =+V$6*COBERTURA_BOSQUE!$P39 -> 2.4063676 | ... AB53: =+AB$6*COBERTURA_BOSQUE!$P39 -> 2.4063676
A54: Otras tierras | B54: B. Siempre verde de tierras bajas de la Amazonía | C54: =+C$6*COBERTURA_BOSQUE!C40 -> 3.6433446 | D54: =+D$6*COBERTURA_BOSQUE!D40 -> 3.7686009 | E54: =+E$6*COBERTURA_BOSQUE!E40 -> 3.8849831 | F54: =+F$6*COBERTURA_BOSQUE!F40 -> 3.8775749 | G54: =+G$6*COBERTURA_BOSQUE!G40 -> 3.8704968 | H54: =+H$6*COBERTURA_BOSQUE!H40 -> 7.6101507 | I54: =+I$6*COBERTURA_BOSQUE!I40 -> 11.340584 | J54: =+J$6*COBERTURA_BOSQUE!J40 -> 31.121411 | ... N54: =+N$6*COBERTURA_BOSQUE!N40 -> 18.789117 | O54: =+O$6*COBERTURA_BOSQUE!$P40 -> 18.789117 | P54: =+P$6*COBERTURA_BOSQUE!$P40 -> 18.789117 | Q54: =+Q$6*COBERTURA_BOSQUE!$P40 -> 18.789117 | R54: =+R$6*COBERTURA_BOSQUE!$P40 -> 18.789117 | S54: =+S$6*COBERTURA_BOSQUE!$P40 -> 18.789117 | T54: =+T$6*COBERTURA_BOSQUE!$P40 -> 18.789117 | U54: =+U$6*COBERTURA_BOSQUE!$P40 -> 18.789117 | V54: =+V$6*COBERTURA_BOSQUE!$P40 -> 18.789117 | ... AB54: =+AB$6*COBERTURA_BOSQUE!$P40 -> 18.789117
A55: Otras tierras | B55: B. Siempre verde de tierras bajas del Chocó | C55: =+C$6*COBERTURA_BOSQUE!C41 -> 0.40365409 | D55: =+D$6*COBERTURA_BOSQUE!D41 -> 0.39170687 | E55: =+E$6*COBERTURA_BOSQUE!E41 -> 0.3806061 | F55: =+F$6*COBERTURA_BOSQUE!F41 -> 0.37773181 | G55: =+G$6*COBERTURA_BOSQUE!G41 -> 0.37498563 | H55: =+H$6*COBERTURA_BOSQUE!H41 -> 0.71539357 | I55: =+I$6*COBERTURA_BOSQUE!I41 -> 1.0341646 | J55: =+J$6*COBERTURA_BOSQUE!J41 -> 2.7682163 | ... N55: =+N$6*COBERTURA_BOSQUE!N41 -> 1.5427519 | O55: =+O$6*COBERTURA_BOSQUE!$P41 -> 1.5427519 | P55: =+P$6*COBERTURA_BOSQUE!$P41 -> 1.5427519 | Q55: =+Q$6*COBERTURA_BOSQUE!$P41 -> 1.5427519 | R55: =+R$6*COBERTURA_BOSQUE!$P41 -> 1.5427519 | S55: =+S$6*COBERTURA_BOSQUE!$P41 -> 1.5427519 | T55: =+T$6*COBERTURA_BOSQUE!$P41 -> 1.5427519 | U55: =+U$6*COBERTURA_BOSQUE!$P41 -> 1.5427519 | V55: =+V$6*COBERTURA_BOSQUE!$P41 -> 1.5427519 | ... AB55: =+AB$6*COBERTURA_BOSQUE!$P41 -> 1.5427519
A56: Otras tierras | B56: Manglar | C56: =+C$6*COBERTURA_BOSQUE!C42 -> 0.10024835 | D56: =+D$6*COBERTURA_BOSQUE!D42 -> 0.097079159 | E56: =+E$6*COBERTURA_BOSQUE!E42 -> 0.094134499 | F56: =+F$6*COBERTURA_BOSQUE!F42 -> 0.089785424 | G56: =+G$6*COBERTURA_BOSQUE!G42 -> 0.085630172 | H56: =+H$6*COBERTURA_BOSQUE!H42 -> 0.17499995 | I56: =+I$6*COBERTURA_BOSQUE!I42 -> 0.27044941 | J56: =+J$6*COBERTURA_BOSQUE!J42 -> 0.72260731 | ... N56: =+N$6*COBERTURA_BOSQUE!N42 -> 0.62923944 | O56: =+O$6*COBERTURA_BOSQUE!$P42 -> 0.62923944 | P56: =+P$6*COBERTURA_BOSQUE!$P42 -> 0.62923944 | Q56: =+Q$6*COBERTURA_BOSQUE!$P42 -> 0.62923944 | R56: =+R$6*COBERTURA_BOSQUE!$P42 -> 0.62923944 | S56: =+S$6*COBERTURA_BOSQUE!$P42 -> 0.62923944 | T56: =+T$6*COBERTURA_BOSQUE!$P42 -> 0.62923944 | U56: =+U$6*COBERTURA_BOSQUE!$P42 -> 0.62923944 | V56: =+V$6*COBERTURA_BOSQUE!$P42 -> 0.62923944 | ... AB56: =+AB$6*COBERTURA_BOSQUE!$P42 -> 0.62923944
A57: Otras tierras | B57: Moretal | C57: =+C$6*COBERTURA_BOSQUE!C43 -> 0.41922145 | D57: =+D$6*COBERTURA_BOSQUE!D43 -> 0.40517287 | E57: =+E$6*COBERTURA_BOSQUE!E43 -> 0.39211961 | F57: =+F$6*COBERTURA_BOSQUE!F43 -> 0.38958499 | G57: =+G$6*COBERTURA_BOSQUE!G43 -> 0.38716334 | H57: =+H$6*COBERTURA_BOSQUE!H43 -> 0.77037408 | I57: =+I$6*COBERTURA_BOSQUE!I43 -> 1.1613151 | J57: =+J$6*COBERTURA_BOSQUE!J43 -> 3.1391493 | ... N57: =+N$6*COBERTURA_BOSQUE!N43 -> 1.750345 | O57: =+O$6*COBERTURA_BOSQUE!$P43 -> 1.750345 | P57: =+P$6*COBERTURA_BOSQUE!$P43 -> 1.750345 | Q57: =+Q$6*COBERTURA_BOSQUE!$P43 -> 1.750345 | R57: =+R$6*COBERTURA_BOSQUE!$P43 -> 1.750345 | S57: =+S$6*COBERTURA_BOSQUE!$P43 -> 1.750345 | T57: =+T$6*COBERTURA_BOSQUE!$P43 -> 1.750345 | U57: =+U$6*COBERTURA_BOSQUE!$P43 -> 1.750345 | V57: =+V$6*COBERTURA_BOSQUE!$P43 -> 1.750345 | ... AB57: =+AB$6*COBERTURA_BOSQUE!$P43 -> 1.750345
A58: Otras tierras | B58: Plantación forestal | C58: =+C$6*COBERTURA_BOSQUE!C44 -> 0.05904414 | D58: =+D$6*COBERTURA_BOSQUE!D44 -> 0.05687573 | E58: =+E$6*COBERTURA_BOSQUE!E44 -> 0.054860949 | F58: =+F$6*COBERTURA_BOSQUE!F44 -> 0.053610603 | G58: =+G$6*COBERTURA_BOSQUE!G44 -> 0.05241598 | H58: =+H$6*COBERTURA_BOSQUE!H44 -> 0.19319562 | I58: =+I$6*COBERTURA_BOSQUE!I44 -> 0.41922161 | J58: =+J$6*COBERTURA_BOSQUE!J44 -> 1.0733793 | ... N58: =+N$6*COBERTURA_BOSQUE!N44 -> 0.73870056 | O58: =+O$6*COBERTURA_BOSQUE!$P44 -> 0.73870056 | P58: =+P$6*COBERTURA_BOSQUE!$P44 -> 0.73870056 | Q58: =+Q$6*COBERTURA_BOSQUE!$P44 -> 0.73870056 | R58: =+R$6*COBERTURA_BOSQUE!$P44 -> 0.73870056 | S58: =+S$6*COBERTURA_BOSQUE!$P44 -> 0.73870056 | T58: =+T$6*COBERTURA_BOSQUE!$P44 -> 0.73870056 | U58: =+U$6*COBERTURA_BOSQUE!$P44 -> 0.73870056 | V58: =+V$6*COBERTURA_BOSQUE!$P44 -> 0.73870056 | ... AB58: =+AB$6*COBERTURA_BOSQUE!$P44 -> 0.73870056
A59: Total | C59: =+SUM(C49:C58) -> 7.83 | D59: =+SUM(D49:D58) -> 7.83 | E59: =+SUM(E49:E58) -> 7.83 | F59: =+SUM(F49:F58) -> 7.83 | G59: =+SUM(G49:G58) -> 7.83 | H59: =+SUM(H49:H58) -> 15.415 | I59: =+SUM(I49:I58) -> 23 | J59: =+SUM(J49:J58) -> 62.755 | ... AB59: =+SUM(AB49:AB58) -> 38.21

Sheet COBERTURA_CAMBIOS_TF
B1: % de cambio según tipo de cambio | C1: Uso del suelo inicial (Ha) | D1: Uso del suelo en el año del inventario | E1: 2010 | F1: 2011 | G1: 2012 | H1: 2013 | I1: 2014 | J1: 2015 | K1: 2016 | L1: 2017 | M1: 2018 | N1: 2019 | O1: 2020 | P1: 2021 | Q1: 2022 | R1: 2023 | S1: 2024 | T1: 2025 | U1: 2026 | V1: 2027 | W1: 2028 | X1: 2029 | Y1: 2030 | Z1: 2031 | AA1: 2032 | AB1: 2033 | AC1: 2034 | AD1: 2035
B2: Tierras de cultivo
B3: =+SUM(Q4:Q13)/(SUM(Q4:Q13)+SUM(Q22:Q31)+SUM(Q39:Q48)+SUM(Q56:Q65)+SUM(Q74:Q83)) -> 0.89929396 | F3: =+SUM(F4:F13,F22:F31,F39:F48,F56:F65,F74:F83) -> 101112.44 | G3: =+SUM(G4:G13,G22:G31,G39:G48,G56:G65,G74:G83) -> 101112.44 | H3: =+SUM(H4:H13,H22:H31,H39:H48,H56:H65,H74:H83) -> 101112.44 | I3: =+SUM(I4:I13,I22:I31,I39:I48,I56:I65,I74:I83) -> 101112.44 | J3: =+SUM(J4:J13,J22:J31,J39:J48,J56:J65,J74:J83) -> 103530.94 | K3: =+SUM(K4:K13,K22:K31,K39:K48,K56:K65,K74:K83) -> 105949.44 | L3: =+SUM(L4:L13,L22:L31,L39:L48,L56:L65,L74:L83) -> 100894.4 | M3: =+SUM(M4:M13,M22:M31,M39:M48,M56:M65,M74:M83) -> 95839.355 | ... Q3: =+SUM(Q4:Q13,Q22:Q31,Q39:Q48,Q56:Q65,Q74:Q83) -> 107333.28 | R3: =-COBERTURA_BOSQUE!P28 -> 91412.348 | S3: =-COBERTURA_BOSQUE!Q28 -> 90722.837 | T3: =-COBERTURA_BOSQUE!R28 -> 90038.528 | U3: =-COBERTURA_BOSQUE!S28 -> 89359.382 | V3: =-COBERTURA_BOSQUE!T28 -> 88685.359 | W3: =-COBERTURA_BOSQUE!U28 -> 88016.508 | X3: =-COBERTURA_BOSQUE!V28 -> 87352.532 | Y3: =-COBERTURA_BOSQUE!W28 -> 86693.567 | ... AD3: =-COBERTURA_BOSQUE!AB28 -> 83473.227
B4: =+Q4/SUM(Q$4:Q$13) -> 0.024790941 | C4: B. Seco Andino | D4: Tierras de cultivo | E4: 2921.655 | F4: =+(E4+G4)/2 -> 2921.655 | G4: 2921.655 | H4: =+(G4+I4)/2 -> 2921.655 | I4: 2921.655 | J4: =+(I4+K4)/2 -> 2044.4325 | K4: 1167.21 | L4: =+(K4+M4)/2 -> 1052.55 | M4: 937.89 | N4: =1988.64+1394.28 -> 3382.92 | O4: =1988.64+1394.28 -> 3382.92 | P4: =865.755+1527.17 -> 2392.925 | Q4: =865.755+1527.17 -> 2392.925 | R4: =$B$3*R$3*$B4 -> 2037.9783 | S4: =$B$3*S$3*$B4 -> 2022.6061 | T4: =$B$3*T$3*$B4 -> 2007.3499 | U4: =$B$3*U$3*$B4 -> 1992.2087 | V4: =$B$3*V$3*$B4 -> 1977.1819 | W4: =$B$3*W$3*$B4 -> 1962.2703 | X4: =$B$3*X$3*$B4 -> 1947.4673 | Y4: =$B$3*Y$3*$B4 -> 1932.7761 | ... AD4: =$B$3*AD$3*$B4 -> 1860.9808
B5: =+Q5/SUM(Q$4:Q$13) -> 0.14961434 | C5: B. Seco Pluvioestacional | D5: Tierras de cultivo | E5: 14129.01 | F5: =+(E5+G5)/2 -> 14129.01 | G5: 14129.01 | H5: =+(G5+I5)/2 -> 14129.01 | I5: 14129.01 | J5: =+(I5+K5)/2 -> 13915.643 | K5: 13702.275 | L5: =+(K5+M5)/2 -> 11872.007 | M5: 10041.74 | N5: =7752.825+3440.39 -> 11193.215 | O5: =7752.825+3440.39 -> 11193.215 | P5: =9551.7+4889.7 -> 14441.4 | Q5: =9551.7+4889.7 -> 14441.4 | R5: =$B$3*R$3*$B5 -> 12299.282 | S5: =$B$3*S$3*$B5 -> 12206.51 | T5: =$B$3*T$3*$B5 -> 12114.438 | U5: =$B$3*U$3*$B5 -> 12023.061 | V5: =$B$3*V$3*$B5 -> 11932.373 | W5: =$B$3*W$3*$B5 -> 11842.381 | X5: =$B$3*X$3*$B5 -> 11753.045 | Y5: =$B$3*Y$3*$B5 -> 11664.383 | ... AD5: =$B$3*AD$3*$B5 -> 11231.095
B6: =+Q6/SUM(Q$4:Q$13) -> 0.090691689 | C6: B. Siempre verde andino Montano | D6: Tierras de cultivo | E6: 13631.91 | F6: =+(E6+G6)/2 -> 13631.91 | G6: 13631.91 | H6: =+(G6+I6)/2 -> 13631.91 | I6: 13631.91 | J6: =+(I6+K6)/2 -> 13444.095 | K6: 13256.28 | L6: =+(K6+M6)/2 -> 12232.395 | M6: 11208.51 | N6: =7882.965+3207.69 -> 11090.655 | O6: =7882.965+3207.69 -> 11090.655 | P6: =5354.01+3399.93 -> 8753.94 | Q6: =5354.01+3399.93 -> 8753.94 | R6: =$B$3*R$3*$B6 -> 7455.4529 | S6: =$B$3*S$3*$B6 -> 7399.2174 | T6: =$B$3*T$3*$B6 -> 7343.4062 | U6: =$B$3*U$3*$B6 -> 7288.016 | V6: =$B$3*V$3*$B6 -> 7233.0438 | W6: =$B$3*W$3*$B6 -> 7178.4933 | X6: =$B$3*X$3*$B6 -> 7124.3404 | Y6: =$B$3*Y$3*$B6 -> 7070.5962 | ... AD6: =$B$3*AD$3*$B6 -> 6807.9501
B7: =+Q7/SUM(Q$4:Q$13) -> 0.11556323 | C7: B. Siempre verde andino Pie montano | D7: Tierras de cultivo | E7: 19148.415 | F7: =+(E7+G7)/2 -> 19148.415 | G7: 19148.415 | H7: =+(G7+I7)/2 -> 19148.415 | I7: 19148.415 | J7: =+(I7+K7)/2 -> 15017.678 | K7: 10886.94 | L7: =+(K7+M7)/2 -> 10514.34 | M7: 10141.74 | N7: =6491.565+2369.97 -> 8861.535 | O7: =6491.565+2369.97 -> 8861.535 | P7: =5004.225+6150.42 -> 11154.645 | Q7: =5004.225+6150.42 -> 11154.645 | R7: =$B$3*R$3*$B7 -> 9500.0572 | S7: =$B$3*S$3*$B7 -> 9428.3995 | T7: =$B$3*T$3*$B7 -> 9357.2824 | U7: =$B$3*U$3*$B7 -> 9286.7019 | V7: =$B$3*V$3*$B7 -> 9216.654 | W7: =$B$3*W$3*$B7 -> 9147.1434 | X7: =$B$3*X$3*$B7 -> 9078.1395 | Y7: =$B$3*Y$3*$B7 -> 9009.6563 | ... AD7: =$B$3*AD$3*$B7 -> 8674.9814
B8: =+Q8/SUM(Q$4:Q$13) -> 0.014061659 | C8: B. Siempre verde andino de Ceja Andina | D8: Tierras de cultivo | E8: 2543.955 | F8: =+(E8+G8)/2 -> 2543.955 | G8: 2543.955 | H8: =+(G8+I8)/2 -> 2543.955 | I8: 2543.955 | J8: =+(I8+K8)/2 -> 2740.395 | K8: 2936.835 | L8: =+(K8+M8)/2 -> 2619.4975 | M8: 2302.16 | N8: =1523.34+1645.79 -> 3169.13 | O8: =1523.34+1645.79 -> 3169.13 | P8: =974.61+382.68 -> 1357.29 | Q8: =974.61+382.68 -> 1357.29 | R8: =$B$3*R$3*$B8 -> 1155.9608 | S8: =$B$3*S$3*$B8 -> 1147.2416 | T8: =$B$3*T$3*$B8 -> 1138.5881 | U8: =$B$3*U$3*$B8 -> 1129.9999 | V8: =$B$3*V$3*$B8 -> 1121.4765 | W8: =$B$3*W$3*$B8 -> 1113.0185 | X8: =$B$3*X$3*$B8 -> 1104.6221 | Y8: =$B$3*Y$3*$B8 -> 1096.2892 | ... AD8: =$B$3*AD$3*$B8 -> 1055.5661
B9: =+Q9/SUM(Q$4:Q$13) -> 0.29989774 | C9: B. Siempre verde de tierras bajas de la Amazonía | D9: Tierras de cultivo | E9: 22227.495 | F9: =+(E9+G9)/2 -> 22227.495 | G9: 22227.495 | H9: =+(G9+I9)/2 -> 22227.495 | I9: 22227.495 | J9: =+(I9+K9)/2 -> 24651.503 | K9: 27075.51 | L9: =+(K9+M9)/2 -> 25636.365 | M9: 24197.22 | N9: =20167.74+6831 -> 26998.74 | O9: =20167.74+6831 -> 26998.74 | P9: =5325.3+23622.08 -> 28947.38 | Q9: =5325.3+23622.08 -> 28947.38 | R9: =$B$3*R$3*$B9 -> 24653.565 | S9: =$B$3*S$3*$B9 -> 24467.606 | T9: =$B$3*T$3*$B9 -> 24283.051 | U9: =$B$3*U$3*$B9 -> 24099.888 | V9: =$B$3*V$3*$B9 -> 23918.106 | W9: =$B$3*W$3*$B9 -> 23737.72 | X9: =$B$3*X$3*$B9 -> 23558.648 | Y9: =$B$3*Y$3*$B9 -> 23380.927 | ... AD9: =$B$3*AD$3*$B9 -> 22512.414
B10: =+Q10/SUM(Q$4:Q$13) -> 0.24163891 | C10: B. Siempre verde de tierras bajas del Chocó | D10: Tierras de cultivo | E10: 19344.36 | F10: =+(E10+G10)/2 -> 19344.36 | G10: 19344.36 | H10: =+(G10+I10)/2 -> 19344.36 | I10: 19344.36 | J10: =+(I10+K10)/2 -> 19871.79 | K10: 20399.22 | L10: =+(K10+M10)/2 -> 19175.94 | M10: 17952.66 | N10: =8753.31+7859.07 -> 16612.38 | O10: =8753.31+7859.07 -> 16612.38 | P10: =15645.735+7678.26 -> 23323.995 | Q10: =15645.735+7678.26 -> 23323.995 | R10: =$B$3*R$3*$B10 -> 19864.306 | S10: =$B$3*S$3*$B10 -> 19714.472 | T10: =$B$3*T$3*$B10 -> 19565.769 | U10: =$B$3*U$3*$B10 -> 19418.188 | V10: =$B$3*V$3*$B10 -> 19271.72 | W10: =$B$3*W$3*$B10 -> 19126.375 | X10: =$B$3*X$3*$B10 -> 18982.09 | Y10: =$B$3*Y$3*$B10 -> 18838.894 | ... AD10: =$B$3*AD$3*$B10 -> 18139.1
B11: =+Q11/SUM(Q$4:Q$13) -> 0.0034144816 | C11: Manglar | D11: Tierras de cultivo | E11: 363.525 | F11: =+(E11+G11)/2 -> 363.525 | G11: 363.525 | H11: =+(G11+I11)/2 -> 363.525 | I11: 363.525 | J11: =+(I11+K11)/2 -> 561.315 | K11: 759.105 | L11: =+(K11+M11)/2 -> 538.2475 | M11: 317.39 | N11: =117.495+20.48 -> 137.975 | O11: =117.495+20.48 -> 137.975 | P11: =301.14+28.44 -> 329.58 | Q11: =301.14+28.44 -> 329.58 | R11: =$B$3*R$3*$B11 -> 280.69283 | S11: =$B$3*S$3*$B11 -> 278.5756 | T11: =$B$3*T$3*$B11 -> 276.47434 | U11: =$B$3*U$3*$B11 -> 274.38894 | V11: =$B$3*V$3*$B11 -> 272.31927 | W11: =$B$3*W$3*$B11 -> 270.26548 | X11: =$B$3*X$3*$B11 -> 268.22666 | Y11: =$B$3*Y$3*$B11 -> 266.20323 | ... AD11: =$B$3*AD$3*$B11 -> 256.31478
B12: =+Q12/SUM(Q$4:Q$13) -> 0.0069194586 | C12: Moretal | D12: Tierras de cultivo | E12: 423.675 | F12: =+(E12+G12)/2 -> 423.675 | G12: 423.675 | H12: =+(G12+I12)/2 -> 423.675 | I12: 423.675 | J12: =+(I12+K12)/2 -> 506.655 | K12: 589.635 | L12: =+(K12+M12)/2 -> 463.275 | M12: 336.915 | N12: =501.12+119.93 -> 621.05 | O12: =501.12+119.93 -> 621.05 | P12: =131.445+536.45 -> 667.895 | Q12: =131.445+536.45 -> 667.895 | R12: =$B$3*R$3*$B12 -> 568.82498 | S12: =$B$3*S$3*$B12 -> 564.5344 | T12: =$B$3*T$3*$B12 -> 560.2762 | U12: =$B$3*U$3*$B12 -> 556.05013 | V12: =$B$3*V$3*$B12 -> 551.85594 | W12: =$B$3*W$3*$B12 -> 547.69393 | X12: =$B$3*X$3*$B12 -> 543.56225 | Y12: =$B$3*Y$3*$B12 -> 539.46176 | ... AD12: =$B$3*AD$3*$B12 -> 519.42278
B13: =+Q13/SUM(Q$4:Q$13) -> 0.053407556 | C13: Plantación forestal | D13: Tierras de cultivo | E13: =794.7+1506.29 -> 2300.99 | F13: =+(E13+G13)/2 -> 2300.99 | G13: =794.7+1506.29 -> 2300.99 | H13: =+(G13+I13)/2 -> 2300.99 | I13: =794.7+1506.29 -> 2300.99 | J13: =+(I13+K13)/2 -> 6718.84 | K13: 11136.69 | L13: =+(K13+M13)/2 -> 9869.0625 | M13: 8601.435 | N13: =1787.94+115.79 -> 1903.73 | O13: =1787.94+115.79 -> 1903.73 | P13: =4917.56+237.56 -> 5155.12 | Q13: =4917.56+237.56 -> 5155.12 | R13: =$B$3*R$3*$B13 -> 4390.4521 | S13: =$B$3*S$3*$B13 -> 4357.3355 | T13: =$B$3*T$3*$B13 -> 4324.4688 | U13: =$B$3*U$3*$B13 -> 4291.85 | V13: =$B$3*V$3*$B13 -> 4259.4773 | W13: =$B$3*W$3*$B13 -> 4227.353 | X13: =$B$3*X$3*$B13 -> 4195.4628 | Y13: =$B$3*Y$3*$B13 -> 4163.8133 | ... AD13: =$B$3*AD$3*$B13 -> 4009.1433
C14: Pastizales | D14: Tierras de cultivo | E14: 24386 | F14: 24386 | G14: 24386 | H14: 24386 | I14: 24386 | J14: 38966.81 | K14: 53547.62 | L14: 34203.54 | M14: 14859.46 | N14: 32440.42 | O14: 32440.42 | P14: 23216.04 | Q14: 23216.04 | R14: 23216.04 | S14: 23216.04 | T14: 23216.04 | U14: 23216.04 | V14: 23216.04 | W14: 23216.04 | X14: 23216.04 | Y14: 23216.04 | Z14: 23216.04 | AA14: 23216.04 | AB14: 23216.04 | AC14: 23216.04 | AD14: 23216.04
C15: Humedales | D15: Tierras de cultivo | E15: 8320 | F15: 8320 | G15: 8320 | H15: 8320 | I15: 8320 | J15: 9268.21 | K15: 10216.42 | L15: 8473.63 | M15: 6730.84 | N15: 795.38 | O15: 795.38 | P15: 2562.975 | Q15: 2562.975 | R15: 2562.975 | S15: 2562.975 | T15: 2562.975 | U15: 2562.975 | V15: 2562.975 | W15: 2562.975 | X15: 2562.975 | Y15: 2562.975 | Z15: 2562.975 | AA15: 2562.975 | AB15: 2562.975 | AC15: 2562.975 | AD15: 2562.975
C16: Asentamientos | D16: Tierras de cultivo | E16: 0 | F16: =+(E16+G16)/2 -> 0 | G16: 0 | H16: =+(G16+I16)/2 -> 0 | I16: 0 | J16: =+(I16+K16)/2 -> 0 | K16: 0 | L16: =+(K16+M16)/2 -> 0 | M16: 0 | N16: 0 | O16: 0 | P16: 262.35 | Q16: 262.35 | R16: 262.35 | S16: 262.35 | T16: 262.35 | U16: 262.35 | V16: 262.35 | W16: 262.35 | X16: 262.35 | Y16: 262.35 | Z16: 262.35 | AA16: 262.35 | AB16: 262.35 | AC16: 262.35 | AD16: 262.35
C17: Otras tierras | D17: Tierras de cultivo | E17: =467.79+812.73 -> 1280.52 | F17: =+(E17+G17)/2 -> 1280.52 | G17: =467.79+812.73 -> 1280.52 | H17: =+(G17+I17)/2 -> 1280.52 | I17: =467.79+812.73 -> 1280.52 | J17: =+(I17+K17)/2 -> 5254.8525 | K17: 9229.185 | L17: =+(K17+M17)/2 -> 5389.7875 | M17: 1550.39 | N17: =533.61+75.11 -> 608.72 | O17: =533.61+75.11 -> 608.72 | P17: =1376.415+1986.75 -> 3363.165 | Q17: =1376.415+1986.75 -> 3363.165 | R17: =1376.415+1986.75 -> 3363.165 | S17: =1376.415+1986.75 -> 3363.165 | T17: =1376.415+1986.75 -> 3363.165 | U17: =1376.415+1986.75 -> 3363.165 | V17: =1376.415+1986.75 -> 3363.165 | W17: =1376.415+1986.75 -> 3363.165 | ... AD17: =1376.415+1986.75 -> 3363.165
C18: Tierras de cultivo | D18: Tierras de cultivo | E18: =583926.83+738244.33 -> 1322171.2 | F18: =+(E18+G18)/2 -> 1322171.2 | G18: =583926.83+738244.33 -> 1322171.2 | H18: =+(G18+I18)/2 -> 1322171.2 | I18: =583926.83+738244.33 -> 1322171.2 | J18: =+(I18+K18)/2 -> 2807097.8 | K18: 4292024.5 | L18: =+(K18+M18)/2 -> 4341301.7 | M18: 4390578.9 | N18: =4019308.83+459293.445 -> 4478602.3 | O18: =4019308.83+459293.445 -> 4478602.3 | P18: =3995904.69+571453.38 -> 4567358.1 | Q18: =3995904.69+571453.38 -> 4567358.1 | R18: =3995904.69+571453.38 -> 4567358.1 | S18: =3995904.69+571453.38 -> 4567358.1 | T18: =3995904.69+571453.38 -> 4567358.1 | U18: =3995904.69+571453.38 -> 4567358.1 | V18: =3995904.69+571453.38 -> 4567358.1 | W18: =3995904.69+571453.38 -> 4567358.1 | ... AD18: =3995904.69+571453.38 -> 4567358.1
B20: Pastizales
B21: =+SUM(Q22:Q31)/(SUM(Q22:Q31)+SUM(Q39:Q48)+SUM(Q56:Q65)+SUM(Q74:Q83)+SUM(Q4:Q13)) -> 0.011528251
B22: =+Q22/SUM(Q$22:Q$31) -> 0.0013092337 | C22: B. Seco Andino | D22: Pastizales | E22: 0 | F22: =+(E22+G22)/2 -> 0 | G22: 0 | H22: =+(G22+I22)/2 -> 0 | I22: 0 | J22: =+(I22+K22)/2 -> 0 | K22: 0 | L22: =+(K22+M22)/2 -> 80.8875 | M22: 161.775 | N22: 23.94 | O22: 23.94 | P22: 1.62 | Q22: 1.62 | R22: =$B$21*R$3*$B22 -> 1.3797026 | S22: =$B$21*S$3*$B22 -> 1.3692957 | T22: =$B$21*T$3*$B22 -> 1.3589673 | U22: =$B$21*U$3*$B22 -> 1.3487168 | V22: =$B$21*V$3*$B22 -> 1.3385437 | W22: =$B$21*W$3*$B22 -> 1.3284486 | X22: =$B$21*X$3*$B22 -> 1.3184271 | Y22: =$B$21*Y$3*$B22 -> 1.3084812 | ... AD22: =$B$21*AD$3*$B22 -> 1.259876
B23: =+Q23/SUM(Q$22:Q$31) -> 0.3765138 | C23: B. Seco Pluvioestacional | D23: Pastizales | E23: 0 | F23: =+(E23+G23)/2 -> 0 | G23: 0 | H23: =+(G23+I23)/2 -> 0 | I23: 0 | J23: =+(I23+K23)/2 -> 0 | K23: 0 | L23: =+(K23+M23)/2 -> 303.0975 | M23: 606.195 | N23: 194.535 | O23: 194.535 | P23: 465.885 | Q23: 465.885 | R23: =$B$21*R$3*$B23 -> 396.77947 | S23: =$B$21*S$3*$B23 -> 393.78661 | T23: =$B$21*T$3*$B23 -> 390.81634 | U23: =$B$21*U$3*$B23 -> 387.86847 | V23: =$B$21*V$3*$B23 -> 384.94285 | W23: =$B$21*W$3*$B23 -> 382.03967 | X23: =$B$21*X$3*$B23 -> 379.15765 | Y23: =$B$21*Y$3*$B23 -> 376.29738 | ... AD23: =$B$21*AD$3*$B23 -> 362.31935
B24: =+Q24/SUM(Q$22:Q$31) -> 0.063934247 | C24: B. Siempre verde andino Montano | D24: Pastizales | E24: 0 | F24: =+(E24+G24)/2 -> 0 | G24: 0 | H24: =+(G24+I24)/2 -> 0 | I24: 0 | J24: =+(I24+K24)/2 -> 0 | K24: 0 | L24: =+(K24+M24)/2 -> 195.885 | M24: 391.77 | N24: 846.225 | O24: 846.225 | P24: 79.11 | Q24: 79.11 | R24: =$B$21*R$3*$B24 -> 67.375476 | S24: =$B$21*S$3*$B24 -> 66.867272 | T24: =$B$21*T$3*$B24 -> 66.362902 | U24: =$B$21*U$3*$B24 -> 65.862337 | V24: =$B$21*V$3*$B24 -> 65.365549 | W24: =$B$21*W$3*$B24 -> 64.872572 | X24: =$B$21*X$3*$B24 -> 64.383189 | Y24: =$B$21*Y$3*$B24 -> 63.897498 | ... AD24: =$B$21*AD$3*$B24 -> 61.523946
B25: =+Q25/SUM(Q$22:Q$31) -> 0.016910936 | C25: B. Siempre verde andino Pie montano | D25: Pastizales | E25: 0 | F25: =+(E25+G25)/2 -> 0 | G25: 0 | H25: =+(G25+I25)/2 -> 0 | I25: 0 | J25: =+(I25+K25)/2 -> 0 | K25: 0 | L25: =+(K25+M25)/2 -> 34.0425 | M25: 68.085 | N25: 149.94 | O25: 149.94 | P25: 20.925 | Q25: 20.925 | R25: =$B$21*R$3*$B25 -> 17.821158 | S25: =$B$21*S$3*$B25 -> 17.686736 | T25: =$B$21*T$3*$B25 -> 17.553327 | U25: =$B$21*U$3*$B25 -> 17.420925 | V25: =$B$21*V$3*$B25 -> 17.289522 | W25: =$B$21*W$3*$B25 -> 17.159128 | X25: =$B$21*X$3*$B25 -> 17.029683 | Y25: =$B$21*Y$3*$B25 -> 16.901215 | ... AD25: =$B$21*AD$3*$B25 -> 16.273399
B26: =+Q26/SUM(Q$22:Q$31) -> 0.032694476 | C26: B. Siempre verde andino de Ceja Andina | D26: Pastizales | E26: 0 | F26: =+(E26+G26)/2 -> 0 | G26: 0 | H26: =+(G26+I26)/2 -> 0 | I26: 0 | J26: =+(I26+K26)/2 -> 0 | K26: 0 | L26: =+(K26+M26)/2 -> 191.205 | M26: 382.41 | N26: 1335.285 | O26: 1335.285 | P26: 40.455 | Q26: 40.455 | R26: =$B$21*R$3*$B26 -> 34.45424 | S26: =$B$21*S$3*$B26 -> 34.194356 | T26: =$B$21*T$3*$B26 -> 33.936433 | U26: =$B$21*U$3*$B26 -> 33.680456 | V26: =$B$21*V$3*$B26 -> 33.42641 | W26: =$B$21*W$3*$B26 -> 33.174313 | X26: =$B$21*X$3*$B26 -> 32.924054 | Y26: =$B$21*Y$3*$B26 -> 32.675683 | ... AD26: =$B$21*AD$3*$B26 -> 31.461904
B27: =+Q27/SUM(Q$22:Q$31) -> 0.015965378 | C27: B. Siempre verde de tierras bajas de la Amazonía | D27: Pastizales | E27: 0 | F27: =+(E27+G27)/2 -> 0 | G27: 0 | H27: =+(G27+I27)/2 -> 0 | I27: 0 | J27: =+(I27+K27)/2 -> 0 | K27: 0 | L27: =+(K27+M27)/2 -> 20.3175 | M27: 40.635 | N27: 342.855 | O27: 342.855 | P27: 19.755 | Q27: 19.755 | R27: =$B$21*R$3*$B27 -> 16.824707 | S27: =$B$21*S$3*$B27 -> 16.6978 | T27: =$B$21*T$3*$B27 -> 16.571851 | U27: =$B$21*U$3*$B27 -> 16.446852 | V27: =$B$21*V$3*$B27 -> 16.322796 | W27: =$B$21*W$3*$B27 -> 16.199692 | X27: =$B$21*X$3*$B27 -> 16.077486 | Y27: =$B$21*Y$3*$B27 -> 15.956201 | ... AD27: =$B$21*AD$3*$B27 -> 15.363488
B28: =+Q28/SUM(Q$22:Q$31) -> 0.030221479 | C28: B. Siempre verde de tierras bajas del Chocó | D28: Pastizales | E28: 0 | F28: =+(E28+G28)/2 -> 0 | G28: 0 | H28: =+(G28+I28)/2 -> 0 | I28: 0 | J28: =+(I28+K28)/2 -> 0 | K28: 0 | L28: =+(K28+M28)/2 -> 65.2275 | M28: 130.455 | N28: 582.12 | O28: 582.12 | P28: 37.395 | Q28: 37.395 | R28: =$B$21*R$3*$B28 -> 31.848135 | S28: =$B$21*S$3*$B28 -> 31.607908 | T28: =$B$21*T$3*$B28 -> 31.369495 | U28: =$B$21*U$3*$B28 -> 31.13288 | V28: =$B$21*V$3*$B28 -> 30.89805 | W28: =$B$21*W$3*$B28 -> 30.665021 | X28: =$B$21*X$3*$B28 -> 30.433692 | Y28: =$B$21*Y$3*$B28 -> 30.204107 | ... AD28: =$B$21*AD$3*$B28 -> 29.082138
B29: =+Q29/SUM(Q$22:Q$31) -> 0.11375786 | C29: Manglar | D29: Pastizales | E29: 0 | F29: =+(E29+G29)/2 -> 0 | G29: 0 | H29: =+(G29+I29)/2 -> 0 | I29: 0 | J29: =+(I29+K29)/2 -> 0 | K29: 0 | L29: =+(K29+M29)/2 -> 8.7525 | M29: 17.505 | N29: 102.69 | O29: 102.69 | P29: 140.76 | Q29: 140.76 | R29: =$B$21*R$3*$B29 -> 119.88082 | S29: =$B$21*S$3*$B29 -> 118.97658 | T29: =$B$21*T$3*$B29 -> 118.07916 | U29: =$B$21*U$3*$B29 -> 117.1885 | V29: =$B$21*V$3*$B29 -> 116.30457 | W29: =$B$21*W$3*$B29 -> 115.42742 | X29: =$B$21*X$3*$B29 -> 114.55666 | Y29: =$B$21*Y$3*$B29 -> 113.69248 | ... AD29: =$B$21*AD$3*$B29 -> 109.46923
B30: =+Q30/SUM(Q$22:Q$31) -> 0.00029094083 | C30: Moretal | D30: Pastizales | E30: 0 | F30: =+(E30+G30)/2 -> 0 | G30: 0 | H30: =+(G30+I30)/2 -> 0 | I30: 0 | J30: =+(I30+K30)/2 -> 0 | K30: 0 | L30: =+(K30+M30)/2 -> 0.8775 | M30: 1.755 | N30: 23.535 | O30: 23.535 | P30: 0.36 | Q30: 0.36 | R30: =$B$21*R$3*$B30 -> 0.30660058 | S30: =$B$21*S$3*$B30 -> 0.30428793 | T30: =$B$21*T$3*$B30 -> 0.30199273 | U30: =$B$21*U$3*$B30 -> 0.29971485 | V30: =$B$21*V$3*$B30 -> 0.29745415 | W30: =$B$21*W$3*$B30 -> 0.2952108 | X30: =$B$21*X$3*$B30 -> 0.29298379 | Y30: =$B$21*Y$3*$B30 -> 0.2907736 | ... AD30: =$B$21*AD$3*$B30 -> 0.27997245
B31: =+Q31/SUM(Q$22:Q$31) -> 0.34840164 | C31: Plantación forestal | D31: Pastizales | E31: 1629.99 | F31: =+(E31+G31)/2 -> 1629.99 | G31: 1629.99 | H31: =+(G31+I31)/2 -> 1629.99 | I31: 1629.99 | J31: =+(I31+K31)/2 -> 869.76 | K31: 109.53 | L31: =+(K31+M31)/2 -> 2240.575 | M31: 4371.62 | N31: 257 | O31: 257 | P31: 431.1 | Q31: 431.1 | R31: =$B$21*R$3*$B31 -> 367.15419 | S31: =$B$21*S$3*$B31 -> 364.38479 | T31: =$B$21*T$3*$B31 -> 361.63629 | U31: =$B$21*U$3*$B31 -> 358.90853 | V31: =$B$21*V$3*$B31 -> 356.20134 | W31: =$B$21*W$3*$B31 -> 353.51493 | X31: =$B$21*X$3*$B31 -> 350.84809 | Y31: =$B$21*Y$3*$B31 -> 348.20138 | ... AD31: =$B$21*AD$3*$B31 -> 335.26701
C32: Tierras de cultivo | D32: Pastizales | E32: 66529.46 | F32: =+(E32+G32)/2 -> 66529.46 | G32: 66529.46 | H32: =+(G32+I32)/2 -> 66529.46 | I32: 66529.46 | J32: =+(I32+K32)/2 -> 44241.83 | K32: 21954.2 | L32: =+(K32+M32)/2 -> 19003.055 | M32: 16051.91 | N32: 7562.61 | O32: 7562.61 | P32: 10864.71 | Q32: 10864.71 | R32: 10864.71 | S32: 10864.71 | T32: 10864.71 | U32: 10864.71 | V32: 10864.71 | W32: 10864.71 | X32: 10864.71 | Y32: 10864.71 | Z32: 10864.71 | AA32: 10864.71 | AB32: 10864.71 | AC32: 10864.71 | AD32: 10864.71
C33: Humedales | D33: Pastizales | E33: 12.48 | F33: =+(E33+G33)/2 -> 12.48 | G33: 12.48 | H33: =+(G33+I33)/2 -> 12.48 | I33: 12.48 | J33: =+(I33+K33)/2 -> 1375.46 | K33: 2738.44 | L33: =+(K33+M33)/2 -> 1722.36 | M33: 706.28 | N33: 104.13 | O33: 104.13 | P33: 2137.005 | Q33: 2137.005 | R33: 2137.005 | S33: 2137.005 | T33: 2137.005 | U33: 2137.005 | V33: 2137.005 | W33: 2137.005 | X33: 2137.005 | Y33: 2137.005 | Z33: 2137.005 | AA33: 2137.005 | AB33: 2137.005 | AC33: 2137.005 | AD33: 2137.005
C34: Otras tierras | D34: Pastizales | E34: 3687.21 | F34: =+(E34+G34)/2 -> 3687.21 | G34: 3687.21 | H34: =+(G34+I34)/2 -> 3687.21 | I34: 3687.21 | J34: =+(I34+K34)/2 -> 4063.345 | K34: 4439.48 | L34: =+(K34+M34)/2 -> 3868.1125 | M34: 3296.745 | N34: 322.43 | O34: 322.43 | P34: 2590.52 | Q34: 2590.52 | R34: 2590.52 | S34: 2590.52 | T34: 2590.52 | U34: 2590.52 | V34: 2590.52 | W34: 2590.52 | X34: 2590.52 | Y34: 2590.52 | Z34: 2590.52 | AA34: 2590.52 | AB34: 2590.52 | AC34: 2590.52 | AD34: 2590.52
C35: Pastizales | D35: Pastizales | E35: 332101.5 | F35: =+(E35+G35)/2 -> 332101.5 | G35: 332101.5 | H35: =+(G35+I35)/2 -> 332101.5 | I35: 332101.5 | J35: =+(I35+K35)/2 -> 741801.75 | K35: 1151502 | L35: =+(K35+M35)/2 -> 1156595.5 | M35: 1161689 | N35: 1152286.9 | O35: 1152286.9 | P35: 1135752.7 | Q35: 1135752.7 | R35: 1135752.7 | S35: 1135752.7 | T35: 1135752.7 | U35: 1135752.7 | V35: 1135752.7 | W35: 1135752.7 | X35: 1135752.7 | Y35: 1135752.7 | Z35: 1135752.7 | AA35: 1135752.7 | AB35: 1135752.7 | AC35: 1135752.7 | AD35: 1135752.7
B37: Humedales
B38: =+SUM(Q39:Q48)/(SUM(Q22:Q31)+SUM(Q39:Q48)+SUM(Q56:Q65)+SUM(Q74:Q83)+SUM(Q4:Q13)) -> 0.065262563
B39: =+Q39/SUM(Q$39:Q$48) -> 0.0013040974 | C39: B. Seco Andino | D39: Humedales | E39: 0 | F39: =+(E39+G39)/2 -> 0 | G39: 0 | H39: =+(G39+I39)/2 -> 0 | I39: 0 | J39: =+(I39+K39)/2 -> 0 | K39: 0 | L39: =+(K39+M39)/2 -> 0 | M39: 0 | N39: 57.06 | O39: 57.06 | P39: 9.135 | Q39: 9.135 | R39: =$B$38*R$3*$B39 -> 7.7799896 | S39: =$B$38*S$3*$B39 -> 7.7213062 | T39: =$B$38*T$3*$B39 -> 7.6630655 | U39: =$B$38*U$3*$B39 -> 7.6052642 | V39: =$B$38*V$3*$B39 -> 7.547899 | W39: =$B$38*W$3*$B39 -> 7.4909739 | X39: =$B$38*X$3*$B39 -> 7.4344638 | Y39: =$B$38*Y$3*$B39 -> 7.37838 | ... AD39: =$B$38*AD$3*$B39 -> 7.104301
B40: =+Q40/SUM(Q$39:Q$48) -> 0.0029037045 | C40: B. Seco Pluvioestacional | D40: Humedales | E40: 185.4 | F40: =+(E40+G40)/2 -> 185.4 | G40: 185.4 | H40: =+(G40+I40)/2 -> 185.4 | I40: 185.4 | J40: =+(I40+K40)/2 -> 190.5075 | K40: 195.615 | L40: =+(K40+M40)/2 -> 133.4925 | M40: 71.37 | N40: 97.2 | O40: 97.2 | P40: 20.34 | Q40: 20.34 | R40: =$B$38*R$3*$B40 -> 17.322933 | S40: =$B$38*S$3*$B40 -> 17.192268 | T40: =$B$38*T$3*$B40 -> 17.062589 | U40: =$B$38*U$3*$B40 -> 16.933889 | V40: =$B$38*V$3*$B40 -> 16.806159 | W40: =$B$38*W$3*$B40 -> 16.67941 | X40: =$B$38*X$3*$B40 -> 16.553584 | Y40: =$B$38*Y$3*$B40 -> 16.428708 | ... AD40: =$B$38*AD$3*$B40 -> 15.818444
B41: =+Q41/SUM(Q$39:Q$48) -> 0.065686678 | C41: B. Siempre verde andino Montano | D41: Humedales | E41: 0 | F41: =+(E41+G41)/2 -> 0 | G41: 0 | H41: =+(G41+I41)/2 -> 0 | I41: 0 | J41: =+(I41+K41)/2 -> 0 | K41: 0 | L41: =+(K41+M41)/2 -> 0.5625 | M41: 1.125 | N41: 731.3 | O41: 731.3 | P41: 460.125 | Q41: 460.125 | R41: =$B$38*R$3*$B41 -> 391.87386 | S41: =$B$38*S$3*$B41 -> 388.91801 | T41: =$B$38*T$3*$B41 -> 385.98446 | U41: =$B$38*U$3*$B41 -> 383.07304 | V41: =$B$38*V$3*$B41 -> 380.18358 | W41: =$B$38*W$3*$B41 -> 377.3163 | X41: =$B$38*X$3*$B41 -> 374.46991 | Y41: =$B$38*Y$3*$B41 -> 371.645 | ... AD41: =$B$38*AD$3*$B41 -> 357.83979
B42: =+Q42/SUM(Q$39:Q$48) -> 0.13568394 | C42: B. Siempre verde andino Pie montano | D42: Humedales | E42: 0 | F42: =+(E42+G42)/2 -> 0 | G42: 0 | H42: =+(G42+I42)/2 -> 0 | I42: 0 | J42: =+(I42+K42)/2 -> 0 | K42: 0 | L42: =+(K42+M42)/2 -> 2.295 | M42: 4.59 | N42: 237.2 | O42: 237.2 | P42: 950.445 | Q42: 950.445 | R42: =$B$38*R$3*$B42 -> 809.46384 | S42: =$B$38*S$3*$B42 -> 803.35816 | T42: =$B$38*T$3*$B42 -> 797.29855 | U42: =$B$38*U$3*$B42 -> 791.28466 | V42: =$B$38*V$3*$B42 -> 785.31613 | W42: =$B$38*W$3*$B42 -> 779.3934 | X42: =$B$38*X$3*$B42 -> 773.51384 | Y42: =$B$38*Y$3*$B42 -> 767.67865 | ... AD42: =$B$38*AD$3*$B42 -> 739.16227
B43: =+Q43/SUM(Q$39:Q$48) -> 0.003648903 | C43: B. Siempre verde andino de Ceja Andina | D43: Humedales | E43: 0 | F43: =+(E43+G43)/2 -> 0 | G43: 0 | H43: =+(G43+I43)/2 -> 0 | I43: 0 | J43: =+(I43+K43)/2 -> 0 | K43: 0 | L43: =+(K43+M43)/2 -> 0 | M43: 0 | N43: 54.77 | O43: 54.77 | P43: 25.56 | Q43: 25.56 | R43: =$B$38*R$3*$B43 -> 21.768641 | S43: =$B$38*S$3*$B43 -> 21.604443 | T43: =$B$38*T$3*$B43 -> 21.441484 | U43: =$B$38*U$3*$B43 -> 21.279754 | V43: =$B$38*V$3*$B43 -> 21.119245 | W43: =$B$38*W$3*$B43 -> 20.959967 | X43: =$B$38*X$3*$B43 -> 20.801849 | Y43: =$B$38*Y$3*$B43 -> 20.644925 | ... AD43: =$B$38*AD$3*$B43 -> 19.878044
B44: =+Q44/SUM(Q$39:Q$48) -> 0.73948246 | C44: B. Siempre verde de tierras bajas de la Amazonía | D44: Humedales | E44: 0 | F44: =+(E44+G44)/2 -> 0 | G44: 0 | H44: =+(G44+I44)/2 -> 0 | I44: 0 | J44: =+(I44+K44)/2 -> 0 | K44: 0 | L44: =+(K44+M44)/2 -> 0 | M44: 0 | N44: 3041.91 | O44: 3041.91 | P44: 5179.96 | Q44: 5179.96 | R44: =$B$38*R$3*$B44 -> 4411.6075 | S44: =$B$38*S$3*$B44 -> 4378.3314 | T44: =$B$38*T$3*$B44 -> 4345.3063 | U44: =$B$38*U$3*$B44 -> 4312.5303 | V44: =$B$38*V$3*$B44 -> 4280.0016 | W44: =$B$38*W$3*$B44 -> 4247.7225 | X44: =$B$38*X$3*$B44 -> 4215.6787 | Y44: =$B$38*Y$3*$B44 -> 4183.8767 | ... AD44: =$B$38*AD$3*$B44 -> 4028.4614
B45: =+Q45/SUM(Q$39:Q$48) -> 0.0098931525 | C45: B. Siempre verde de tierras bajas del Chocó | D45: Humedales | E45: 23.205 | F45: =+(E45+G45)/2 -> 23.205 | G45: 23.205 | H45: =+(G45+I45)/2 -> 23.205 | I45: 23.205 | J45: =+(I45+K45)/2 -> 53.52 | K45: 83.835 | L45: =+(K45+M45)/2 -> 61.6275 | M45: 39.42 | N45: 17.15 | O45: 17.15 | P45: 69.3 | Q45: 69.3 | R45: =$B$38*R$3*$B45 -> 59.020611 | S45: =$B$38*S$3*$B45 -> 58.575426 | T45: =$B$38*T$3*$B45 -> 58.1336 | U45: =$B$38*U$3*$B45 -> 57.695108 | V45: =$B$38*V$3*$B45 -> 57.259924 | W45: =$B$38*W$3*$B45 -> 56.828078 | X45: =$B$38*X$3*$B45 -> 56.39938 | Y45: =$B$38*Y$3*$B45 -> 55.973918 | ... AD45: =$B$38*AD$3*$B45 -> 53.894697
B46: =+Q46/SUM(Q$39:Q$48) -> 0.0068738138 | C46: Manglar | D46: Humedales | E46: 709.14 | F46: =+(E46+G46)/2 -> 709.14 | G46: 709.14 | H46: =+(G46+I46)/2 -> 709.14 | I46: 709.14 | J46: =+(I46+K46)/2 -> 809.34 | K46: 909.54 | L46: =+(K46+M46)/2 -> 947.43 | M46: 985.32 | N46: 719.15 | O46: 719.15 | P46: 48.15 | Q46: 48.15 | R46: =$B$38*R$3*$B46 -> 41.007827 | S46: =$B$38*S$3*$B46 -> 40.69851 | T46: =$B$38*T$3*$B46 -> 40.391527 | U46: =$B$38*U$3*$B46 -> 40.086861 | V46: =$B$38*V$3*$B46 -> 39.784492 | W46: =$B$38*W$3*$B46 -> 39.484444 | X46: =$B$38*X$3*$B46 -> 39.186582 | Y46: =$B$38*Y$3*$B46 -> 38.890969 | ... AD46: =$B$38*AD$3*$B46 -> 37.446315
B47: =+Q47/SUM(Q$39:Q$48) -> 0.033495388 | C47: Moretal | D47: Humedales | E47: 0 | F47: =+(E47+G47)/2 -> 0 | G47: 0 | H47: =+(G47+I47)/2 -> 0 | I47: 0 | J47: =+(I47+K47)/2 -> 0 | K47: 0 | L47: =+(K47+M47)/2 -> 0 | M47: 0 | N47: 552.78 | O47: 552.78 | P47: 234.63 | Q47: 234.63 | R47: =$B$38*R$3*$B47 -> 199.82693 | S47: =$B$38*S$3*$B47 -> 198.31966 | T47: =$B$38*T$3*$B47 -> 196.82376 | U47: =$B$38*U$3*$B47 -> 195.33915 | V47: =$B$38*V$3*$B47 -> 193.86574 | W47: =$B$38*W$3*$B47 -> 192.40364 | X47: =$B$38*X$3*$B47 -> 190.95219 | Y47: =$B$38*Y$3*$B47 -> 189.51169 | ... AD47: =$B$38*AD$3*$B47 -> 182.47205
B48: =+Q48/SUM(Q$39:Q$48) -> 0.00102786 | C48: Plantación forestal | D48: Humedales | E48: 0 | F48: =+(E48+G48)/2 -> 0 | G48: 0 | H48: =+(G48+I48)/2 -> 0 | I48: 0 | J48: =+(I48+K48)/2 -> 54.81 | K48: 109.62 | L48: =+(K48+M48)/2 -> 63.77 | M48: 17.92 | N48: 18.99 | O48: 18.99 | P48: 7.2 | Q48: 7.2 | R48: =$B$38*R$3*$B48 -> 6.1320115 | S48: =$B$38*S$3*$B48 -> 6.0857585 | T48: =$B$38*T$3*$B48 -> 6.0398546 | U48: =$B$38*U$3*$B48 -> 5.9942969 | V48: =$B$38*V$3*$B48 -> 5.949083 | W48: =$B$38*W$3*$B48 -> 5.9042159 | X48: =$B$38*X$3*$B48 -> 5.8596759 | Y48: =$B$38*Y$3*$B48 -> 5.815472 | ... AD48: =$B$38*AD$3*$B48 -> 5.599449
C49: Tierras de cultivo | D49: Humedales | E49: 7739.04 | F49: =+(E49+G49)/2 -> 7739.04 | G49: 7739.04 | H49: =+(G49+I49)/2 -> 7739.04 | I49: 7739.04 | J49: =+(I49+K49)/2 -> 7635.755 | K49: 7532.47 | L49: =+(K49+M49)/2 -> 7934.135 | M49: 8335.8 | N49: 7082.69 | O49: 7082.69 | P49: 1511.69 | Q49: 1511.69 | R49: 1511.69 | S49: 1511.69 | T49: 1511.69 | U49: 1511.69 | V49: 1511.69 | W49: 1511.69 | X49: 1511.69 | Y49: 1511.69 | Z49: 1511.69 | AA49: 1511.69 | AB49: 1511.69 | AC49: 1511.69 | AD49: 1511.69
C50: Pastizales | D50: Humedales | E50: 420.26 | F50: =+(E50+G50)/2 -> 420.26 | G50: 420.26 | H50: =+(G50+I50)/2 -> 420.26 | I50: 420.26 | J50: =+(I50+K50)/2 -> 654.665 | K50: 889.07 | L50: =+(K50+M50)/2 -> 530.35 | M50: 171.63 | N50: 1057.6 | O50: 1057.6 | P50: 137.48 | Q50: 137.48 | R50: 137.48 | S50: 137.48 | T50: 137.48 | U50: 137.48 | V50: 137.48 | W50: 137.48 | X50: 137.48 | Y50: 137.48 | Z50: 137.48 | AA50: 137.48 | AB50: 137.48 | AC50: 137.48 | AD50: 137.48
C51: Otras tierras | D51: Humedales | E51: 1846.79 | F51: =+(E51+G51)/2 -> 1846.79 | G51: 1846.79 | H51: =+(G51+I51)/2 -> 1846.79 | I51: 1846.79 | J51: =+(I51+K51)/2 -> 2744.69 | K51: 3642.59 | L51: =+(K51+M51)/2 -> 2664.24 | M51: 1685.89 | N51: 3312.72 | O51: 3312.72 | P51: 218.03 | Q51: 218.03 | R51: 218.03 | S51: 218.03 | T51: 218.03 | U51: 218.03 | V51: 218.03 | W51: 218.03 | X51: 218.03 | Y51: 218.03 | Z51: 218.03 | AA51: 218.03 | AB51: 218.03 | AC51: 218.03 | AD51: 218.03
C52: Humedales | D52: Humedales | E52: 73259.99 | F52: =+(E52+G52)/2 -> 73259.99 | G52: 73259.99 | H52: =+(G52+I52)/2 -> 73259.99 | I52: 73259.99 | J52: =+(I52+K52)/2 -> 153639.49 | K52: 234019 | L52: =+(K52+M52)/2 -> 234342.25 | M52: 234665.5 | N52: 149613.58 | O52: 149613.58 | P52: 160534.13 | Q52: 160534.13 | R52: 160534.13 | S52: 160534.13 | T52: 160534.13 | U52: 160534.13 | V52: 160534.13 | W52: 160534.13 | X52: 160534.13 | Y52: 160534.13 | Z52: 160534.13 | AA52: 160534.13 | AB52: 160534.13 | AC52: 160534.13 | AD52: 160534.13
B54: Asentamientos
B55: =+SUM(Q56:Q65)/(SUM(Q56:Q65)+SUM(Q74:Q83)+SUM(Q39:Q48)+SUM(Q4:Q13)+SUM(Q22:Q31)) -> 0.02079029
B56: =+Q56/SUM(Q$56:Q$65) -> 0 | C56: B. Seco Andino | D56: Asentamientos | E56: 0 | F56: =+(E56+G56)/2 -> 0 | G56: 0 | H56: =+(G56+I56)/2 -> 0 | I56: 0 | J56: =+(I56+K56)/2 -> 0 | K56: 0 | L56: =+(K56+M56)/2 -> 5.1975 | M56: 10.395 | N56: 7.52 | O56: 7.52 | P56: 0 | Q56: 0 | R56: =$B$55*R$3*$B56 -> 0 | S56: =$B$55*S$3*$B56 -> 0 | T56: =$B$55*T$3*$B56 -> 0 | U56: =$B$55*U$3*$B56 -> 0 | V56: =$B$55*V$3*$B56 -> 0 | W56: =$B$55*W$3*$B56 -> 0 | X56: =$B$55*X$3*$B56 -> 0 | Y56: =$B$55*Y$3*$B56 -> 0 | ... AD56: =$B$55*AD$3*$B56 -> 0
B57: =+Q57/SUM(Q$56:Q$65) -> 0.3596207 | C57: B. Seco Pluvioestacional | D57: Asentamientos | E57: 390 | F57: =+(E57+G57)/2 -> 390 | G57: 390 | H57: =+(G57+I57)/2 -> 390 | I57: 390 | J57: =+(I57+K57)/2 -> 232.5075 | K57: 75.015 | L57: =+(K57+M57)/2 -> 75.24 | M57: 75.465 | N57: 527.67 | O57: 527.67 | P57: 802.49 | Q57: 802.49 | R57: =$B$55*R$3*$B57 -> 683.45527 | S57: =$B$55*S$3*$B57 -> 678.30005 | T57: =$B$55*T$3*$B57 -> 673.18373 | U57: =$B$55*U$3*$B57 -> 668.10602 | V57: =$B$55*V$3*$B57 -> 663.06661 | W57: =$B$55*W$3*$B57 -> 658.06587 | X57: =$B$55*X$3*$B57 -> 653.10157 | Y57: =$B$55*Y$3*$B57 -> 648.17473 | ... AD57: =$B$55*AD$3*$B57 -> 624.09748
B58: =+Q58/SUM(Q$56:Q$65) -> 0.055317299 | C58: B. Siempre verde andino Montano | D58: Asentamientos | E58: 42.465 | F58: =+(E58+G58)/2 -> 42.465 | G58: 42.465 | H58: =+(G58+I58)/2 -> 42.465 | I58: 42.465 | J58: =+(I58+K58)/2 -> 54.825 | K58: 67.185 | L58: =+(K58+M58)/2 -> 89.0325 | M58: 110.88 | N58: 59.4 | O58: 59.4 | P58: 123.44 | Q58: 123.44 | R58: =$B$55*R$3*$B58 -> 105.12993 | S58: =$B$55*S$3*$B58 -> 104.33695 | T58: =$B$55*T$3*$B58 -> 103.54995 | U58: =$B$55*U$3*$B58 -> 102.76889 | V58: =$B$55*V$3*$B58 -> 101.99372 | W58: =$B$55*W$3*$B58 -> 101.2245 | X58: =$B$55*X$3*$B58 -> 100.46089 | Y58: =$B$55*Y$3*$B58 -> 99.703036 | ... AD58: =$B$55*AD$3*$B58 -> 95.999443
B59: =+Q59/SUM(Q$56:Q$65) -> 0.062093041 | C59: B. Siempre verde andino Pie montano | D59: Asentamientos | E59: 51.255 | F59: =+(E59+G59)/2 -> 51.255 | G59: 51.255 | H59: =+(G59+I59)/2 -> 51.255 | I59: 51.255 | J59: =+(I59+K59)/2 -> 48.96 | K59: 46.665 | L59: =+(K59+M59)/2 -> 61.7175 | M59: 76.77 | N59: 99.45 | O59: 99.45 | P59: 138.56 | Q59: 138.56 | R59: =$B$55*R$3*$B59 -> 118.00715 | S59: =$B$55*S$3*$B59 -> 117.11704 | T59: =$B$55*T$3*$B59 -> 116.23365 | U59: =$B$55*U$3*$B59 -> 115.35691 | V59: =$B$55*V$3*$B59 -> 114.4868 | W59: =$B$55*W$3*$B59 -> 113.62336 | X59: =$B$55*X$3*$B59 -> 112.76621 | Y59: =$B$55*Y$3*$B59 -> 111.91553 | ... AD59: =$B$55*AD$3*$B59 -> 107.75829
B60: =+Q60/SUM(Q$56:Q$65) -> 0.00024199078 | C60: B. Siempre verde andino de Ceja Andina | D60: Asentamientos | E60: 18.06 | F60: =+(E60+G60)/2 -> 18.06 | G60: 18.06 | H60: =+(G60+I60)/2 -> 18.06 | I60: 18.06 | J60: =+(I60+K60)/2 -> 21.2925 | K60: 24.525 | L60: =+(K60+M60)/2 -> 28.17 | M60: 31.815 | N60: 39.65 | O60: 39.65 | P60: 0.54 | Q60: 0.54 | R60: =$B$55*R$3*$B60 -> 0.45990086 | S60: =$B$55*S$3*$B60 -> 0.45643189 | T60: =$B$55*T$3*$B60 -> 0.45298909 | U60: =$B$55*U$3*$B60 -> 0.44957227 | V60: =$B$55*V$3*$B60 -> 0.44618122 | W60: =$B$55*W$3*$B60 -> 0.44281619 | X60: =$B$55*X$3*$B60 -> 0.43947569 | Y60: =$B$55*Y$3*$B60 -> 0.4361604 | ... AD60: =$B$55*AD$3*$B60 -> 0.41995868
B61: =+Q61/SUM(Q$56:Q$65) -> 0.38628002 | C61: B. Siempre verde de tierras bajas de la Amazonía | D61: Asentamientos | E61: 102.555 | F61: =+(E61+G61)/2 -> 102.555 | G61: 102.555 | H61: =+(G61+I61)/2 -> 102.555 | I61: 102.555 | J61: =+(I61+K61)/2 -> 107.235 | K61: 111.915 | L61: =+(K61+M61)/2 -> 157.9725 | M61: 204.03 | N61: 300.74 | O61: 300.74 | P61: 861.98 | Q61: 861.98 | R61: =$B$55*R$3*$B61 -> 734.12101 | S61: =$B$55*S$3*$B61 -> 728.58363 | T61: =$B$55*T$3*$B61 -> 723.08803 | U61: =$B$55*U$3*$B61 -> 717.63389 | V61: =$B$55*V$3*$B61 -> 712.22091 | W61: =$B$55*W$3*$B61 -> 706.84945 | X61: =$B$55*X$3*$B61 -> 701.51714 | Y61: =$B$55*Y$3*$B61 -> 696.22507 | ... AD61: =$B$55*AD$3*$B61 -> 670.36293
B62: =+Q62/SUM(Q$56:Q$65) -> 0.090325298 | C62: B. Siempre verde de tierras bajas del Chocó | D62: Asentamientos | E62: 30.825 | F62: =+(E62+G62)/2 -> 30.825 | G62: 30.825 | H62: =+(G62+I62)/2 -> 30.825 | I62: 30.825 | J62: =+(I62+K62)/2 -> 22.77 | K62: 14.715 | L62: =+(K62+M62)/2 -> 18.09 | M62: 21.465 | N62: 33.98 | O62: 33.98 | P62: 201.56 | Q62: 201.56 | R62: =$B$55*R$3*$B62 -> 171.66226 | S62: =$B$55*S$3*$B62 -> 170.36743 | T62: =$B$55*T$3*$B62 -> 169.08237 | U62: =$B$55*U$3*$B62 -> 167.80701 | V62: =$B$55*V$3*$B62 -> 166.54127 | W62: =$B$55*W$3*$B62 -> 165.28524 | X62: =$B$55*X$3*$B62 -> 164.03837 | Y62: =$B$55*Y$3*$B62 -> 162.80091 | ... AD62: =$B$55*AD$3*$B62 -> 156.75347
B63: =+Q63/SUM(Q$56:Q$65) -> 0.035272396 | C63: Manglar | D63: Asentamientos | E63: 33.63 | F63: =+(E63+G63)/2 -> 33.63 | G63: 33.63 | H63: =+(G63+I63)/2 -> 33.63 | I63: 33.63 | J63: =+(I63+K63)/2 -> 20.8425 | K63: 8.055 | L63: =+(K63+M63)/2 -> 11.6775 | M63: 15.3 | N63: 2210.72 | O63: 2210.72 | P63: 78.71 | Q63: 78.71 | R63: =$B$55*R$3*$B63 -> 67.034809 | S63: =$B$55*S$3*$B63 -> 66.529174 | T63: =$B$55*T$3*$B63 -> 66.027354 | U63: =$B$55*U$3*$B63 -> 65.529321 | V63: =$B$55*V$3*$B63 -> 65.035045 | W63: =$B$55*W$3*$B63 -> 64.54456 | X63: =$B$55*X$3*$B63 -> 64.057651 | Y63: =$B$55*Y$3*$B63 -> 63.574416 | ... AD63: =$B$55*AD$3*$B63 -> 61.212866
B64: =+Q64/SUM(Q$56:Q$65) -> 0.005928774 | C64: Moretal | D64: Asentamientos | E64: 1.83 | F64: =+(E64+G64)/2 -> 1.83 | G64: 1.83 | H64: =+(G64+I64)/2 -> 1.83 | I64: 1.83 | J64: =+(I64+K64)/2 -> 2.58 | K64: 3.33 | L64: =+(K64+M64)/2 -> 4.6575 | M64: 5.985 | N64: 6.53 | O64: 6.53 | P64: 13.23 | Q64: 13.23 | R64: =$B$55*R$3*$B64 -> 11.267571 | S64: =$B$55*S$3*$B64 -> 11.182581 | T64: =$B$55*T$3*$B64 -> 11.098233 | U64: =$B$55*U$3*$B64 -> 11.014521 | V64: =$B$55*V$3*$B64 -> 10.93144 | W64: =$B$55*W$3*$B64 -> 10.848997 | X64: =$B$55*X$3*$B64 -> 10.767154 | Y64: =$B$55*Y$3*$B64 -> 10.68593 | ... AD64: =$B$55*AD$3*$B64 -> 10.288988
B65: =+Q65/SUM(Q$56:Q$65) -> 0.0049204791 | C65: Plantación forestal | D65: Asentamientos | E65: 20.58 | F65: =+(E65+G65)/2 -> 20.58 | G65: 20.58 | H65: =+(G65+I65)/2 -> 20.58 | I65: 20.58 | J65: =+(I65+K65)/2 -> 44.92 | K65: 69.26 | L65: =+(K65+M65)/2 -> 122.875 | M65: 176.49 | N65: 53.46 | O65: 53.46 | P65: 10.98 | Q65: 10.98 | R65: =$B$55*R$3*$B65 -> 9.3513176 | S65: =$B$55*S$3*$B65 -> 9.2807818 | T65: =$B$55*T$3*$B65 -> 9.2107782 | U65: =$B$55*U$3*$B65 -> 9.1413028 | V65: =$B$55*V$3*$B65 -> 9.0723515 | W65: =$B$55*W$3*$B65 -> 9.0039293 | X65: =$B$55*X$3*$B65 -> 8.9360057 | Y65: =$B$55*Y$3*$B65 -> 8.8685947 | ... AD65: =$B$55*AD$3*$B65 -> 8.5391598
C66: Tierras de cultivo | D66: Asentamientos | E66: 9692.42 | F66: =+(E66+G66)/2 -> 9692.42 | G66: 9692.42 | H66: =+(G66+I66)/2 -> 9692.42 | I66: 9692.42 | J66: =+(I66+K66)/2 -> 6006.265 | K66: 2320.11 | L66: =+(K66+M66)/2 -> 8269.555 | M66: 14219 | N66: 3174.03 | O66: 3174.03 | P66: 11997.5 | Q66: 11997.5 | R66: 11997.5 | S66: 11997.5 | T66: 11997.5 | U66: 11997.5 | V66: 11997.5 | W66: 11997.5 | X66: 11997.5 | Y66: 11997.5 | Z66: 11997.5 | AA66: 11997.5 | AB66: 11997.5 | AC66: 11997.5 | AD66: 11997.5
C67: Pastizales | D67: Asentamientos | E67: 614.62 | F67: 614.62 | G67: 614.62 | H67: 614.62 | I67: 614.62 | J67: 481.89 | K67: 349.16 | L67: 314.825 | M67: 280.49 | N67: 230.99 | O67: 230.99 | P67: 1935.81 | Q67: 1935.81 | R67: 1935.81 | S67: 1935.81 | T67: 1935.81 | U67: 1935.81 | V67: 1935.81 | W67: 1935.81 | X67: 1935.81 | Y67: 1935.81 | Z67: 1935.81 | AA67: 1935.81 | AB67: 1935.81 | AC67: 1935.81 | AD67: 1935.81
C68: Humedales | D68: Asentamientos | E68: 275.76 | F68: =+(E68+G68)/2 -> 275.76 | G68: 275.76 | H68: =+(G68+I68)/2 -> 275.76 | I68: 275.76 | J68: =+(I68+K68)/2 -> 261.45 | K68: 247.14 | L68: =+(K68+M68)/2 -> 345.355 | M68: 443.57 | N68: 95151.11 | O68: 95151.11 | P68: 494.06 | Q68: 494.06 | R68: 494.06 | S68: 494.06 | T68: 494.06 | U68: 494.06 | V68: 494.06 | W68: 494.06 | X68: 494.06 | Y68: 494.06 | Z68: 494.06 | AA68: 494.06 | AB68: 494.06 | AC68: 494.06 | AD68: 494.06
C69: Otras tierras | D69: Asentamientos | E69: 223.995 | F69: =+(E69+G69)/2 -> 223.995 | G69: 223.995 | H69: =+(G69+I69)/2 -> 223.995 | I69: 223.995 | J69: =+(I69+K69)/2 -> 174.4275 | K69: 124.86 | L69: =+(K69+M69)/2 -> 436.92 | M69: 748.98 | N69: 871.12 | O69: 871.12 | P69: 2832.75 | Q69: 2832.75 | R69: 2832.75 | S69: 2832.75 | T69: 2832.75 | U69: 2832.75 | V69: 2832.75 | W69: 2832.75 | X69: 2832.75 | Y69: 2832.75 | Z69: 2832.75 | AA69: 2832.75 | AB69: 2832.75 | AC69: 2832.75 | AD69: 2832.75
C70: Asentamientos | D70: Asentamientos | E70: 29525.66 | F70: =+(E70+G70)/2 -> 29525.66 | G70: 29525.66 | H70: =+(G70+I70)/2 -> 29525.66 | I70: 29525.66 | J70: =+(I70+K70)/2 -> 76298.58 | K70: 123071.5 | L70: =+(K70+M70)/2 -> 124802.24 | M70: 126532.98 | N70: 142953.79 | O70: 142953.79 | P70: 245067.53 | Q70: 245067.53 | R70: 245067.53 | S70: 245067.53 | T70: 245067.53 | U70: 245067.53 | V70: 245067.53 | W70: 245067.53 | X70: 245067.53 | Y70: 245067.53 | Z70: 245067.53 | AA70: 245067.53 | AB70: 245067.53 | AC70: 245067.53 | AD70: 245067.53
B72: Otras tierras
B73: =+SUM(Q74:Q83)/(SUM(Q74:Q83)+SUM(Q4:Q13)+SUM(Q22:Q31)+SUM(Q39:Q48)+SUM(Q56:Q65)) -> 0.0031249394
B74: =+Q74/SUM(Q$74:Q$83) -> 0.0021466265 | C74: B. Seco Andino | D74: Otras tierras | E74: 0.42 | F74: =+(E74+G74)/2 -> 0.42 | G74: 0.42 | H74: =+(G74+I74)/2 -> 0.42 | I74: 0.42 | J74: =+(I74+K74)/2 -> 18.7725 | K74: 37.125 | L74: =+(K74+M74)/2 -> 28.3725 | M74: 19.62 | N74: 8.37 | O74: 8.37 | P74: 0.72 | Q74: 0.72 | R74: =$B$73*R$3*$B74 -> 0.61320115 | S74: =$B$73*S$3*$B74 -> 0.60857585 | T74: =$B$73*T$3*$B74 -> 0.60398546 | U74: =$B$73*U$3*$B74 -> 0.59942969 | V74: =$B$73*V$3*$B74 -> 0.5949083 | W74: =$B$73*W$3*$B74 -> 0.59042159 | X74: =$B$73*X$3*$B74 -> 0.58596759 | Y74: =$B$73*Y$3*$B74 -> 0.5815472 | ... AD74: =$B$73*AD$3*$B74 -> 0.5599449
B75: =+Q75/SUM(Q$74:Q$83) -> 0.039712591 | C75: B. Seco Pluvioestacional | D75: Otras tierras | E75: 497.685 | F75: =+(E75+G75)/2 -> 497.685 | G75: 497.685 | H75: =+(G75+I75)/2 -> 497.685 | I75: 497.685 | J75: =+(I75+K75)/2 -> 486.7575 | K75: 475.83 | L75: =+(K75+M75)/2 -> 299.4525 | M75: 123.075 | N75: 87.35 | O75: 87.35 | P75: 13.32 | Q75: 13.32 | R75: =$B$73*R$3*$B75 -> 11.344221 | S75: =$B$73*S$3*$B75 -> 11.258653 | T75: =$B$73*T$3*$B75 -> 11.173731 | U75: =$B$73*U$3*$B75 -> 11.089449 | V75: =$B$73*V$3*$B75 -> 11.005803 | W75: =$B$73*W$3*$B75 -> 10.922799 | X75: =$B$73*X$3*$B75 -> 10.8404 | Y75: =$B$73*Y$3*$B75 -> 10.758623 | ... AD75: =$B$73*AD$3*$B75 -> 10.358981
B76: =+Q76/SUM(Q$74:Q$83) -> 0.1141886 | C76: B. Siempre verde andino Montano | D76: Otras tierras | E76: 52.05 | F76: =+(E76+G76)/2 -> 52.05 | G76: 52.05 | H76: =+(G76+I76)/2 -> 52.05 | I76: 52.05 | J76: =+(I76+K76)/2 -> 244.8375 | K76: 437.625 | L76: =+(K76+M76)/2 -> 332.0325 | M76: 226.44 | N76: 220.41 | O76: 220.41 | P76: 38.3 | Q76: 38.3 | R76: =$B$73*R$3*$B76 -> 32.618895 | S76: =$B$73*S$3*$B76 -> 32.372854 | T76: =$B$73*T$3*$B76 -> 32.128671 | U76: =$B$73*U$3*$B76 -> 31.886329 | V76: =$B$73*V$3*$B76 -> 31.645816 | W76: =$B$73*W$3*$B76 -> 31.407149 | X76: =$B$73*X$3*$B76 -> 31.17022 | Y76: =$B$73*Y$3*$B76 -> 30.93508 | ... AD76: =$B$73*AD$3*$B76 -> 29.785958
B77: =+Q77/SUM(Q$74:Q$83) -> 0.18502728 | C77: B. Siempre verde andino Pie montano | D77: Otras tierras | E77: 22.185 | F77: =+(E77+G77)/2 -> 22.185 | G77: 22.185 | H77: =+(G77+I77)/2 -> 22.185 | I77: 22.185 | J77: =+(I77+K77)/2 -> 63.2475 | K77: 104.31 | L77: =+(K77+M77)/2 -> 125.865 | M77: 147.42 | N77: 49.95 | O77: 49.95 | P77: 62.06 | Q77: 62.06 | R77: =$B$73*R$3*$B77 -> 52.854533 | S77: =$B$73*S$3*$B77 -> 52.455858 | T77: =$B$73*T$3*$B77 -> 52.060191 | U77: =$B$73*U$3*$B77 -> 51.667509 | V77: =$B$73*V$3*$B77 -> 51.27779 | W77: =$B$73*W$3*$B77 -> 50.891061 | X77: =$B$73*X$3*$B77 -> 50.507151 | Y77: =$B$73*Y$3*$B77 -> 50.126137 | ... AD77: =$B$73*AD$3*$B77 -> 48.26414
B78: =+Q78/SUM(Q$74:Q$83) -> 0.021883665 | C78: B. Siempre verde andino de Ceja Andina | D78: Otras tierras | E78: 76.41 | F78: =+(E78+G78)/2 -> 76.41 | G78: 76.41 | H78: =+(G78+I78)/2 -> 76.41 | I78: 76.41 | J78: =+(I78+K78)/2 -> 147.915 | K78: 219.42 | L78: =+(K78+M78)/2 -> 177.3225 | M78: 135.225 | N78: 102.15 | O78: 102.15 | P78: 7.34 | Q78: 7.34 | R78: =$B$73*R$3*$B78 -> 6.2512451 | S78: =$B$73*S$3*$B78 -> 6.2040927 | T78: =$B$73*T$3*$B78 -> 6.1572962 | U78: =$B$73*U$3*$B78 -> 6.1108527 | V78: =$B$73*V$3*$B78 -> 6.0647596 | W78: =$B$73*W$3*$B78 -> 6.0190201 | X78: =$B$73*X$3*$B78 -> 5.973614 | Y78: =$B$73*Y$3*$B78 -> 5.9285506 | ... AD78: =$B$73*AD$3*$B78 -> 5.7083272
B79: =+Q79/SUM(Q$74:Q$83) -> 0.5079455 | C79: B. Siempre verde de tierras bajas de la Amazonía | D79: Otras tierras | E79: 64.305 | F79: =+(E79+G79)/2 -> 64.305 | G79: 64.305 | H79: =+(G79+I79)/2 -> 64.305 | I79: 64.305 | J79: =+(I79+K79)/2 -> 285.2775 | K79: 506.25 | L79: =+(K79+M79)/2 -> 589.185 | M79: 672.12 | N79: 582.98 | O79: 582.98 | P79: 170.37 | Q79: 170.37 | R79: =$B$73*R$3*$B79 -> 145.09872 | S79: =$B$73*S$3*$B79 -> 144.00426 | T79: =$B$73*T$3*$B79 -> 142.91806 | U79: =$B$73*U$3*$B79 -> 141.84005 | V79: =$B$73*V$3*$B79 -> 140.77018 | W79: =$B$73*W$3*$B79 -> 139.70851 | X79: =$B$73*X$3*$B79 -> 138.65458 | Y79: =$B$73*Y$3*$B79 -> 137.60861 | ... AD79: =$B$73*AD$3*$B79 -> 132.49696
B80: =+Q80/SUM(Q$74:Q$83) -> 0.010077219 | C80: B. Siempre verde de tierras bajas del Chocó | D80: Otras tierras | E80: 17.655 | F80: =+(E80+G80)/2 -> 17.655 | G80: 17.655 | H80: =+(G80+I80)/2 -> 17.655 | I80: 17.655 | J80: =+(I80+K80)/2 -> 32.3625 | K80: 47.07 | L80: =+(K80+M80)/2 -> 62.6175 | M80: 78.165 | N80: 73.22 | O80: 73.22 | P80: 3.38 | Q80: 3.38 | R80: =$B$73*R$3*$B80 -> 2.8786387 | S80: =$B$73*S$3*$B80 -> 2.8569255 | T80: =$B$73*T$3*$B80 -> 2.8353762 | U80: =$B$73*U$3*$B80 -> 2.8139894 | V80: =$B$73*V$3*$B80 -> 2.7927639 | W80: =$B$73*W$3*$B80 -> 2.7717014 | X80: =$B$73*X$3*$B80 -> 2.7507923 | Y80: =$B$73*Y$3*$B80 -> 2.730041 | ... AD80: =$B$73*AD$3*$B80 -> 2.6286302
B81: =+Q81/SUM(Q$74:Q$83) -> 0.059449629 | C81: Manglar | D81: Otras tierras | E81: 71.25 | F81: =+(E81+G81)/2 -> 71.25 | G81: 71.25 | H81: =+(G81+I81)/2 -> 71.25 | I81: 71.25 | J81: =+(I81+K81)/2 -> 133.3425 | K81: 195.435 | L81: =+(K81+M81)/2 -> 191.655 | M81: 187.875 | N81: 191.3 | O81: 191.3 | P81: 19.94 | Q81: 19.94 | R81: =$B$73*R$3*$B81 -> 16.982265 | S81: =$B$73*S$3*$B81 -> 16.85417 | T81: =$B$73*T$3*$B81 -> 16.727042 | U81: =$B$73*U$3*$B81 -> 16.600872 | V81: =$B$73*V$3*$B81 -> 16.475655 | W81: =$B$73*W$3*$B81 -> 16.351398 | X81: =$B$73*X$3*$B81 -> 16.228047 | Y81: =$B$73*Y$3*$B81 -> 16.105627 | ... AD81: =$B$73*AD$3*$B81 -> 15.507363
B82: =+Q82/SUM(Q$74:Q$83) -> 0.02871113 | C82: Moretal | D82: Otras tierras | E82: 1.605 | F82: =+(E82+G82)/2 -> 1.605 | G82: 1.605 | H82: =+(G82+I82)/2 -> 1.605 | I82: 1.605 | J82: =+(I82+K82)/2 -> 6.7425 | K82: 11.88 | L82: =+(K82+M82)/2 -> 9.315 | M82: 6.75 | N82: 8.55 | O82: 8.55 | P82: 9.63 | Q82: 9.63 | R82: =$B$73*R$3*$B82 -> 8.2015654 | S82: =$B$73*S$3*$B82 -> 8.1397021 | T82: =$B$73*T$3*$B82 -> 8.0783055 | U82: =$B$73*U$3*$B82 -> 8.0173721 | V82: =$B$73*V$3*$B82 -> 7.9568985 | W82: =$B$73*W$3*$B82 -> 7.8968888 | X82: =$B$73*X$3*$B82 -> 7.8373165 | Y82: =$B$73*Y$3*$B82 -> 7.7781937 | ... AD82: =$B$73*AD$3*$B82 -> 7.4892631
B83: =+Q83/SUM(Q$74:Q$83) -> 0.030857756 | C83: Plantación forestal | D83: Otras tierras | E83: 34.95 | F83: =+(E83+G83)/2 -> 34.95 | G83: 34.95 | H83: =+(G83+I83)/2 -> 34.95 | I83: 34.95 | J83: =+(I83+K83)/2 -> 105.4725 | K83: 175.995 | L83: =+(K83+M83)/2 -> 180.2275 | M83: 184.46 | N83: 7.38 | O83: 7.38 | P83: 10.35 | Q83: 10.35 | R83: =$B$73*R$3*$B83 -> 8.8147665 | S83: =$B$73*S$3*$B83 -> 8.7482779 | T83: =$B$73*T$3*$B83 -> 8.6822909 | U83: =$B$73*U$3*$B83 -> 8.6168018 | V83: =$B$73*V$3*$B83 -> 8.5518068 | W83: =$B$73*W$3*$B83 -> 8.4873104 | X83: =$B$73*X$3*$B83 -> 8.4232841 | Y83: =$B$73*Y$3*$B83 -> 8.3597409 | ... AD83: =$B$73*AD$3*$B83 -> 8.049208
C84: Tierras de cultivo | D84: Otras tierras | E84: 3381.825 | F84: =+(E84+G84)/2 -> 3381.825 | G84: 3381.825 | H84: =+(G84+I84)/2 -> 3381.825 | I84: 3381.825 | J84: =+(I84+K84)/2 -> 2758.695 | K84: 2135.565 | L84: =+(K84+M84)/2 -> 3725.7825 | M84: 5316 | N84: 196.43 | O84: 196.43 | P84: 2343.11 | Q84: 2343.11 | R84: 2343.11 | S84: 2343.11 | T84: 2343.11 | U84: 2343.11 | V84: 2343.11 | W84: 2343.11 | X84: 2343.11 | Y84: 2343.11 | Z84: 2343.11 | AA84: 2343.11 | AB84: 2343.11 | AC84: 2343.11 | AD84: 2343.11
C85: Pastizales | D85: Otras tierras | E85: 1159.85 | F85: 1147.2 | G85: 1159.85 | H85: 1147.2 | I85: 1159.85 | J85: 1314.71 | K85: 2422.53 | L85: 1390.06 | M85: 974.48 | N85: 464.18 | O85: 464.18 | P85: 465.71 | Q85: 465.71 | R85: 465.71 | S85: 465.71 | T85: 465.71 | U85: 465.71 | V85: 465.71 | W85: 465.71 | X85: 465.71 | Y85: 465.71 | Z85: 465.71 | AA85: 465.71 | AB85: 465.71 | AC85: 465.71 | AD85: 465.71
C86: Humedales | D86: Otras tierras | E86: 1795.99 | F86: =+(E86+G86)/2 -> 1795.99 | G86: 1795.99 | H86: =+(G86+I86)/2 -> 1795.99 | I86: 1795.99 | J86: =+(I86+K86)/2 -> 1414.64 | K86: 1033.29 | L86: =+(K86+M86)/2 -> 2623.5 | M86: 4213.71 | N86: 26.96 | O86: 26.96 | P86: 341.55 | Q86: 341.55 | R86: 341.55 | S86: 341.55 | T86: 341.55 | U86: 341.55 | V86: 341.55 | W86: 341.55 | X86: 341.55 | Y86: 341.55 | Z86: 341.55 | AA86: 341.55 | AB86: 341.55 | AC86: 341.55 | AD86: 341.55
C87: Asentamientos | D87: Otras tierras | E87: 0 | F87: =+(E87+G87)/2 -> 0 | G87: 0 | H87: =+(G87+I87)/2 -> 0 | I87: 0 | J87: =+(I87+K87)/2 -> 0 | K87: 0 | L87: =+(K87+M87)/2 -> 0 | M87: 0 | N87: 0 | O87: 0 | P87: 0 | Q87: 0 | R87: 0 | S87: 0 | T87: 0 | U87: 0 | V87: 0 | W87: 0 | X87: 0 | Y87: 0 | Z87: 0 | AA87: 0 | AB87: 0 | AC87: 0 | AD87: 0
C88: Otras tierras | D88: Otras tierras | E88: 12896.16 | F88: =+(E88+G88)/2 -> 12896.16 | G88: 12896.16 | H88: =+(G88+I88)/2 -> 12896.16 | I88: 12896.16 | J88: =+(I88+K88)/2 -> 27577.08 | K88: 42258 | L88: =+(K88+M88)/2 -> 42133.493 | M88: 42008.985 | N88: 49029.57 | O88: 49029.57 | P88: 42009.84 | Q88: 42009.84 | R88: 42009.84 | S88: 42009.84 | T88: 42009.84 | U88: 42009.84 | V88: 42009.84 | W88: 42009.84 | X88: 42009.84 | Y88: 42009.84 | Z88: 42009.84 | AA88: 42009.84 | AB88: 42009.84 | AC88: 42009.84 | AD88: 42009.84

Sheet MEDIDAS_INCOND
A1: Referencia | B1: Ecuador | C1: 2026 | D1: 2027 | E1: 2028 | F1: 2029 | G1: 2030 | H1: 2031 | I1: 2032 | J1: 2033 | K1: 2034 | L1: 2035
B3: Medida | C3: Emisiones acumuladas por deforestación evitada (miles de Ton CO2eq) | D3: Emisiones acumuladas por absorción de carbono (miles de Ton CO2eq) | E3: Potencial de mitigación total (miles de Ton CO2eq)
B4: Taita Imbaura | C4: =+SUM(C22:L24) -> 6.775896 | D4: =+SUM(C37:L39) -> 10.61954 | E4: =+C4+D4 -> 17.395436
B5: WWF Proyecto Selva | C5: =+SUM(C59:E59) -> 144.09309 | D5: =+SUM(C49:E49) -> 337.83 | E5: =+C5+D5 -> 481.92309
B8: Medida 3: Taita Imbaura
B9: Efecto: Deforestación evitada
B10: Coberturas (miles de hectáreas)
A11: Deforestación evitada en 10 años 173 ha según información de iniciativas | B11: Bosque Siempre Verde Andino de Ceja Andina | C11: =+(173*0.48/100)/1000 -> 0.0008304 | D11: =+((173/1000)-(SUM($C11:C11)))*(0.48/100) -> 0.00082641408 | E11: =+((173/1000)-(SUM($C11:D11)))*(0.48/100) -> 0.00082244729 | F11: =+((173/1000)-(SUM($C11:E11)))*(0.48/100) -> 0.00081849955 | G11: =+((173/1000)-(SUM($C11:F11)))*(0.48/100) -> 0.00081457075 | H11: =+((173/1000)-(SUM($C11:G11)))*(0.48/100) -> 0.00081066081 | I11: =+((173/1000)-(SUM($C11:H11)))*(0.48/100) -> 0.00080676964 | J11: =+((173/1000)-(SUM($C11:I11)))*(0.48/100) -> 0.00080289714 | K11: =+((173/1000)-(SUM($C11:J11)))*(0.48/100) -> 0.00079904324 | L11: =+((173/1000)-(SUM($C11:K11)))*(0.48/100) -> 0.00079520783
A12: Deforestación evitada en 10 años 80 ha según información de iniciativas | B12: Bosque Siempre Verde Andino Montano | C12: =+(80*0.48/100)/1000 -> 0.000384 | D12: =+((80/1000)-(SUM($C12:C12)))*(0.48/100) -> 0.0003821568 | E12: =+((80/1000)-(SUM($C12:D12)))*(0.48/100) -> 0.00038032245 | F12: =+((80/1000)-(SUM($C12:E12)))*(0.48/100) -> 0.0003784969 | G12: =+((80/1000)-(SUM($C12:F12)))*(0.48/100) -> 0.00037668011 | H12: =+((80/1000)-(SUM($C12:G12)))*(0.48/100) -> 0.00037487205 | I12: =+((80/1000)-(SUM($C12:H12)))*(0.48/100) -> 0.00037307266 | J12: =+((80/1000)-(SUM($C12:I12)))*(0.48/100) -> 0.00037128192 | K12: =+((80/1000)-(SUM($C12:J12)))*(0.48/100) -> 0.00036949976 | L12: =+((80/1000)-(SUM($C12:K12)))*(0.48/100) -> 0.00036772616
A13: Deforestación evitada en 10 años 102 ha según información de iniciativas | B13: Bosque Siempre Verde Andino de Ceja Andina | C13: =+(102*0.48/100)/1000 -> 0.0004896 | D13: =+((102/1000)-(SUM($C13:C13)))*(0.48/100) -> 0.00048724992 | E13: =+((102/1000)-(SUM($C13:D13)))*(0.48/100) -> 0.00048491112 | F13: =+((102/1000)-(SUM($C13:E13)))*(0.48/100) -> 0.00048258355 | G13: =+((102/1000)-(SUM($C13:F13)))*(0.48/100) -> 0.00048026715 | H13: =+((102/1000)-(SUM($C13:G13)))*(0.48/100) -> 0.00047796186 | I13: =+((102/1000)-(SUM($C13:H13)))*(0.48/100) -> 0.00047566765 | J13: =+((102/1000)-(SUM($C13:I13)))*(0.48/100) -> 0.00047338444 | K13: =+((102/1000)-(SUM($C13:J13)))*(0.48/100) -> 0.0004711122 | L13: =+((102/1000)-(SUM($C13:K13)))*(0.48/100) -> 0.00046885086
B14: Tasa de deforestación Bosque Siempre Verde Andino de Ceja Andina | C14: =C11/(173/1000) -> 0.0048 | D14: =D11/((173/1000)-SUM($C11:C11)) -> 0.0048 | E14: =E11/((173/1000)-SUM($C11:D11)) -> 0.0048 | F14: =F11/((173/1000)-SUM($C11:E11)) -> 0.0048 | G14: =G11/((173/1000)-SUM($C11:F11)) -> 0.0048 | H14: =H11/((173/1000)-SUM($C11:G11)) -> 0.0048 | I14: =I11/((173/1000)-SUM($C11:H11)) -> 0.0048 | J14: =J11/((173/1000)-SUM($C11:I11)) -> 0.0048 | K14: =K11/((173/1000)-SUM($C11:J11)) -> 0.0048 | L14: =L11/((173/1000)-SUM($C11:K11)) -> 0.0048
B15: Tasa de deforestación Siempre Verde Andino Montano | C15: =C12/(80/1000) -> 0.0048 | D15: =D12/((80/1000)-SUM($C12:C12)) -> 0.0048 | E15: =E12/((80/1000)-SUM($C12:D12)) -> 0.0048 | F15: =F12/((80/1000)-SUM($C12:E12)) -> 0.0048 | G15: =G12/((80/1000)-SUM($C12:F12)) -> 0.0048 | H15: =H12/((80/1000)-SUM($C12:G12)) -> 0.0048 | I15: =I12/((80/1000)-SUM($C12:H12)) -> 0.0048 | J15: =J12/((80/1000)-SUM($C12:I12)) -> 0.0048 | K15: =K12/((80/1000)-SUM($C12:J12)) -> 0.0048 | L15: =L12/((80/1000)-SUM($C12:K12)) -> 0.0048
B16: Tasa de deforestación Bosque Siempre Verde Andino de Ceja Andina | C16: =C13/(102/1000) -> 0.0048 | D16: =D13/((102/1000)-SUM($C13:C13)) -> 0.0048 | E16: =E13/((102/1000)-SUM($C13:D13)) -> 0.0048 | F16: =F13/((102/1000)-SUM($C13:E13)) -> 0.0048 | G16: =G13/((102/1000)-SUM($C13:F13)) -> 0.0048 | H16: =H13/((102/1000)-SUM($C13:G13)) -> 0.0048 | I16: =I13/((102/1000)-SUM($C13:H13)) -> 0.0048 | J16: =J13/((102/1000)-SUM($C13:I13)) -> 0.0048 | K16: =K13/((102/1000)-SUM($C13:J13)) -> 0.0048 | L16: =L13/((102/1000)-SUM($C13:K13)) -> 0.0048
A17: Información iniciativas | B17: Factores de emisión (miles de TonCO2 eq / miles de hectáreas)
B18: Bosque Siempre Verde Andino de Ceja Andina | C18: 392.13 | D18: 392.13 | E18: 392.13 | F18: 392.13 | G18: 392.13 | H18: 392.13 | I18: 392.13 | J18: 392.13 | K18: 392.13 | L18: 392.13
B19: Bosque Siempre Verde Andino Montano | C19: 455.06 | D19: 455.06 | E19: 455.06 | F19: 455.06 | G19: 455.06 | H19: 455.06 | I19: 455.06 | J19: 455.06 | K19: 455.06 | L19: 455.06
B20: Bosque Siempre Verde Andino de Ceja Andina | C20: 392.13 | D20: 392.13 | E20: 392.13 | F20: 392.13 | G20: 392.13 | H20: 392.13 | I20: 392.13 | J20: 392.13 | K20: 392.13 | L20: 392.13
B21: Emisiones (miles de Ton CO2eq)
B22: Bosque Siempre Verde Andino de Ceja Andina | C22: =+C11*C18 -> 0.32562475 | D22: =+D11*D18 -> 0.32406175 | E22: =+E11*E18 -> 0.32250626 | F22: =+F11*F18 -> 0.32095823 | G22: =+G11*G18 -> 0.31941763 | H22: =+H11*H18 -> 0.31788442 | I22: =+I11*I18 -> 0.31635858 | J22: =+J11*J18 -> 0.31484006 | ... L22: =+L11*L18 -> 0.31182485
B23: Bosque Siempre Verde Andino Montano | C23: =+C12*C19 -> 0.17474304 | D23: =+D12*D19 -> 0.17390427 | E23: =+E12*E19 -> 0.17306953 | F23: =+F12*F19 -> 0.1722388 | G23: =+G12*G19 -> 0.17141205 | H23: =+H12*H19 -> 0.17058928 | I23: =+I12*I19 -> 0.16977045 | J23: =+J12*J19 -> 0.16895555 | ... L23: =+L12*L19 -> 0.16733747
B24: Bosque Siempre Verde Andino de Ceja Andina | C24: =+C13*C20 -> 0.19198685 | D24: =+D13*D20 -> 0.19106531 | E24: =+E13*E20 -> 0.1901482 | F24: =+F13*F20 -> 0.18923549 | G24: =+G13*G20 -> 0.18832716 | H24: =+H13*H20 -> 0.18742319 | I24: =+I13*I20 -> 0.18652355 | J24: =+J13*J20 -> 0.18562824 | ... L24: =+L13*L20 -> 0.18385049
B26: Medida 3: Taita Imbaura
B27: Efecto: Absorción de carbono
B28: Coberturas (miles de hectáreas)
A29: Información de iniciativas | B29: Bosque Siempre Verde Andino de Ceja Andina | C29: 0.017299555 | D29: 0.017299555 | E29: 0.017299555 | F29: 0.017299555 | G29: 0.017299555 | H29: 0.017299555 | I29: 0.017299555 | J29: 0.017299555 | K29: 0.017299555 | L29: 0.017299555
B30: Bosque Siempre Verde Andino Montano | C30: 0.008011123 | D30: 0.008011123 | E30: 0.008011123 | F30: 0.008011123 | G30: 0.008011123 | H30: 0.008011123 | I30: 0.008011123 | J30: 0.008011123 | K30: 0.008011123 | L30: 0.008011123
B31: Bosque Siempre Verde Andino de Ceja Andina | C31: 0.010166943 | D31: 0.010166943 | E31: 0.010166943 | F31: 0.010166943 | G31: 0.010166943 | H31: 0.010166943 | I31: 0.010166943 | J31: 0.010166943 | K31: 0.010166943 | L31: 0.010166943
B32: Factores de emisión (miles de TonCO2 eq / miles de hectáreas)
B33: Bosque Siempre Verde Andino de Ceja Andina | C33: =+C37/C29 -> 13.832726 | D33: =+D37/D29 -> 13.832726 | E33: =+E37/E29 -> 13.832726 | F33: =+F37/F29 -> 13.832726 | G33: =+G37/G29 -> 13.832726 | H33: =+H37/H29 -> 13.832726 | I33: =+I37/I29 -> 13.832726 | J33: =+J37/J29 -> 13.832726 | ... L33: =+L37/L29 -> 13.832726
B34: Bosque Siempre Verde Andino Montano | C34: =+C38/C30 -> 64.597685 | D34: =+D38/D30 -> 64.597685 | E34: =+E38/E30 -> 64.597685 | F34: =+F38/F30 -> 64.597685 | G34: =+G38/G30 -> 64.597685 | H34: =+H38/H30 -> 64.597685 | I34: =+I38/I30 -> 64.597685 | J34: =+J38/J30 -> 64.597685 | ... L34: =+L38/L30 -> 64.597685
B35: Bosque Siempre Verde Andino de Ceja Andina | C35: =+C39/C31 -> 30.014332 | D35: =+D39/D31 -> 30.014332 | E35: =+E39/E31 -> 30.014332 | F35: =+F39/F31 -> 30.014332 | G35: =+G39/G31 -> 30.014332 | H35: =+H39/H31 -> 30.014332 | I35: =+I39/I31 -> 30.014332 | J35: =+J39/J31 -> 30.014332 | ... L35: =+L39/L31 -> 30.014332
A36: Información de iniciativas | B36: Emisiones (miles de Ton CO2eq)
B37: Bosque Siempre Verde Andino de Ceja Andina | C37: 0.2393 | D37: 0.2393 | E37: 0.2393 | F37: 0.2393 | G37: 0.2393 | H37: 0.2393 | I37: 0.2393 | J37: 0.2393 | K37: 0.2393 | L37: 0.2393
B38: Bosque Siempre Verde Andino Montano | C38: 0.5175 | D38: 0.5175 | E38: 0.5175 | F38: 0.5175 | G38: 0.5175 | H38: 0.5175 | I38: 0.5175 | J38: 0.5175 | K38: 0.5175 | L38: 0.5175
B39: Bosque Siempre Verde Andino de Ceja Andina | C39: 0.305154 | D39: 0.305154 | E39: 0.305154 | F39: 0.305154 | G39: 0.305154 | H39: 0.305154 | I39: 0.305154 | J39: 0.305154 | K39: 0.305154 | L39: 0.305154
B42: Medida 6: WWF Proyecto Selva
B43: Efecto: Absorción de carbono
B44: Coberturas (miles de hectáreas)
A45: Información iniciativas | B45: Bosque Siempre Verde de Tierras Bajas de la Amazonía | C45: 5.666 | D45: 5.666 | E45: 5.666
B46: Factores de emisión (miles de TonCO2 eq / miles de hectáreas)
B47: Bosque Siempre Verde de Tierras Bajas de la Amazonía | C47: =+C49/C45 -> 19.874691 | D47: =+D49/D45 -> 19.874691 | E47: =+E49/E45 -> 19.874691
B48: Emisiones (miles de Ton CO2eq)
A49: Información iniciativas | B49: Bosque Siempre Verde de Tierras Bajas de la Amazonía | C49: 112.61 | D49: 112.61 | E49: 112.61
B51: Medida 6: WWF Proyecto Selva
B52: Efecto: Deforestación evitada
B53: Coberturas (miles de hectáreas)
B54: Bosque Siempre Verde de Tierras Bajas de la Amazonía | C54: =+(17000/1000)*(0.48/100) -> 0.0816 | D54: =+((17000/1000)-(SUM($C54:C54)))*(0.48/100) -> 0.08120832 | E54: =+((17000/1000)-(SUM($C54:D54)))*(0.48/100) -> 0.08081852
B55: Tasa de deforestación | C55: =C54/(17000/1000) -> 0.0048 | D55: =D54/((17000/1000)-SUM($C54:C54)) -> 0.0048 | E55: =E54/((17000/1000)-SUM($C54:D54)) -> 0.0048
A56: Información iniciativas | B56: Factores de emisión (miles de TonCO2 eq / miles de hectáreas)
B57: Bosque Siempre Verde de Tierras Bajas de la Amazonía | C57: 591.45 | D57: 591.45 | E57: 591.45
B58: Emisiones (miles de Ton CO2eq)
B59: Bosque Siempre Verde de Tierras Bajas de la Amazonía | C59: =+C54*C57 -> 48.26232 | D59: =+D54*D57 -> 48.030661 | E59: =+E54*E57 -> 47.800114

Sheet MEDIDAS_COND
A1: Referencia | B1: Ecuador | C1: 2026 | D1: 2027 | E1: 2028 | F1: 2029 | G1: 2030 | H1: 2031 | I1: 2032 | J1: 2033 | K1: 2034 | L1: 2035
B3: Medida | C3: Emisiones acumuladas por absorción de carbono (miles de Ton CO2eq) | D3: Emisiones acumuladas por deforestación evitada (miles de Ton CO2eq) | E3: Potencial de mitigación total (miles de Ton CO2eq)
B4: PRNP | C4: =+SUM(C15:F16) -> 2.3208824 | D4: 0 | E4: =+C4+D4 -> 2.3208824
B5: DMCO | C5: =+SUM(C26:L26) -> 424.90613 | D5: 0 | E5: =+C5+D5 -> 424.90613
B6: Bosques protectores | C6: =+SUM(C46:L51) -> 7870.5666 | D6: =+SUM(C91:L96) -> 1145.0688 | E6: =+C6+D6 -> 9015.6354
B7: Socio bosque | C7: =+SUM(C168:L175) -> 16204.941 | D7: =+SUM(C138:L145) -> 2773.9218 | E7: =+C7+D7 -> 18978.863
B9: Medida 1. PRNP
B10: Efecto: Absorción de carbono por restauración forestal
A11: Información iniciativas | B11: Coberturas (miles de hectáreas)
B12: Tierras forestales | C12: 3 | D12: 3 | E12: 3 | F12: 3
B13: Factores de emisión (miles de TonCO2 eq / miles de hectáreas)
B14: Tierras forestales | C14: =+C16/C12 -> 0.29939144 | D14: =+D16/D12 -> 0.21825636 | E14: =+E16/E12 -> 0.15328842 | F14: =+F16/F12 -> 0.10269126
A15: Información iniciativas | B15: Emisiones (miles de Ton CO2eq)
B16: Tierras forestales | C16: 0.89817431 | D16: 0.65476907 | E16: 0.45986525 | F16: 0.30807379
B19: Medida 2. DMCO
B20: Efecto: Absorción de carbono por restau}ración de manglares
A21: Información iniciativas | B21: Coberturas (miles de hectáreas)
B22: Tierras forestales | C22: 121.81 | D22: 121.81 | E22: 121.81 | F22: 121.81 | G22: 121.81 | H22: 121.81 | I22: 121.81 | J22: 121.81 | K22: 121.81 | L22: 121.81
B23: Factores de emisión (miles de TonCO2 eq / miles de hectáreas)
B24: Tierras forestales | C24: =+C26/C22 -> 0.34882697 | D24: =+D26/D22 -> 0.34882697 | E24: =+E26/E22 -> 0.34882697 | F24: =+F26/F22 -> 0.34882697 | G24: =+G26/G22 -> 0.34882697 | H24: =+H26/H22 -> 0.34882697 | I24: =+I26/I22 -> 0.34882697 | J24: =+J26/J22 -> 0.34882697 | ... L24: =+L26/L22 -> 0.34882697
A25: Información iniciativas | B25: Emisiones (miles de Ton CO2eq)
B26: Tierras forestales | C26: 42.490613 | D26: 42.490613 | E26: 42.490613 | F26: 42.490613 | G26: 42.490613 | H26: 42.490613 | I26: 42.490613 | J26: 42.490613 | K26: 42.490613 | L26: 42.490613
B29: Medida 4. Bosques protectores
B30: Efecto: Absorción de carbono
A31: Información iniciativas | B31: Coberturas (miles de hectáreas)
B32: Bosque Siempre Verde de Tierras Bajas de la Amazonía | C32: 54.629209 | D32: 54.629209 | E32: 54.629209 | F32: 54.629209 | G32: 54.629209 | H32: 54.629209 | I32: 54.629209 | J32: 54.629209 | K32: 54.629209 | L32: 54.629209
B33: Moretales | C33: 39.664721 | D33: 39.664721 | E33: 39.664721 | F33: 39.664721 | G33: 39.664721 | H33: 39.664721 | I33: 39.664721 | J33: 39.664721 | K33: 39.664721 | L33: 39.664721
B34: Bosque Siempre Verde Andino Pie Montano | C34: 0.56811517 | D34: 0.56811517 | E34: 0.56811517 | F34: 0.56811517 | G34: 0.56811517 | H34: 0.56811517 | I34: 0.56811517 | J34: 0.56811517 | K34: 0.56811517 | L34: 0.56811517
B35: Bosque Siempre Verde de Tierras Bajas del Chocó | C35: 21.062284 | D35: 21.062284 | E35: 21.062284 | F35: 21.062284 | G35: 21.062284 | H35: 21.062284 | I35: 21.062284 | J35: 21.062284 | K35: 21.062284 | L35: 21.062284
B36: Bosque Siempre Verde Andino Montano | C36: 1.5149084 | D36: 1.5149084 | E36: 1.5149084 | F36: 1.5149084 | G36: 1.5149084 | H36: 1.5149084 | I36: 1.5149084 | J36: 1.5149084 | K36: 1.5149084 | L36: 1.5149084
B37: Bosque Siempre Verde Andino Pie Montano | C37: 2.2016863 | D37: 2.2016863 | E37: 2.2016863 | F37: 2.2016863 | G37: 2.2016863 | H37: 2.2016863 | I37: 2.2016863 | J37: 2.2016863 | K37: 2.2016863 | L37: 2.2016863
B38: Factores de emisión (miles de TonCO2 eq / miles de hectáreas)
B39: Bosque Siempre Verde de Tierras Bajas de la Amazonía | C39: =+C46/C32 -> 6.6244933 | D39: =+D46/D32 -> 6.6244933 | E39: =+E46/E32 -> 6.6244933 | F39: =+F46/F32 -> 6.6244933 | G39: =+G46/G32 -> 6.6244933 | H39: =+H46/H32 -> 6.6244933 | I39: =+I46/I32 -> 6.6244933 | J39: =+J46/J32 -> 6.6244933 | ... L39: =+L46/L32 -> 6.6244933
B40: Moretales | C40: =+C47/C33 -> 6.6244931 | D40: =+D47/D33 -> 6.6244931 | E40: =+E47/E33 -> 6.6244931 | F40: =+F47/F33 -> 6.6244931 | G40: =+G47/G33 -> 6.6244931 | H40: =+H47/H33 -> 6.6244931 | I40: =+I47/I33 -> 6.6244931 | J40: =+J47/J33 -> 6.6244931 | ... L40: =+L47/L33 -> 6.6244931
B41: Bosque Siempre Verde Andino Pie Montano | C41: =+C48/C34 -> 6.6183763 | D41: =+D48/D34 -> 6.6183763 | E41: =+E48/E34 -> 6.6183763 | F41: =+F48/F34 -> 6.6183763 | G41: =+G48/G34 -> 6.6183763 | H41: =+H48/H34 -> 6.6183763 | I41: =+I48/I34 -> 6.6183763 | J41: =+J48/J34 -> 6.6183763 | ... L41: =+L48/L34 -> 6.6183763
B42: Bosque Siempre Verde de Tierras Bajas del Chocó | C42: =+C49/C35 -> 6.6246378 | D42: =+D49/D35 -> 6.6246378 | E42: =+E49/E35 -> 6.6246378 | F42: =+F49/F35 -> 6.6246378 | G42: =+G49/G35 -> 6.6246378 | H42: =+H49/H35 -> 6.6246378 | I42: =+I49/I35 -> 6.6246378 | J42: =+J49/J35 -> 6.6246378 | ... L42: =+L49/L35 -> 6.6246378
B43: Bosque Siempre Verde Andino Montano | C43: =+C50/C36 -> 2.9917056 | D43: =+D50/D36 -> 2.9917056 | E43: =+E50/E36 -> 2.9917056 | F43: =+F50/F36 -> 2.9917056 | G43: =+G50/G36 -> 2.9917056 | H43: =+H50/H36 -> 2.9917056 | I43: =+I50/I36 -> 2.9917056 | J43: =+J50/J36 -> 2.9917056 | ... L43: =+L50/L36 -> 2.9917056
B44: Bosque Siempre Verde Andino Pie Montano | C44: =+C51/C37 -> 6.6244677 | D44: =+D51/D37 -> 6.6244677 | E44: =+E51/E37 -> 6.6244677 | F44: =+F51/F37 -> 6.6244677 | G44: =+G51/G37 -> 6.6244677 | H44: =+H51/H37 -> 6.6244677 | I44: =+I51/I37 -> 6.6244677 | J44: =+J51/J37 -> 6.6244677 | ... L44: =+L51/L37 -> 6.6244677
A45: Información iniciativas | B45: Emisiones (miles de Ton CO2eq)
B46: Bosque Siempre Verde de Tierras Bajas de la Amazonía | C46: 361.89083 | D46: 361.89083 | E46: 361.89083 | F46: 361.89083 | G46: 361.89083 | H46: 361.89083 | I46: 361.89083 | J46: 361.89083 | K46: 361.89083 | L46: 361.89083
B47: Moretales | C47: 262.75867 | D47: 262.75867 | E47: 262.75867 | F47: 262.75867 | G47: 262.75867 | H47: 262.75867 | I47: 262.75867 | J47: 262.75867 | K47: 262.75867 | L47: 262.75867
B48: Bosque Siempre Verde Andino Pie Montano | C48: 3.76 | D48: 3.76 | E48: 3.76 | F48: 3.76 | G48: 3.76 | H48: 3.76 | I48: 3.76 | J48: 3.76 | K48: 3.76 | L48: 3.76
B49: Bosque Siempre Verde de Tierras Bajas del Chocó | C49: 139.53 | D49: 139.53 | E49: 139.53 | F49: 139.53 | G49: 139.53 | H49: 139.53 | I49: 139.53 | J49: 139.53 | K49: 139.53 | L49: 139.53
B50: Bosque Siempre Verde Andino Montano | C50: 4.53216 | D50: 4.53216 | E50: 4.53216 | F50: 4.53216 | G50: 4.53216 | H50: 4.53216 | I50: 4.53216 | J50: 4.53216 | K50: 4.53216 | L50: 4.53216
B51: Bosque Siempre Verde Andino Pie Montano | C51: 14.585 | D51: 14.585 | E51: 14.585 | F51: 14.585 | G51: 14.585 | H51: 14.585 | I51: 14.585 | J51: 14.585 | K51: 14.585 | L51: 14.585
B54: Medida 4. Bosques protectores
B55: Efecto: Deforestación evitada
A56: Nota importante Se calcula una tasa de deforestación en base al promedio ponderado de deforestación alta, media y baja aplicado a los tipos de bosque según método de cálculo de la información de iniciativas | B56: Tasas de deforestación
B57: Bosque Siempre Verde de Tierras Bajas de la Amazonía | C57: 0.21
B58: Moretales | C58: 0.21
B59: Bosque Siempre Verde Andino Pie Montano | C59: 0.27996314 | D59: 0.27982515 | E59: 0.27968735 | F59: 0.27954972 | G59: 0.27941227 | H59: 0.279275 | I59: 0.27913791 | J59: 0.279001 | K59: 0.27886427 | L59: 0.27872772
B60: Bosque Siempre Verde de Tierras Bajas del Chocó | C60: 0.29470171 | D60: 0.29458796 | E60: 0.29447431 | F60: 0.29436074 | G60: 0.29424725 | H60: 0.29413386 | I60: 0.29402055 | J60: 0.29390732 | K60: 0.29379419 | L60: 0.29368114
B61: Bosque Siempre Verde Andino Montano | C61: 0.21122019
B62: Bosque Siempre Verde Andino Pie Montano | C62: 0.32246632 | D62: 0.3223579 | E62: 0.32224949 | F62: 0.32214111 | G62: 0.32203276 | H62: 0.32192443 | I62: 0.32181612 | J62: 0.32170783 | K62: 0.32159958 | L62: 0.32149134
B63: Coberturas (hectáreas)
B64: Bosque Siempre Verde de Tierras Bajas de la Amazonía | C64: 54629.209
B65: Moretales | C65: 39664.721
B66: Bosque Siempre Verde Andino Pie Montano | C66: 568.11517 | D66: 566.52466 | E66: 564.93938 | F66: 563.35932 | G66: 561.78445 | H66: 560.21475 | I66: 558.65021 | J66: 557.09081 | K66: 555.53652 | L66: 553.98733
B67: Bosque Siempre Verde de Tierras Bajas del Chocó | C67: 21062.284 | D67: =+C67-(C67*C60/100) -> 21000.213 | E67: =+D67-(D67*D60/100) -> 20938.349 | F67: =+E67-(E67*E60/100) -> 20876.691 | G67: =+F67-(F67*F60/100) -> 20815.238 | H67: =+G67-(G67*G60/100) -> 20753.99 | I67: =+H67-(H67*H60/100) -> 20692.945 | J67: =+I67-(I67*I60/100) -> 20632.104 | K67: =+J67-(J67*J60/100) -> 20571.464 | L67: =+K67-(K67*K60/100) -> 20511.026
B68: Bosque Siempre Verde Andino Montano | C68: 1514.9084
B69: Bosque Siempre Verde Andino Pie Montano | C69: 2201.6863 | D69: =+C69-(C69*C62/100) -> 2194.5866 | E69: =+D69-(D69*D62/100) -> 2187.5122 | F69: =+E69-(E69*E62/100) -> 2180.463 | G69: =+F69-(F69*F62/100) -> 2173.4388 | H69: =+G69-(G69*G62/100) -> 2166.4396 | I69: =+H69-(H69*H62/100) -> 2159.4653 | J69: =+I69-(I69*I62/100) -> 2152.5158 | K69: =+J69-(J69*J62/100) -> 2145.591 | L69: =+K69-(K69*K62/100) -> 2138.6908
B70: Área deforestada (miles de hectáreas)
B71: Bosque Siempre Verde de Tierras Bajas de la Amazonía | C71: =+($C64*$C57/100)/1000 -> 0.11472134 | D71: =+(($C64/1000)-(SUM($C71:C71)))*($C57/100) -> 0.11448042 | E71: =+(($C64/1000)-(SUM($C71:D71)))*($C57/100) -> 0.11424002 | F71: =+(($C64/1000)-(SUM($C71:E71)))*($C57/100) -> 0.11400011 | G71: =+(($C64/1000)-(SUM($C71:F71)))*($C57/100) -> 0.11376071 | H71: =+(($C64/1000)-(SUM($C71:G71)))*($C57/100) -> 0.11352181 | I71: =+(($C64/1000)-(SUM($C71:H71)))*($C57/100) -> 0.11328342 | J71: =+(($C64/1000)-(SUM($C71:I71)))*($C57/100) -> 0.11304552 | K71: =+(($C64/1000)-(SUM($C71:J71)))*($C57/100) -> 0.11280813 | L71: =+(($C64/1000)-(SUM($C71:K71)))*($C57/100) -> 0.11257123
B72: Moretales | C72: =+($C65*$C58/100)/1000 -> 0.083295914 | D72: =+(($C65/1000)-(SUM($C72:C72)))*($C58/100) -> 0.083120993 | E72: =+(($C65/1000)-(SUM($C72:D72)))*($C58/100) -> 0.082946439 | F72: =+(($C65/1000)-(SUM($C72:E72)))*($C58/100) -> 0.082772251 | G72: =+(($C65/1000)-(SUM($C72:F72)))*($C58/100) -> 0.082598429 | H72: =+(($C65/1000)-(SUM($C72:G72)))*($C58/100) -> 0.082424973 | I72: =+(($C65/1000)-(SUM($C72:H72)))*($C58/100) -> 0.08225188 | J72: =+(($C65/1000)-(SUM($C72:I72)))*($C58/100) -> 0.082079151 | K72: =+(($C65/1000)-(SUM($C72:J72)))*($C58/100) -> 0.081906785 | L72: =+(($C65/1000)-(SUM($C72:K72)))*($C58/100) -> 0.081734781
B73: Bosque Siempre Verde Andino Pie Montano | C73: =+($C66*$C59/100)/1000 -> 0.0015905131 | D73: =+(D66*D59/100)/1000 -> 0.0015852785 | E73: =+(E66*E59/100)/1000 -> 0.001580064 | F73: =+(F66*F59/100)/1000 -> 0.0015748694 | G73: =+(G66*G59/100)/1000 -> 0.0015696947 | H73: =+(H66*H59/100)/1000 -> 0.0015645398 | I73: =+(I66*I59/100)/1000 -> 0.0015594045 | J73: =+(J66*J59/100)/1000 -> 0.0015542889 | K73: =+(K66*K59/100)/1000 -> 0.0015491928 | L73: =+(L66*L59/100)/1000 -> 0.0015441162
B74: Bosque Siempre Verde de Tierras Bajas del Chocó | C74: =+($C67*$C60/100)/1000 -> 0.062070909 | D74: =+(D67*D60/100)/1000 -> 0.061864099 | E74: =+(E67*E60/100)/1000 -> 0.061658057 | F74: =+(F67*F60/100)/1000 -> 0.06145278 | G74: =+(G67*G60/100)/1000 -> 0.061248265 | H74: =+(H67*H60/100)/1000 -> 0.06104451 | I74: =+(I67*I60/100)/1000 -> 0.06084151 | J74: =+(J67*J60/100)/1000 -> 0.060639263 | K74: =+(K67*K60/100)/1000 -> 0.060437766 | L74: =+(L67*L60/100)/1000 -> 0.060237016
B75: Bosque Siempre Verde Andino Montano | C75: =+($C68*$C61/100)/1000 -> 0.0031997924 | D75: =+(($C68/1000)-(SUM($C75:C75)))*($C61/100) -> 0.0031930338 | E75: =+(($C68/1000)-(SUM($C75:D75)))*($C61/100) -> 0.0031862895 | F75: =+(($C68/1000)-(SUM($C75:E75)))*($C61/100) -> 0.0031795594 | G75: =+(($C68/1000)-(SUM($C75:F75)))*($C61/100) -> 0.0031728435 | H75: =+(($C68/1000)-(SUM($C75:G75)))*($C61/100) -> 0.0031661418 | I75: =+(($C68/1000)-(SUM($C75:H75)))*($C61/100) -> 0.0031594543 | J75: =+(($C68/1000)-(SUM($C75:I75)))*($C61/100) -> 0.0031527809 | K75: =+(($C68/1000)-(SUM($C75:J75)))*($C61/100) -> 0.0031461216 | L75: =+(($C68/1000)-(SUM($C75:K75)))*($C61/100) -> 0.0031394764
B76: Bosque Siempre Verde Andino Pie Montano | C76: =+($C69*C62/100)/1000 -> 0.0070996969 | D76: =+(D69*D62/100)/1000 -> 0.0070744233 | E76: =+(E69*E62/100)/1000 -> 0.007049247 | F76: =+(F69*F62/100)/1000 -> 0.0070241677 | G76: =+(G69*G62/100)/1000 -> 0.0069991849 | H76: =+(H69*H62/100)/1000 -> 0.0069742983 | I76: =+(I69*I62/100)/1000 -> 0.0069495075 | J76: =+(J69*J62/100)/1000 -> 0.006924812 | K76: =+(K69*K62/100)/1000 -> 0.0069002115 | L76: =+(L69*L62/100)/1000 -> 0.0068757056
B77: Tasa de deforestación Bosque Siempre Verde de Tierras Bajas de la Amazonía | C77: =C71/(54629/1000) -> 0.002100008 | D77: =D71/((54629/1000)-SUM($C71:C71)) -> 0.002100008 | E77: =E71/((54629/1000)-SUM($C71:D71)) -> 0.0021000081 | F77: =F71/((54629/1000)-SUM($C71:E71)) -> 0.0021000081 | G77: =G71/((54629/1000)-SUM($C71:F71)) -> 0.0021000081 | H77: =H71/((54629/1000)-SUM($C71:G71)) -> 0.0021000081 | I77: =I71/((54629/1000)-SUM($C71:H71)) -> 0.0021000081 | J77: =J71/((54629/1000)-SUM($C71:I71)) -> 0.0021000082 | K77: =K71/((54629/1000)-SUM($C71:J71)) -> 0.0021000082 | L77: =L71/((54629/1000)-SUM($C71:K71)) -> 0.0021000082
B78: Tasa de deforestación Moretales | C78: =C72/(39665/1000) -> 0.0020999852 | D78: =D72/((39665/1000)-SUM($C72:C72)) -> 0.0020999852 | E78: =E72/((39665/1000)-SUM($C72:D72)) -> 0.0020999852 | F78: =F72/((39665/1000)-SUM($C72:E72)) -> 0.0020999851 | G78: =G72/((39665/1000)-SUM($C72:F72)) -> 0.0020999851 | H78: =H72/((39665/1000)-SUM($C72:G72)) -> 0.0020999851 | I78: =I72/((39665/1000)-SUM($C72:H72)) -> 0.002099985 | J78: =J72/((39665/1000)-SUM($C72:I72)) -> 0.002099985 | K78: =K72/((39665/1000)-SUM($C72:J72)) -> 0.002099985 | L78: =L72/((39665/1000)-SUM($C72:K72)) -> 0.0020999849
B79: Tasa de deforestación Bosque Siempre Verde Andino Pie Montano | C79: =C73/(568/1000) -> 0.002800199 | D79: =D73/((568/1000)-SUM($C73:C73)) -> 0.0027988205 | E79: =E73/((568/1000)-SUM($C73:D73)) -> 0.0027974438 | F79: =F73/((568/1000)-SUM($C73:E73)) -> 0.0027960688 | G79: =G73/((568/1000)-SUM($C73:F73)) -> 0.0027946957 | H79: =H73/((568/1000)-SUM($C73:G73)) -> 0.0027933243 | I79: =I73/((568/1000)-SUM($C73:H73)) -> 0.0027919547 | J79: =J73/((568/1000)-SUM($C73:I73)) -> 0.0027905869 | K79: =K73/((568/1000)-SUM($C73:J73)) -> 0.0027892209 | L79: =L73/((568/1000)-SUM($C73:K73)) -> 0.0027878567
B80: Tasa de deforestación Bosque Siempre Verde de Tierras Bajas del Chocó | C80: =C74/(21062/1000) -> 0.0029470567 | D80: =D74/((21062/1000)-SUM($C74:C74)) -> 0.0029459194 | E80: =E74/((21062/1000)-SUM($C74:D74)) -> 0.002944783 | F80: =F74/((21062/1000)-SUM($C74:E74)) -> 0.0029436474 | G80: =G74/((21062/1000)-SUM($C74:F74)) -> 0.0029425126 | H80: =H74/((21062/1000)-SUM($C74:G74)) -> 0.0029413788 | I80: =I74/((21062/1000)-SUM($C74:H74)) -> 0.0029402458 | J80: =J74/((21062/1000)-SUM($C74:I74)) -> 0.0029391136 | K80: =K74/((21062/1000)-SUM($C74:J74)) -> 0.0029379824 | L80: =L74/((21062/1000)-SUM($C74:K74)) -> 0.002936852
B81: Tasa de deforestación Bosque Siempre Verde Andino Montano | C81: =C75/(1515/1000) -> 0.0021120742 | D81: =D75/((1515/1000)-SUM($C75:C75)) -> 0.0021120739 | E81: =E75/((1515/1000)-SUM($C75:D75)) -> 0.0021120737 | F81: =F75/((1515/1000)-SUM($C75:E75)) -> 0.0021120734 | G81: =G75/((1515/1000)-SUM($C75:F75)) -> 0.0021120731 | H81: =H75/((1515/1000)-SUM($C75:G75)) -> 0.0021120729 | I81: =I75/((1515/1000)-SUM($C75:H75)) -> 0.0021120726 | J81: =J75/((1515/1000)-SUM($C75:I75)) -> 0.0021120723 | K81: =K75/((1515/1000)-SUM($C75:J75)) -> 0.002112072 | L81: =L75/((1515/1000)-SUM($C75:K75)) -> 0.0021120718
B82: Tasa de deforestación Bosque Siempre Verde Andino Pie Montano | C82: =C76/(2202/1000) -> 0.0032242039 | D82: =D76/((2202/1000)-SUM($C76:C76)) -> 0.0032231183 | E82: =E76/((2202/1000)-SUM($C76:D76)) -> 0.0032220329 | F82: =F76/((2202/1000)-SUM($C76:E76)) -> 0.0032209478 | G82: =G76/((2202/1000)-SUM($C76:F76)) -> 0.0032198629 | H82: =H76/((2202/1000)-SUM($C76:G76)) -> 0.0032187782 | I82: =I76/((2202/1000)-SUM($C76:H76)) -> 0.0032176938 | J82: =J76/((2202/1000)-SUM($C76:I76)) -> 0.0032166096 | K82: =K76/((2202/1000)-SUM($C76:J76)) -> 0.0032155257 | L82: =L76/((2202/1000)-SUM($C76:K76)) -> 0.0032144419
A83: Información iniciativas | B83: Factores de emisión (miles de TonCO2 eq / miles de hectáreas)
B84: Bosque Siempre Verde de Tierras Bajas de la Amazonía | C84: 591.4524 | D84: 591.4524 | E84: 591.4524 | F84: 591.4524 | G84: 591.4524 | H84: 591.4524 | I84: 591.4524 | J84: 591.4524 | K84: 591.4524 | L84: 591.4524
B85: Moretales | C85: 280.2404 | D85: 280.2404 | E85: 280.2404 | F85: 280.2404 | G85: 280.2404 | H85: 280.2404 | I85: 280.2404 | J85: 280.2404 | K85: 280.2404 | L85: 280.2404
B86: Bosque Siempre Verde Andino Pie Montano | C86: 453.02 | D86: 453.02 | E86: 453.02 | F86: 453.02 | G86: 453.02 | H86: 453.02 | I86: 453.02 | J86: 453.02 | K86: 453.02 | L86: 453.02
B87: Bosque Siempre Verde de Tierras Bajas del Chocó | C87: 308.28 | D87: 308.28 | E87: 308.28 | F87: 308.28 | G87: 308.28 | H87: 308.28 | I87: 308.28 | J87: 308.28 | K87: 308.28 | L87: 308.28
B88: Bosque Siempre Verde Andino Montano | C88: 455.06413 | D88: 455.06413 | E88: 455.06413 | F88: 455.06413 | G88: 455.06413 | H88: 455.06413 | I88: 455.06413 | J88: 455.06413 | K88: 455.06413 | L88: 455.06413
B89: Bosque Siempre Verde Andino Pie Montano | C89: 453.02 | D89: 453.02 | E89: 453.02 | F89: 453.02 | G89: 453.02 | H89: 453.02 | I89: 453.02 | J89: 453.02 | K89: 453.02 | L89: 453.02
B90: Emisiones (miles de Ton CO2eq)
B91: Bosque Siempre Verde de Tierras Bajas de la Amazonía | C91: =+C71*C84 -> 67.852211 | D91: =+D71*D84 -> 67.709722 | E91: =+E71*E84 -> 67.567531 | F91: =+F71*F84 -> 67.425639 | G91: =+G71*G84 -> 67.284045 | H91: =+H71*H84 -> 67.142749 | I91: =+I71*I84 -> 67.001749 | J91: =+J71*J84 -> 66.861045 | ... L91: =+L71*L84 -> 66.580524
B92: Moretales | C92: =+C72*C85 -> 23.34288 | D92: =+D72*D85 -> 23.29386 | E92: =+E72*E85 -> 23.244943 | F92: =+F72*F85 -> 23.196129 | G92: =+G72*G85 -> 23.147417 | H92: =+H72*H85 -> 23.098807 | I92: =+I72*I85 -> 23.0503 | J92: =+J72*J85 -> 23.001894 | ... L92: =+L72*L85 -> 22.905388
B93: Bosque Siempre Verde Andino Pie Montano | C93: =+C73*C86 -> 0.72053423 | D93: =+D73*D86 -> 0.71816286 | E93: =+E73*E86 -> 0.71580058 | F93: =+F73*F86 -> 0.71344733 | G93: =+G73*G86 -> 0.71110309 | H93: =+H73*H86 -> 0.7087678 | I93: =+I73*I86 -> 0.70644144 | J93: =+J73*J86 -> 0.70412397 | ... L93: =+L73*L86 -> 0.69951553
B94: Bosque Siempre Verde de Tierras Bajas del Chocó | C94: =+C74*C87 -> 19.13522 | D94: =+D74*D87 -> 19.071464 | E94: =+E74*E87 -> 19.007946 | F94: =+F74*F87 -> 18.944663 | G94: =+G74*G87 -> 18.881615 | H94: =+H74*H87 -> 18.818801 | I94: =+I74*I87 -> 18.756221 | J94: =+J74*J87 -> 18.693872 | ... L94: =+L74*L87 -> 18.569867
B95: Bosque Siempre Verde Andino Montano | C95: =+C75*C88 -> 1.4561108 | D95: =+D75*D88 -> 1.4530352 | E95: =+E75*E88 -> 1.4499661 | F95: =+F75*F88 -> 1.4469034 | G95: =+G75*G88 -> 1.4438473 | H95: =+H75*H88 -> 1.4407976 | I95: =+I75*I88 -> 1.4377543 | J95: =+J75*J88 -> 1.4347175 | ... L95: =+L75*L88 -> 1.4286631
B96: Bosque Siempre Verde Andino Pie Montano | C96: =+C76*C89 -> 3.2163047 | D96: =+D76*D89 -> 3.2048553 | E96: =+E76*E89 -> 3.1934499 | F96: =+F76*F89 -> 3.1820885 | G96: =+G76*G89 -> 3.1707708 | H96: =+H76*H89 -> 3.1594966 | I96: =+I76*I89 -> 3.1482659 | J96: =+J76*J89 -> 3.1370783 | ... L96: =+L76*L89 -> 3.1148322
B99: Medida 5. Socio Bosque
B100: Efecto: Deforestación evitada
A101: Información iniciativas | B101: Coberturas (miles de hectáreas)
B102: B. Seco Andino | C102: 110.95741 | D102: 110.95741 | E102: 110.95741 | F102: 110.95741 | G102: 110.95741 | H102: 110.95741 | I102: 110.95741 | J102: 110.95741 | K102: 110.95741 | L102: 110.95741
B103: B. Seco Pluvioestacional | C103: 1688.7863 | D103: 1688.7863 | E103: 1688.7863 | F103: 1688.7863 | G103: 1688.7863 | H103: 1688.7863 | I103: 1688.7863 | J103: 1688.7863 | K103: 1688.7863 | L103: 1688.7863
B104: B. Siempre verde andino Montano | C104: 2718.3111 | D104: 2718.3111 | E104: 2718.3111 | F104: 2718.3111 | G104: 2718.3111 | H104: 2718.3111 | I104: 2718.3111 | J104: 2718.3111 | K104: 2718.3111 | L104: 2718.3111
B105: B. Siempre verde andino Pie montano | C105: 3682.4531 | D105: 3682.4531 | E105: 3682.4531 | F105: 3682.4531 | G105: 3682.4531 | H105: 3682.4531 | I105: 3682.4531 | J105: 3682.4531 | K105: 3682.4531 | L105: 3682.4531
B106: B. Siempre verde andino de Ceja Andina | C106: 366.17915 | D106: 366.17915 | E106: 366.17915 | F106: 366.17915 | G106: 366.17915 | H106: 366.17915 | I106: 366.17915 | J106: 366.17915 | K106: 366.17915 | L106: 366.17915
B107: B. Siempre verde de tierras bajas de la Amazonía | C107: 36740.991 | D107: 36740.991 | E107: 36740.991 | F107: 36740.991 | G107: 36740.991 | H107: 36740.991 | I107: 36740.991 | J107: 36740.991 | K107: 36740.991 | L107: 36740.991
B108: B. Siempre verde de tierras bajas del Chocó | C108: 716.14733 | D108: 716.14733 | E108: 716.14733 | F108: 716.14733 | G108: 716.14733 | H108: 716.14733 | I108: 716.14733 | J108: 716.14733 | K108: 716.14733 | L108: 716.14733
B109: Manglar | C109: 1363.5047 | D109: 1363.5047 | E109: 1363.5047 | F109: 1363.5047 | G109: 1363.5047 | H109: 1363.5047 | I109: 1363.5047 | J109: 1363.5047 | K109: 1363.5047 | L109: 1363.5047
A110: Nota importante El área deforestada es constante ya que en este caso no se aplica la fórmula de deforestación acumulada que sí se aplica en otras medidas siguiendo el método de cálculo de la información de iniciativas | B110: Área deforestada (miles de hectáreas)
...

Sheet FACTORES_EMISION
A1: TECNOLOGÍA | B1: 2010 | C1: 2011 | D1: 2012 | E1: 2013 | F1: 2014 | G1: 2015 | H1: 2016 | I1: 2017 | J1: 2018 | K1: 2019 | L1: 2020 | M1: 2021 | N1: 2022 | O1: 2023 | P1: 2024 | Q1: 2025 | R1: 2026 | S1: 2027 | T1: 2028 | U1: 2029 | V1: 2030 | W1: 2031 | X1: 2032 | Y1: 2033 | Z1: 2034 | AA1: 2035
A2: T5NPRAND | B2: 46.891995 | C2: 41.733744 | D2: 37.327848 | E2: 36.149869 | F2: 34.992312 | G2: 33.100095 | H2: 31.219013 | I2: 30.525815 | J2: 29.830812 | K2: 26.38305 | L2: 24.860427 | M2: 25.480804 | N2: 23.89385 | O2: 32.49151 | P2: 32.49151 | Q2: 32.49151 | R2: 32.49151 | S2: 32.49151 | T2: 32.49151 | U2: 32.49151 | V2: 32.49151 | W2: 32.49151 | X2: 32.49151 | Y2: 32.49151 | Z2: 32.49151 | AA2: 32.49151
A3: T5NPRPLU | B3: 0.3314666 | C3: 0.15108312 | D3: -0.013891371 | E3: -0.13167211 | F3: -0.24245517 | G3: -0.33261217 | H3: -0.42298833 | I3: -0.46214727 | J3: -0.50129547 | K3: -0.66303502 | L3: -0.73985422 | M3: -0.80829193 | N3: -0.87940622 | O3: -0.36269997 | P3: -0.36269997 | Q3: -0.36269997 | R3: -0.36269997 | S3: -0.36269997 | T3: -0.36269997 | U3: -0.36269997 | V3: -0.36269997 | W3: -0.36269997 | X3: -0.36269997 | Y3: -0.36269997 | Z3: -0.36269997 | AA3: -0.36269997
A4: T5NPRMON | B4: -0.46333338 | C4: -0.49444057 | D4: -0.52524269 | E4: -0.7026054 | F4: -0.87012846 | G4: -0.96880497 | H4: -1.0673299 | I4: -1.1240074 | J4: -1.1797117 | K4: -1.3445904 | L4: -1.4441787 | M4: -1.526484 | N4: -1.5974233 | O4: -1.0237139 | P4: -1.0237139 | Q4: -1.0237139 | R4: -1.0237139 | S4: -1.0237139 | T4: -1.0237139 | U4: -1.0237139 | V4: -1.0237139 | W4: -1.0237139 | X4: -1.0237139 | Y4: -1.0237139 | Z4: -1.0237139 | AA4: -1.0237139
A5: T5NPRPIE | B5: -2.5206376 | C5: -2.5864721 | D5: -2.6520247 | E5: -3.0442984 | F5: -3.408329 | G5: -3.5622739 | H5: -3.7165506 | I5: -3.8343835 | J5: -3.9483885 | K5: -4.0679287 | L5: -4.2055367 | M5: -4.2639005 | N5: -4.334944 | O5: -3.5496668 | P5: -3.5496668 | Q5: -3.5496668 | R5: -3.5496668 | S5: -3.5496668 | T5: -3.5496668 | U5: -3.5496668 | V5: -3.5496668 | W5: -3.5496668 | X5: -3.5496668 | Y5: -3.5496668 | Z5: -3.5496668 | AA5: -3.5496668
A6: T5NPRCEJ | B6: 0.50130521 | C6: 0.54731974 | D6: 0.59260773 | E6: 0.29185498 | F6: 0.0010300513 | G6: -0.13398168 | H6: -0.26816117 | I6: -0.44442228 | J6: -0.60498232 | K6: -0.79115535 | L6: -0.94589306 | M6: -1.0534138 | N6: -1.13233 | O6: -0.26463246 | P6: -0.26463246 | Q6: -0.26463246 | R6: -0.26463246 | S6: -0.26463246 | T6: -0.26463246 | U6: -0.26463246 | V6: -0.26463246 | W6: -0.26463246 | X6: -0.26463246 | Y6: -0.26463246 | Z6: -0.26463246 | AA6: -0.26463246
A7: T5NPRAMA | B7: -5.3798326 | C7: -5.6174511 | D7: -5.8245024 | E7: -5.9268154 | F7: -6.0249347 | G7: -6.0857217 | H7: -6.1451527 | I7: -6.186797 | J7: -6.2266566 | K7: -6.0829402 | L7: -6.067006 | M7: -6.0258772 | N7: -5.9952324 | O7: -5.9683784 | P7: -5.9683784 | Q7: -5.9683784 | R7: -5.9683784 | S7: -5.9683784 | T7: -5.9683784 | U7: -5.9683784 | V7: -5.9683784 | W7: -5.9683784 | X7: -5.9683784 | Y7: -5.9683784 | Z7: -5.9683784 | AA7: -5.9683784
A8: T5NPRCHO | B8: -4.3845486 | C8: -4.6308676 | D8: -4.8735946 | E8: -5.0506399 | F8: -5.2223304 | G8: -5.3047664 | H8: -5.390394 | I8: -5.4493035 | J8: -5.5085393 | K8: -5.3005748 | L8: -5.2948302 | M8: -5.1523711 | N8: -5.1155757 | O8: -5.1291028 | P8: -5.1291028 | Q8: -5.1291028 | R8: -5.1291028 | S8: -5.1291028 | T8: -5.1291028 | U8: -5.1291028 | V8: -5.1291028 | W8: -5.1291028 | X8: -5.1291028 | Y8: -5.1291028 | Z8: -5.1291028 | AA8: -5.1291028
A9: T5NPRMAN | B9: -6.6244933 | C9: -6.6244933 | D9: -6.6244933 | E9: -6.6244933 | F9: -6.6244933 | G9: -6.6244933 | H9: -6.6244933 | I9: -6.6244933 | J9: -6.6244933 | K9: -6.6244933 | L9: -6.6244933 | M9: -6.6244933 | N9: -6.6244933 | O9: -6.6244933 | P9: -6.6244933 | Q9: -6.6244933 | R9: -6.6244933 | S9: -6.6244933 | T9: -6.6244933 | U9: -6.6244933 | V9: -6.6244933 | W9: -6.6244933 | X9: -6.6244933 | Y9: -6.6244933 | Z9: -6.6244933 | AA9: -6.6244933
A10: T5NPRMOR | B10: -6.4927068 | C10: -6.4972354 | D10: -6.501734 | E10: -6.505933 | F10: -6.5099964 | G10: -6.5180404 | H10: -6.5257226 | I10: -6.5285832 | J10: -6.5314039 | K10: -6.5417042 | L10: -6.5460667 | M10: -6.5429968 | N10: -6.547797 | O10: -6.5223016 | P10: -6.5223016 | Q10: -6.5223016 | R10: -6.5223016 | S10: -6.5223016 | T10: -6.5223016 | U10: -6.5223016 | V10: -6.5223016 | W10: -6.5223016 | X10: -6.5223016 | Y10: -6.5223016 | Z10: -6.5223016 | AA10: -6.5223016
A11: T5NPRPFO | B11: 55.828877 | C11: 68.16539 | D11: 80.501903 | E11: 93.068166 | F11: 105.63443 | G11: 71.010533 | H11: 58.609231 | I11: 56.152948 | J11: 53.447176 | K11: 46.373994 | L11: 52.988293 | M11: 64.465115 | N11: 75.783962 | O11: 67.848463 | P11: 67.848463 | Q11: 67.848463 | R11: 67.848463 | S11: 67.848463 | T11: 67.848463 | U11: 67.848463 | V11: 67.848463 | W11: 67.848463 | X11: 67.848463 | Y11: 67.848463 | Z11: 67.848463 | AA11: 67.848463
A12: SUPCAMCROAND | B12: -21.198192 | C12: -21.198192 | D12: -21.198192 | E12: -21.198192 | F12: -21.198192 | G12: -21.198192 | H12: -21.198192 | I12: -21.198192 | J12: -21.198192 | K12: -21.198192 | L12: -21.198192 | M12: -21.198192 | N12: -21.198192 | O12: -21.198192 | P12: -21.198192 | Q12: -21.198192 | R12: -21.198192 | S12: -21.198192 | T12: -21.198192 | U12: -21.198192 | V12: -21.198192 | W12: -21.198192 | X12: -21.198192 | Y12: -21.198192 | Z12: -21.198192 | AA12: -21.198192
... A114: SUPCAMGRAOTI | B114: 78.28816 | C114: 79.151432 | D114: 78.28816 | E114: 79.151432 | F114: 78.28816 | G114: 118.74016 | H114: 91.398347 | I114: 96.077913 | J114: 46.889509 | K114: 133.09798 | L114: 133.09798 | M114: 137.86667 | N114: 137.86667 | O114: 99.092505 | P114: 99.092505 | Q114: 99.092505 | R114: 99.092505 | S114: 99.092505 | T114: 99.092505 | U114: 99.092505 | V114: 99.092505 | W114: 99.092505 | X114: 99.092505 | Y114: 99.092505 | Z114: 99.092505 | AA114: 99.092505
