Workbook

Sheet Indice
B2: NOMENCLATURA | E2: INDICE
B4: T | C4: Tendencial | E4: Metas
B5: Ini | C5: Iniciativas | E5: Gases
B6: Act | C6: Actividad | E6: T_INGEI_5CN
B7: Emi | C7: Emisiones | E7: T_5A1
B8: I | C8: Incondicional de la 2da NDC | E8: T_5A2
B9: I+C | C9: Incondicional + Condicional de 2da NDC | E9: T_Compostaje
B10: PTAR | C10: Plantas de Tratamiento de Aguas Residuales | E10: T_Incineracion
B11: ARI | C11: Aguas residuales inductriales | E11: T_5D1
B12: PPC | C12: Producción per cápita de residuos sólidos | E12: T_5D2
B13: 5CN | C13: Quinta Comunicación Nacional | E13: Ini_I+C_CapturaMetano
B14: INGEI | C14: Inventario Nacional de Gases de Efecto Invernadero | E14: Ini_I+C_Reduccion
B15: 5A1 | C15: Categoría IPCC Sitios de disposición de residuos sólidos gestionados | E15: Ini_I_Compostaje
... B18: 5D2 | C18: Categoría IPCC Aguas residuales industriales | E18: Ini_I+C_PTAR
E19: Ini_I+C_PTAR_ARI
E20: Act_T_Solidos
E21: Act_T_Poblacion_PPC
E22: Act_I_Solidos
E23: Act_I+C_Solidos
E24: Act_T_Aguas
E25: Act_I_Aguas
E26: Act_I+C_Aguas
E27: Ajuste_T_Iniciativas1eraNDC
E28: Emi_T_ajustado
E29: Emi_I
E30: Emi_I+C

Sheet Metas
C1: 2010 | D1: 2011 | E1: 2012 | F1: 2013 | G1: 2014 | H1: 2015 | I1: 2016 | J1: 2017 | K1: 2018 | L1: 2019 | M1: 2020 | N1: 2021 | O1: 2022 | P1: 2023 | Q1: 2024 | R1: 2025 | S1: 2026 | T1: 2027 | U1: 2028 | V1: 2029 | W1: 2030 | X1: 2031 | Y1: 2032 | Z1: 2033 | AA1: 2034 | AB1: 2035
B4: Emisiones [GgCO2e]
B7: Nuevo Tendencial 1era NDC = Tendencial 5ta Comunicación y PLANMICC - Iniciativas Condicionales 1era NDC | C7: =SUM(C8:C13) -> 2271.8591 | D7: =SUM(D8:D13) -> 2629.2208 | E7: =SUM(E8:E13) -> 2987.2011 | F7: =SUM(F8:F13) -> 3064.3062 | G7: =SUM(G8:G13) -> 3141.9913 | H7: =SUM(H8:H13) -> 3540.6 | I7: =SUM(I8:I13) -> 3939.5088 | J7: =SUM(J8:J13) -> 4157.2022 | ... AB7: =SUM(AB8:AB13) -> 14533.24
B8: 5.A.1. Sitios de disposición de residuos sólidos gestionados | C8: =Emi_T_ajustado!G7 -> 892.3716 | D8: =Emi_T_ajustado!H7 -> 1032.8312 | E8: =Emi_T_ajustado!I7 -> 1173.3316 | F8: =Emi_T_ajustado!J7 -> 1229.7626 | G8: =Emi_T_ajustado!K7 -> 1286.3505 | H8: =Emi_T_ajustado!L7 -> 1720.1571 | I8: =Emi_T_ajustado!M7 -> 2154.1216 | J8: =Emi_T_ajustado!N7 -> 2435.0344 | ... AB8: =Emi_T_ajustado!AF7 -> 10502.095
B9: 5.A.2. Sitios de disposición de residuos sólidos no gestionados | C9: =Emi_T_ajustado!G8 -> 806.15385 | D9: =Emi_T_ajustado!H8 -> 843.58052 | E9: =Emi_T_ajustado!I8 -> 881.17352 | F9: =Emi_T_ajustado!J8 -> 1020.9232 | G9: =Emi_T_ajustado!K8 -> 1160.8584 | H9: =Emi_T_ajustado!L8 -> 926.8017 | I9: =Emi_T_ajustado!M8 -> 692.75696 | J9: =Emi_T_ajustado!N8 -> 596.70116 | ... AB9: =Emi_T_ajustado!AF8 -> 1469.5414
B10: 5.B.1. Compostaje | C10: =Emi_T_ajustado!G9 -> 1.05325 | D10: =Emi_T_ajustado!H9 -> 1.2256 | E10: =Emi_T_ajustado!I9 -> 1.39795 | F10: =Emi_T_ajustado!J9 -> 4.2513 | G10: =Emi_T_ajustado!K9 -> 7.1238 | H10: =Emi_T_ajustado!L9 -> 6.1663 | I10: =Emi_T_ajustado!M9 -> 5.2088 | J10: =Emi_T_ajustado!N9 -> 5.84075 | ... AB10: =Emi_T_ajustado!AF9 -> 10.55165
B11: 5.C.1. Incineración de residuos | C11: =Emi_T_ajustado!G10 -> 13.36608 | D11: =Emi_T_ajustado!H10 -> 13.87682 | E11: =Emi_T_ajustado!I10 -> 14.482 | F11: =Emi_T_ajustado!J10 -> 14.79708 | G11: =Emi_T_ajustado!K10 -> 15.23014 | H11: =Emi_T_ajustado!L10 -> 15.12672 | I11: =Emi_T_ajustado!M10 -> 15.1592 | J11: =Emi_T_ajustado!N10 -> 15.3273 | ... AB11: =Emi_T_ajustado!AF10 -> 25.39264
B12: 5.D.1. Aguas residuales domesticas | C12: =Emi_T_ajustado!G11+Emi_T_ajustado!G12 -> 405.33434 | D12: =Emi_T_ajustado!H11+Emi_T_ajustado!H12 -> 439.78666 | E12: =Emi_T_ajustado!I11+Emi_T_ajustado!I12 -> 474.55598 | F12: =Emi_T_ajustado!J11+Emi_T_ajustado!J12 -> 480.97206 | G12: =Emi_T_ajustado!K11+Emi_T_ajustado!K12 -> 487.4184 | H12: =Emi_T_ajustado!L11+Emi_T_ajustado!L12 -> 490.00818 | I12: =Emi_T_ajustado!M11+Emi_T_ajustado!M12 -> 492.59226 | J12: =Emi_T_ajustado!N11+Emi_T_ajustado!N12 -> 499.28854 | ... AB12: =Emi_T_ajustado!AF11+Emi_T_ajustado!AF12 -> 1256.3494
B13: 5.D.2. Aguas residuales industriales | C13: =Emi_T_ajustado!G13 -> 153.58 | D13: =Emi_T_ajustado!H13 -> 297.92 | E13: =Emi_T_ajustado!I13 -> 442.26 | F13: =Emi_T_ajustado!J13 -> 313.6 | G13: =Emi_T_ajustado!K13 -> 185.01 | H13: =Emi_T_ajustado!L13 -> 382.34 | I13: =Emi_T_ajustado!M13 -> 579.67 | J13: =Emi_T_ajustado!N13 -> 605.01 | ... AB13: =Emi_T_ajustado!AF13 -> 1269.31
B14: NDC Incondicional de la 2da NDC (5ta Comunicación) | C14: =SUM(C15:C20) -> 2271.8591 | D14: =SUM(D15:D20) -> 2629.2208 | E14: =SUM(E15:E20) -> 2987.2011 | F14: =SUM(F15:F20) -> 3064.3062 | G14: =SUM(G15:G20) -> 3141.9913 | H14: =SUM(H15:H20) -> 3540.6 | I14: =SUM(I15:I20) -> 3939.5088 | J14: =SUM(J15:J20) -> 4157.2022 | ... AB14: =SUM(AB15:AB20) -> 14426.244
B15: 5.A.1. Sitios de disposición de residuos sólidos gestionados | C15: =Emi_I!G7 -> 892.3716 | D15: =Emi_I!H7 -> 1032.8312 | E15: =Emi_I!I7 -> 1173.3316 | F15: =Emi_I!J7 -> 1229.7626 | G15: =Emi_I!K7 -> 1286.3505 | H15: =Emi_I!L7 -> 1720.1571 | I15: =Emi_I!M7 -> 2154.1216 | J15: =Emi_I!N7 -> 2435.0344 | ... AB15: =Emi_I!AF7 -> 10488.495
B16: 5.A.2. Sitios de disposición de residuos sólidos no gestionados | C16: =Emi_I!G8 -> 806.15385 | D16: =Emi_I!H8 -> 843.58052 | E16: =Emi_I!I8 -> 881.17352 | F16: =Emi_I!J8 -> 1020.9232 | G16: =Emi_I!K8 -> 1160.8584 | H16: =Emi_I!L8 -> 926.8017 | I16: =Emi_I!M8 -> 692.75696 | J16: =Emi_I!N8 -> 596.70116 | ... AB16: =Emi_I!AF8 -> 1469.5414
B17: 5.B.1. Compostaje | C17: =Emi_I!G9 -> 1.05325 | D17: =Emi_I!H9 -> 1.2256 | E17: =Emi_I!I9 -> 1.39795 | F17: =Emi_I!J9 -> 4.2513 | G17: =Emi_I!K9 -> 7.1238 | H17: =Emi_I!L9 -> 6.1663 | I17: =Emi_I!M9 -> 5.2088 | J17: =Emi_I!N9 -> 5.84075 | ... AB17: =Emi_I!AF9 -> 13.15605
B18: 5.C.1. Incineración de residuos | C18: =Emi_I!G10 -> 13.36608 | D18: =Emi_I!H10 -> 13.87682 | E18: =Emi_I!I10 -> 14.482 | F18: =Emi_I!J10 -> 14.79708 | G18: =Emi_I!K10 -> 15.23014 | H18: =Emi_I!L10 -> 15.12672 | I18: =Emi_I!M10 -> 15.1592 | J18: =Emi_I!N10 -> 15.3273 | ... AB18: =Emi_I!AF10 -> 25.39264
B19: 5.D.1. Aguas residuales domesticas | C19: =Emi_I!G11+Emi_I!G12 -> 405.33434 | D19: =Emi_I!H11+Emi_I!H12 -> 439.78666 | E19: =Emi_I!I11+Emi_I!I12 -> 474.55598 | F19: =Emi_I!J11+Emi_I!J12 -> 480.97206 | G19: =Emi_I!K11+Emi_I!K12 -> 487.4184 | H19: =Emi_I!L11+Emi_I!L12 -> 490.00818 | I19: =Emi_I!M11+Emi_I!M12 -> 492.59226 | J19: =Emi_I!N11+Emi_I!N12 -> 499.28854 | ... AB19: =Emi_I!AF11+Emi_I!AF12 -> 1168.3494
B20: 5.D.2. Aguas residuales industriales | C20: =Emi_I!G13 -> 153.58 | D20: =Emi_I!H13 -> 297.92 | E20: =Emi_I!I13 -> 442.26 | F20: =Emi_I!J13 -> 313.6 | G20: =Emi_I!K13 -> 185.01 | H20: =Emi_I!L13 -> 382.34 | I20: =Emi_I!M13 -> 579.67 | J20: =Emi_I!N13 -> 605.01 | ... AB20: =Emi_I!AF13 -> 1261.31
B21: NDC Incondicional + Condicional de la 2da NDC (5ta Comunicación) | C21: =SUM(C22:C27) -> 2271.8591 | D21: =SUM(D22:D27) -> 2629.2208 | E21: =SUM(E22:E27) -> 2987.2011 | F21: =SUM(F22:F27) -> 3064.3062 | G21: =SUM(G22:G27) -> 3141.9913 | H21: =SUM(H22:H27) -> 3540.6 | I21: =SUM(I22:I27) -> 3939.5088 | J21: =SUM(J22:J27) -> 4157.2022 | ... AB21: =SUM(AB22:AB27) -> 14214.816
B22: 5.A.1. Sitios de disposición de residuos sólidos gestionados | C22: ='Emi_I+C'!G7 -> 892.3716 | D22: ='Emi_I+C'!H7 -> 1032.8312 | E22: ='Emi_I+C'!I7 -> 1173.3316 | F22: ='Emi_I+C'!J7 -> 1229.7626 | G22: ='Emi_I+C'!K7 -> 1286.3505 | H22: ='Emi_I+C'!L7 -> 1720.1571 | I22: ='Emi_I+C'!M7 -> 2154.1216 | J22: ='Emi_I+C'!N7 -> 2435.0344 | ... AB22: ='Emi_I+C'!AF7 -> 10335.305
B23: 5.A.2. Sitios de disposición de residuos sólidos no gestionados | C23: ='Emi_I+C'!G8 -> 806.15385 | D23: ='Emi_I+C'!H8 -> 843.58052 | E23: ='Emi_I+C'!I8 -> 881.17352 | F23: ='Emi_I+C'!J8 -> 1020.9232 | G23: ='Emi_I+C'!K8 -> 1160.8584 | H23: ='Emi_I+C'!L8 -> 926.8017 | I23: ='Emi_I+C'!M8 -> 692.75696 | J23: ='Emi_I+C'!N8 -> 596.70116 | ... AB23: ='Emi_I+C'!AF8 -> 1469.5414
B24: 5.B.1. Compostaje | C24: ='Emi_I+C'!G9 -> 1.05325 | D24: ='Emi_I+C'!H9 -> 1.2256 | E24: ='Emi_I+C'!I9 -> 1.39795 | F24: ='Emi_I+C'!J9 -> 4.2513 | G24: ='Emi_I+C'!K9 -> 7.1238 | H24: ='Emi_I+C'!L9 -> 6.1663 | I24: ='Emi_I+C'!M9 -> 5.2088 | J24: ='Emi_I+C'!N9 -> 5.84075 | ... AB24: ='Emi_I+C'!AF9 -> 14.91785
B25: 5.C.1. Incineración de residuos | C25: ='Emi_I+C'!G10 -> 13.36608 | D25: ='Emi_I+C'!H10 -> 13.87682 | E25: ='Emi_I+C'!I10 -> 14.482 | F25: ='Emi_I+C'!J10 -> 14.79708 | G25: ='Emi_I+C'!K10 -> 15.23014 | H25: ='Emi_I+C'!L10 -> 15.12672 | I25: ='Emi_I+C'!M10 -> 15.1592 | J25: ='Emi_I+C'!N10 -> 15.3273 | ... AB25: ='Emi_I+C'!AF10 -> 25.39264
B26: 5.D.1. Aguas residuales domesticas | C26: ='Emi_I+C'!G11+'Emi_I+C'!G12 -> 405.33434 | D26: ='Emi_I+C'!H11+'Emi_I+C'!H12 -> 439.78666 | E26: ='Emi_I+C'!I11+'Emi_I+C'!I12 -> 474.55598 | F26: ='Emi_I+C'!J11+'Emi_I+C'!J12 -> 480.97206 | G26: ='Emi_I+C'!K11+'Emi_I+C'!K12 -> 487.4184 | H26: ='Emi_I+C'!L11+'Emi_I+C'!L12 -> 490.00818 | I26: ='Emi_I+C'!M11+'Emi_I+C'!M12 -> 492.59226 | J26: ='Emi_I+C'!N11+'Emi_I+C'!N12 -> 499.28854 | ... AB26: ='Emi_I+C'!AF11+'Emi_I+C'!AF12 -> 1108.3494
B27: 5.D.2. Aguas residuales industriales | C27: ='Emi_I+C'!G13 -> 153.58 | D27: ='Emi_I+C'!H13 -> 297.92 | E27: ='Emi_I+C'!I13 -> 442.26 | F27: ='Emi_I+C'!J13 -> 313.6 | G27: ='Emi_I+C'!K13 -> 185.01 | H27: ='Emi_I+C'!L13 -> 382.34 | I27: ='Emi_I+C'!M13 -> 579.67 | J27: ='Emi_I+C'!N13 -> 605.01 | ... AB27: ='Emi_I+C'!AF13 -> 1261.31
B30: Meta 2da NDC [GgCO2e]
B32: NDC Incondicional de la 2da NDC (5ta Comunicación) | C32: =C14-C7 -> 0 | D32: =D14-D7 -> 0 | E32: =E14-E7 -> 0 | F32: =F14-F7 -> 0 | G32: =G14-G7 -> 0 | H32: =H14-H7 -> 0 | I32: =I14-I7 -> 0 | J32: =J14-J7 -> 0 | ... AB32: =AB14-AB7 -> -106.9956
B33: NDC Incondicional + Condicional de la 2da NDC (5ta Comunicación) | C33: =C21-C7 -> 0 | D33: =D21-D7 -> 0 | E33: =E21-E7 -> 0 | F33: =F21-F7 -> 0 | G33: =G21-G7 -> 0 | H33: =H21-H7 -> 0 | I33: =I21-I7 -> 0 | J33: =J21-J7 -> 0 | ... AB33: =AB21-AB7 -> -318.42364
B36: Meta 2da NDC [%]
B38: NDC Incondicional de la 2da NDC (5ta Comunicación) | C38: =(C14-C7)/C7 -> 0 | D38: =(D14-D7)/D7 -> 0 | E38: =(E14-E7)/E7 -> 0 | F38: =(F14-F7)/F7 -> 0 | G38: =(G14-G7)/G7 -> 0 | H38: =(H14-H7)/H7 -> 0 | I38: =(I14-I7)/I7 -> 0 | J38: =(J14-J7)/J7 -> 0 | ... AB38: =(AB14-AB7)/AB7 -> -0.0073621298
B39: NDC Incondicional + Condicional de la 2da NDC (5ta Comunicación) | C39: =(C21-C7)/C7 -> 0 | D39: =(D21-D7)/D7 -> 0 | E39: =(E21-E7)/E7 -> 0 | F39: =(F21-F7)/F7 -> 0 | G39: =(G21-G7)/G7 -> 0 | H39: =(H21-H7)/H7 -> 0 | I39: =(I21-I7)/I7 -> 0 | J39: =(J21-J7)/J7 -> 0 | ... AB39: =(AB21-AB7)/AB7 -> -0.021910024

Sheet Gases
C6: GgCO2e
D7: 2010 | E7: 2011 | F7: 2012 | G7: 2013 | H7: 2014 | I7: 2015 | J7: 2016 | K7: 2017 | L7: 2018 | M7: 2019 | N7: 2020 | O7: 2021 | P7: 2022 | Q7: 2023 | R7: 2024 | S7: 2025 | T7: 2026 | U7: 2027 | V7: 2028 | W7: 2029 | X7: 2030 | Y7: 2031 | Z7: 2032 | AA7: 2033 | AB7: 2034 | AC7: 2035
C8: Nuevo Tendencial 1era NDC = Tendencial 5ta Comunicación y PLANMICC - Iniciativas Condicionales 1era NDC | D8: =SUM(D9:D11) -> 2275.5036 | E8: =SUM(E9:E11) -> 2626.8409 | F8: =SUM(F9:F11) -> 2985.2394 | G8: =SUM(G9:G11) -> 3066.0798 | H8: =SUM(H9:H11) -> 3147.0403 | I8: =SUM(I9:I11) -> 3544.354 | J8: =SUM(J9:J11) -> 3941.8452 | K8: =SUM(K9:K11) -> 4155.283 | ... AC8: =SUM(AC9:AC11) -> 14533.262
C9: GgCO2e por CO2 | D9: =SUM(Emi_T_ajustado!G23:G29)*1 -> 13.18135 | E9: =SUM(Emi_T_ajustado!H23:H29)*1 -> 13.68088 | F9: =SUM(Emi_T_ajustado!I23:I29)*1 -> 14.27192 | G9: =SUM(Emi_T_ajustado!J23:J29)*1 -> 14.57892 | H9: =SUM(Emi_T_ajustado!K23:K29)*1 -> 15.00075 | I9: =SUM(Emi_T_ajustado!L23:L29)*1 -> 14.90048 | J9: =SUM(Emi_T_ajustado!M23:M29)*1 -> 14.93184 | K9: =SUM(Emi_T_ajustado!N23:N29)*1 -> 15.09588 | ... AC9: =SUM(Emi_T_ajustado!AF23:AF29)*1 -> 24.79904
C10: GgCO2e por CH4 | D10: =SUM(Emi_T_ajustado!G39:G45)*28 -> 2081.6029 | E10: =SUM(Emi_T_ajustado!H39:H45)*28 -> 2429.4222 | F10: =SUM(Emi_T_ajustado!I39:I45)*28 -> 2785.8835 | G10: =SUM(Emi_T_ajustado!J39:J45)*28 -> 2861.8722 | H10: =SUM(Emi_T_ajustado!K39:K45)*28 -> 2937.8555 | I10: =SUM(Emi_T_ajustado!L39:L45)*28 -> 3337.5538 | J10: =SUM(Emi_T_ajustado!M39:M45)*28 -> 3737.2952 | K10: =SUM(Emi_T_ajustado!N39:N45)*28 -> 3949.8827 | ... AC10: =SUM(Emi_T_ajustado!AF39:AF45)*28 -> 14090.65
C11: GgCO2e por N20 | D11: =SUM(Emi_T_ajustado!G55:G61)*265 -> 180.7194 | E11: =SUM(Emi_T_ajustado!H55:H61)*265 -> 183.73775 | F11: =SUM(Emi_T_ajustado!I55:I61)*265 -> 185.08395 | G11: =SUM(Emi_T_ajustado!J55:J61)*265 -> 189.6287 | H11: =SUM(Emi_T_ajustado!K55:K61)*265 -> 194.18405 | I11: =SUM(Emi_T_ajustado!L55:L61)*265 -> 191.89975 | J11: =SUM(Emi_T_ajustado!M55:M61)*265 -> 189.6181 | K11: =SUM(Emi_T_ajustado!N55:N61)*265 -> 190.30445 | ... AC11: =SUM(Emi_T_ajustado!AF55:AF61)*265 -> 417.81225
C12: NDC Incondicional de la 2da NDC (5ta Comunicación) | D12: =SUM(D13:D15) -> 2273.3803 | E12: =SUM(E13:E15) -> 2627.9548 | F12: =SUM(F13:F15) -> 2986.179 | G12: =SUM(G13:G15) -> 3064.6357 | H12: =SUM(H13:H15) -> 3144.0684 | I12: =SUM(I13:I15) -> 3541.6387 | J12: =SUM(J13:J15) -> 3939.8636 | K12: =SUM(K13:K15) -> 4156.5825 | ... AC12: =SUM(AC13:AC15) -> 14425.163
C13: GgCO2e por CO2 | D13: =SUM(Emi_I!G22:G28)*1 -> 13.18135 | E13: =SUM(Emi_I!H22:H28)*1 -> 13.68088 | F13: =SUM(Emi_I!I22:I28)*1 -> 14.27192 | G13: =SUM(Emi_I!J22:J28)*1 -> 14.57892 | H13: =SUM(Emi_I!K22:K28)*1 -> 15.00075 | I13: =SUM(Emi_I!L22:L28)*1 -> 14.90048 | J13: =SUM(Emi_I!M22:M28)*1 -> 14.93184 | K13: =SUM(Emi_I!N22:N28)*1 -> 15.09588 | ... AC13: =SUM(Emi_I!AF22:AF28)*1 -> 24.79904
C14: GgCO2e por CH4 | D14: =SUM(Emi_I!G37:G43)*28 -> 2080.4599 | E14: =SUM(Emi_I!H37:H43)*28 -> 2431.5326 | F14: =SUM(Emi_I!I37:I43)*28 -> 2787.8263 | G14: =SUM(Emi_I!J37:J43)*28 -> 2861.4495 | H14: =SUM(Emi_I!K37:K43)*28 -> 2935.9233 | I14: =SUM(Emi_I!L37:L43)*28 -> 3335.8679 | J14: =SUM(Emi_I!M37:M43)*28 -> 3736.3328 | K14: =SUM(Emi_I!N37:N43)*28 -> 3952.2036 | ... AC14: =SUM(Emi_I!AF37:AF43)*28 -> 14011.469
C15: GgCO2e por N20 | D15: =SUM(Emi_I!G52:G58)*265 -> 179.739 | E15: =SUM(Emi_I!H52:H58)*265 -> 182.74139 | F15: =SUM(Emi_I!I52:I58)*265 -> 184.08075 | G15: =SUM(Emi_I!J52:J58)*265 -> 188.60726 | H15: =SUM(Emi_I!K52:K58)*265 -> 193.14437 | I15: =SUM(Emi_I!L52:L58)*265 -> 190.87033 | J15: =SUM(Emi_I!M52:M58)*265 -> 188.59894 | K15: =SUM(Emi_I!N52:N58)*265 -> 189.28301 | ... AC15: =SUM(Emi_I!AF52:AF58)*265 -> 388.89532
C16: NDC Incondicional + Condicional de la 2da NDC (5ta Comunicación) | D16: =SUM(D17:D19) -> 2273.3803 | E16: =SUM(E17:E19) -> 2627.9548 | F16: =SUM(F17:F19) -> 2986.179 | G16: =SUM(G17:G19) -> 3064.6357 | H16: =SUM(H17:H19) -> 3144.0684 | I16: =SUM(I17:I19) -> 3541.6387 | J16: =SUM(J17:J19) -> 3939.8636 | K16: =SUM(K17:K19) -> 4156.5825 | ... AC16: =SUM(AC17:AC19) -> 14213.004
C17: GgCO2e por CO2 | D17: =SUM('Emi_I+C'!G22:G28)*1 -> 13.18135 | E17: =SUM('Emi_I+C'!H22:H28)*1 -> 13.68088 | F17: =SUM('Emi_I+C'!I22:I28)*1 -> 14.27192 | G17: =SUM('Emi_I+C'!J22:J28)*1 -> 14.57892 | H17: =SUM('Emi_I+C'!K22:K28)*1 -> 15.00075 | I17: =SUM('Emi_I+C'!L22:L28)*1 -> 14.90048 | J17: =SUM('Emi_I+C'!M22:M28)*1 -> 14.93184 | K17: =SUM('Emi_I+C'!N22:N28)*1 -> 15.09588 | ... AC17: =SUM('Emi_I+C'!AF22:AF28)*1 -> 24.79904
C18: GgCO2e por CH4 | D18: =SUM('Emi_I+C'!G37:G43)*28 -> 2080.4599 | E18: =SUM('Emi_I+C'!H37:H43)*28 -> 2431.5326 | F18: =SUM('Emi_I+C'!I37:I43)*28 -> 2787.8263 | G18: =SUM('Emi_I+C'!J37:J43)*28 -> 2861.4495 | H18: =SUM('Emi_I+C'!K37:K43)*28 -> 2935.9233 | I18: =SUM('Emi_I+C'!L37:L43)*28 -> 3335.8679 | J18: =SUM('Emi_I+C'!M37:M43)*28 -> 3736.3328 | K18: =SUM('Emi_I+C'!N37:N43)*28 -> 3952.2036 | ... AC18: =SUM('Emi_I+C'!AF37:AF43)*28 -> 13819.025
C19: GgCO2e por N20 | D19: =SUM('Emi_I+C'!G52:G58)*265 -> 179.739 | E19: =SUM('Emi_I+C'!H52:H58)*265 -> 182.74139 | F19: =SUM('Emi_I+C'!I52:I58)*265 -> 184.08075 | G19: =SUM('Emi_I+C'!J52:J58)*265 -> 188.60726 | H19: =SUM('Emi_I+C'!K52:K58)*265 -> 193.14437 | I19: =SUM('Emi_I+C'!L52:L58)*265 -> 190.87033 | J19: =SUM('Emi_I+C'!M52:M58)*265 -> 188.59894 | K19: =SUM('Emi_I+C'!N52:N58)*265 -> 189.28301 | ... AC19: =SUM('Emi_I+C'!AF52:AF58)*265 -> 369.17924
C21: %
D22: 2010 | E22: 2011 | F22: 2012 | G22: 2013 | H22: 2014 | I22: 2015 | J22: 2016 | K22: 2017 | L22: 2018 | M22: 2019 | N22: 2020 | O22: 2021 | P22: 2022 | Q22: 2023 | R22: 2024 | S22: 2025 | T22: 2026 | U22: 2027 | V22: 2028 | W22: 2029 | X22: 2030 | Y22: 2031 | Z22: 2032 | AA22: 2033 | AB22: 2034 | AC22: 2035
C23: Nuevo Tendencial 1era NDC = Tendencial 5ta Comunicación y PLANMICC - Iniciativas Condicionales 1era NDC | D23: =D8/D8 -> 1 | E23: =E8/E8 -> 1 | F23: =F8/F8 -> 1 | G23: =G8/G8 -> 1 | H23: =H8/H8 -> 1 | I23: =I8/I8 -> 1 | J23: =J8/J8 -> 1 | K23: =K8/K8 -> 1 | ... AC23: =AC8/AC8 -> 1
C24: GgCO2e por CO2 | D24: =D9/D8 -> 0.0057927176 | E24: =E9/E8 -> 0.0052081114 | F24: =F9/F8 -> 0.0047808293 | G24: =G9/G8 -> 0.0047549056 | H24: =H9/H8 -> 0.0047666215 | I24: =I9/I8 -> 0.0042040044 | J24: =J9/J8 -> 0.0037880331 | K24: =K9/K8 -> 0.0036329366 | ... AC24: =AC9/AC8 -> 0.0017063644
C25: GgCO2e por CH4 | D25: =D10/D8 -> 0.91478777 | E25: =E10/E8 -> 0.92484561 | F25: =F10/F8 -> 0.93321947 | G25: =G10/G8 -> 0.93339781 | H25: =H10/H8 -> 0.93352967 | I25: =I10/I8 -> 0.94165362 | J25: =J10/J8 -> 0.94810807 | K25: =K10/K8 -> 0.95056887 | ... AC25: =AC10/AC8 -> 0.96954494
C26: GgCO2e por N20 | D26: =D11/D8 -> 0.079419517 | E26: =E11/E8 -> 0.069946281 | F26: =F11/F8 -> 0.061999701 | G26: =G11/G8 -> 0.061847282 | H26: =H11/H8 -> 0.061703707 | I26: =I11/I8 -> 0.054142376 | J26: =J11/J8 -> 0.048103893 | K26: =K11/K8 -> 0.045798192 | ... AC26: =AC11/AC8 -> 0.028748691
C27: NDC Incondicional de la 2da NDC (5ta Comunicación) | D27: =D12/D12 -> 1 | E27: =E12/E12 -> 1 | F27: =F12/F12 -> 1 | G27: =G12/G12 -> 1 | H27: =H12/H12 -> 1 | I27: =I12/I12 -> 1 | J27: =J12/J12 -> 1 | K27: =K12/K12 -> 1 | ... AC27: =AC12/AC12 -> 1
C28: GgCO2e por CO2 | D28: =D13/D12 -> 0.0057981281 | E28: =E13/E12 -> 0.0052059038 | F28: =F13/F12 -> 0.004779325 | G28: =G13/G12 -> 0.0047571461 | H28: =H13/H12 -> 0.0047711271 | I28: =I13/I12 -> 0.0042072275 | J28: =J13/J12 -> 0.0037899383 | K28: =K13/K12 -> 0.0036318009 | ... AC28: =AC13/AC12 -> 0.0017191514
C29: GgCO2e por CH4 | D29: =D14/D12 -> 0.91513943 | E29: =E14/E12 -> 0.9252566 | F29: =F14/F12 -> 0.93357643 | G29: =G14/G12 -> 0.93369973 | H29: =H14/H12 -> 0.93379752 | I29: =I14/I12 -> 0.94189955 | J29: =J14/J12 -> 0.94834065 | K29: =K14/K12 -> 0.95083007 | ... AC29: =AC14/AC12 -> 0.97132134
C30: GgCO2e por N20 | D30: =D15/D12 -> 0.079062445 | E30: =E15/E12 -> 0.069537493 | F30: =F15/F12 -> 0.061644245 | G30: =G15/G12 -> 0.061543125 | H30: =H15/H12 -> 0.061431351 | I30: =I15/I12 -> 0.053893224 | J30: =J15/J12 -> 0.047869409 | K30: =K15/K12 -> 0.045538134 | ... AC30: =AC15/AC12 -> 0.02695951
C31: NDC Incondicional + Condicional de la 2da NDC (5ta Comunicación) | D31: =D16/D16 -> 1 | E31: =E16/E16 -> 1 | F31: =F16/F16 -> 1 | G31: =G16/G16 -> 1 | H31: =H16/H16 -> 1 | I31: =I16/I16 -> 1 | J31: =J16/J16 -> 1 | K31: =K16/K16 -> 1 | ... AC31: =AC16/AC16 -> 1
C32: GgCO2e por CO2 | D32: =D17/D16 -> 0.0057981281 | E32: =E17/E16 -> 0.0052059038 | F32: =F17/F16 -> 0.004779325 | G32: =G17/G16 -> 0.0047571461 | H32: =H17/H16 -> 0.0047711271 | I32: =I17/I16 -> 0.0042072275 | J32: =J17/J16 -> 0.0037899383 | K32: =K17/K16 -> 0.0036318009 | ... AC32: =AC17/AC16 -> 0.0017448134
C33: GgCO2e por CH4 | D33: =D18/D16 -> 0.91513943 | E33: =E18/E16 -> 0.9252566 | F33: =F18/F16 -> 0.93357643 | G33: =G18/G16 -> 0.93369973 | H33: =H18/H16 -> 0.93379752 | I33: =I18/I16 -> 0.94189955 | J33: =J18/J16 -> 0.94834065 | K33: =K18/K16 -> 0.95083007 | ... AC33: =AC18/AC16 -> 0.97228044
C34: GgCO2e por N20 | D34: =D19/D16 -> 0.079062445 | E34: =E19/E16 -> 0.069537493 | F34: =F19/F16 -> 0.061644245 | G34: =G19/G16 -> 0.061543125 | H34: =H19/H16 -> 0.061431351 | I34: =I19/I16 -> 0.053893224 | J34: =J19/J16 -> 0.047869409 | K34: =K19/K16 -> 0.045538134 | ... AC34: =AC19/AC16 -> 0.025974751

Sheet T_INGEI_5CN
B3: Original
B4: GgCO2e | C4: 2010 | D4: 2011 | E4: 2012 | F4: 2013 | G4: 2014 | H4: 2015 | I4: 2016 | J4: 2017 | K4: 2018 | L4: 2019 | M4: 2020 | N4: 2021 | O4: 2022
B5: 5. Residuos | C5: 2271.9 | E5: 2987.0601 | G5: 3141.8463 | I5: 3853.3445 | K5: 4092.4937 | M5: 4450.4578 | N5: 4526.7615 | O5: 4790.54
B6: 5.A. Disposición de residuos solidos | C6: 1698.598 | E6: 2054.4701 | G6: 2447.1187 | I6: 2760.6934 | K6: 2934.3884 | M6: 3335.8732 | N6: 3496.885 | O6: 3665.9319
B7: 5.A.1. Sitios de disposición de residuos sólidos gestionados | C7: 892.43222 | E7: 1173.3147 | G7: 1286.3125 | I7: 2067.9211 | K7: 2433.744 | M7: 2796.3571 | N7: 3028.8829 | O7: 3183.2121 | P7: Netas
B8: 5.A.2. Sitios de disposición de residuos sólidos no gestionados | C8: 806.1658 | E8: 881.15542 | G8: 1160.8061 | I8: 692.77238 | K8: 500.64433 | M8: 539.51612 | N8: 468.00217 | O8: 482.71985
B9: 5.B. Tratamiento Biológico de residuos solidos | C9: 1.0625676 | E9: 1.4055142 | G9: 7.1154774 | I9: 5.2039248 | K9: 6.4633359 | M9: 7.0399622 | N9: 7.3797023 | O9: 6.4519188
B10: 5.B.1. Compostaje | C10: 1.0625676 | E10: 1.4055142 | G10: 7.1154774 | I10: 5.2039248 | K10: 6.4633359 | M10: 7.0399622 | N10: 7.3797023 | O10: 6.4519188
B11: 5.C. Incineración y quema abierta de residuos | C11: 13.36686 | E11: 14.441346 | G11: 15.224293 | I11: 15.116414 | K11: 15.464941 | M11: 21.81834 | N11: 13.342577 | O11: 17.204674
B12: 5.C.1. Incineración de residuos | C12: 13.36686 | E12: 14.441346 | G12: 15.224293 | I12: 15.116414 | K12: 15.464941 | M12: 21.81834 | N12: 13.342577 | O12: 17.204674
B13: 5.D. Eliminación y tratamiento de aguas residuales | C13: 558.87253 | E13: 916.74315 | G13: 672.38786 | I13: 1072.3308 | K13: 1136.1771 | M13: 1085.7262 | N13: 1009.1542 | O13: 1100.9514
B14: 5.D.1. Aguas residuales domesticas | C14: 405.26496 | E14: 474.50609 | G14: 487.37141 | I14: 492.64169 | K14: 505.78156 | M14: 511.49266 | N14: 518.66483 | O14: 505.68739
B15: 5.D.2. Aguas residuales industriales | C15: 153.60757 | E15: 442.23707 | G15: 185.01644 | I15: 579.68907 | K15: 630.39552 | M15: 574.23356 | N15: 490.48939 | O15: 595.26405
B19: Interpolado
B21: GgCO2e | C21: 2010 | D21: 2011 | E21: 2012 | F21: 2013 | G21: 2014 | H21: 2015 | I21: 2016 | J21: 2017 | K21: 2018 | L21: 2019 | M21: 2020 | N21: 2021 | O21: 2022
B22: 5. Residuos | C22: =C23+C26+C28+C30 -> 2271.9 | D22: =D23+D26+D28+D30 -> 2629.48 | E22: =E23+E26+E28+E30 -> 2987.0601 | F22: =F23+F26+F28+F30 -> 3064.4532 | G22: =G23+G26+G28+G30 -> 3141.8463 | H22: =H23+H26+H28+H30 -> 3497.5954 | I22: =I23+I26+I28+I30 -> 3853.3445 | J22: =J23+J26+J28+J30 -> 3972.9191 | ... O22: =O23+O26+O28+O30 -> 4790.54
B23: 5.A. Disposición de residuos solidos | C23: =C24+C25 -> 1698.598 | D23: =D24+D25 -> 1876.5341 | E23: =E24+E25 -> 2054.4701 | F23: =F24+F25 -> 2250.7944 | G23: =G24+G25 -> 2447.1187 | H23: =H24+H25 -> 2603.9061 | I23: =I24+I25 -> 2760.6934 | J23: =J24+J25 -> 2847.5409 | ... O23: =O24+O25 -> 3665.9319
B24: 5.A.1. Sitios de disposición de residuos sólidos gestionados | C24: 892.43222 | D24: 1032.8734 | E24: 1173.3147 | F24: 1229.8136 | G24: 1286.3125 | H24: 1677.1168 | I24: 2067.9211 | J24: 2250.8325 | K24: 2433.744 | L24: 2615.0506 | M24: 2796.3571 | N24: 3028.8829 | O24: 3183.2121 | P24: Netas
B25: 5.A.2. Sitios de disposición de residuos sólidos no gestionados | C25: 806.1658 | D25: 843.66061 | E25: 881.15542 | F25: 1020.9808 | G25: 1160.8061 | H25: 926.78925 | I25: 692.77238 | J25: 596.70835 | K25: 500.64433 | L25: 520.08022 | M25: 539.51612 | N25: 468.00217 | O25: 482.71985
B26: 5.B. Tratamiento Biológico de residuos solidos | C26: =C27 -> 1.0625676 | D26: =D27 -> 1.2340409 | E26: =E27 -> 1.4055142 | F26: =F27 -> 4.2604958 | G26: =G27 -> 7.1154774 | H26: =H27 -> 6.1597011 | I26: =I27 -> 5.2039248 | J26: =J27 -> 5.8336303 | ... O26: =O27 -> 6.4519188
B27: 5.B.1. Compostaje | C27: 1.0625676 | D27: 1.2340409 | E27: 1.4055142 | F27: 4.2604958 | G27: 7.1154774 | H27: 6.1597011 | I27: 5.2039248 | J27: 5.8336303 | K27: 6.4633359 | L27: 6.7516491 | M27: 7.0399622 | N27: 7.3797023 | O27: 6.4519188
B28: 5.C. Incineración y quema abierta de residuos | C28: =C29 -> 13.36686 | D28: =D29 -> 13.904103 | E28: =E29 -> 14.441346 | F28: =F29 -> 14.83282 | G28: =G29 -> 15.224293 | H28: =H29 -> 15.170354 | I28: =I29 -> 15.116414 | J28: =J29 -> 15.290677 | ... O28: =O29 -> 17.204674
B29: 5.C.1. Incineración de residuos | C29: 13.36686 | D29: 13.904103 | E29: 14.441346 | F29: 14.83282 | G29: 15.224293 | H29: 15.170354 | I29: 15.116414 | J29: 15.290677 | K29: 15.464941 | L29: 18.64164 | M29: 21.81834 | N29: 13.342577 | O29: 17.204674
B30: 5.D. Eliminación y tratamiento de aguas residuales | C30: =C31+C32 -> 558.87253 | D30: =D31+D32 -> 737.80784 | E30: =E31+E32 -> 916.74315 | F30: =F31+F32 -> 794.56551 | G30: =G31+G32 -> 672.38786 | H30: =H31+H32 -> 872.35931 | I30: =I31+I32 -> 1072.3308 | J30: =J31+J32 -> 1104.2539 | ... O30: =O31+O32 -> 1100.9514
B31: 5.D.1. Aguas residuales domesticas | C31: 405.26496 | D31: 439.88552 | E31: 474.50609 | F31: 480.93875 | G31: 487.37141 | H31: 490.00655 | I31: 492.64169 | J31: 499.21163 | K31: 505.78156 | L31: 508.63711 | M31: 511.49266 | N31: 518.66483 | O31: 505.68739
B32: 5.D.2. Aguas residuales industriales | C32: 153.60757 | D32: 297.92232 | E32: 442.23707 | F32: 313.62676 | G32: 185.01644 | H32: 382.35276 | I32: 579.68907 | J32: 605.0423 | K32: 630.39552 | L32: 602.31454 | M32: 574.23356 | N32: 490.48939 | O32: 595.26405

Sheet T_5A1
D5: NOTA IMPORTANTE: (4) Si las emisiones de CH4 recuperadas se utilizan para obtener energía, las emisiones procedentes del proceso de combustión deben notificarse en la categoría 1.A y se facilitan aquí únicamente a título informativo.
C9: 5.A.1. Sitios de disposición final de residuos solidos gestionados
E14: 2010 | F14: 2011 | G14: 2012 | H14: 2013 | I14: 2014 | J14: 2015 | K14: 2016 | L14: 2017 | M14: 2018 | N14: 2019 | O14: 2020 | P14: 2021 | Q14: 2022
D15: Datos de actividad (kt) | E15: 1247.2264 | G15: 1448.2413 | I15: 1710.8245 | K15: 2217.9568 | M15: 2461.8405 | O15: 2492.1224 | P15: 2639.8994 | Q15: 2749.1917
D16: FE neto [ktCH4/kt] | E16: 0.025554767 | G16: 0.02893447 | I16: 0.026852394 | K16: 0.03329836 | M16: 0.035306686 | O16: 0.040074235 | P16: 0.040976709 | Q16: 0.041352571
D17: Emisiones netas [ktCH4] | E17: 31.872579 | G17: 41.904095 | I17: 45.939733 | K17: 73.854324 | M17: 86.91943 | O17: 99.869897 | P17: 108.17439 | Q17: 113.68615
D18: Metano recuperado [ktCH4] | E18: 0 | F18: 0 | G18: 0 | H18: 0 | I18: 0 | J18: 0 | K18: 3.0756572 | M18: 10.0849 | O18: 10.123647 | P18: 9.6484388 | Q18: 9.5143395
D19: Emisiones netas [ktCO2e] | E19: =E17*E25 -> 892.43222 | F19: =F17*F25 -> 0 | G19: =G17*G25 -> 1173.3147 | H19: =H17*H25 -> 0 | I19: =I17*I25 -> 1286.3125 | J19: =J17*J25 -> 0 | K19: =K17*K25 -> 2067.9211 | L19: =L17*L25 -> 0 | ... Q19: =Q17*Q25 -> 3183.2121
D20: Metano recuperado [ktCO2e] | E20: =E18*E25 -> 0 | F20: =F18*F25 -> 0 | G20: =G18*G25 -> 0 | H20: =H18*H25 -> 0 | I20: =I18*I25 -> 0 | J20: =J18*J25 -> 0 | K20: =K18*K25 -> 86.118403 | L20: =L18*L25 -> 0 | ... Q20: =Q18*Q25 -> 266.40151
D21: FE bruto [ktCH4/kt] | E21: =(E17+E18)/E15 -> 0.025554767 | G21: =(G17+G18)/G15 -> 0.02893447 | I21: =(I17+I18)/I15 -> 0.026852394 | K21: =(K17+K18)/K15 -> 0.034685067 | M21: =(M17+M18)/M15 -> 0.039403174 | O21: =(O17+O18)/O15 -> 0.044136494 | P21: =(P17+P18)/P15 -> 0.04463156 | Q21: =(Q17+Q18)/Q15 -> 0.044813348
D22: Emisiones brutas [ktCH4] | E22: =E17+E18 -> 31.872579 | G22: =G17+G18 -> 41.904095 | I22: =I17+I18 -> 45.939733 | K22: =K17+K18 -> 76.929981 | M22: =M17+M18 -> 97.00433 | O22: =O17+O18 -> 109.99354 | P22: =P17+P18 -> 117.82283 | Q22: =Q17+Q18 -> 123.20048
D24: PCG
D25: CH4 | E25: 28 | F25: 28 | G25: 28 | H25: 28 | I25: 28 | J25: 28 | K25: 28 | L25: 28 | M25: 28 | N25: 28 | O25: 28 | P25: 28 | Q25: 28
D27: Emisiones 5CN
B28: netas | C28: ktCO2e | D28: 5.A.1. Sitios de disposición de residuos sólidos gestionados | E28: 892.43222 | F28: 1032.8734 | G28: 1173.3147 | H28: 1229.8136 | I28: 1286.3125 | J28: 1677.1168 | K28: 2067.9211 | L28: 2250.8325 | M28: 2433.744 | N28: 2615.0506 | O28: 2796.3571 | P28: 3028.8829 | Q28: 3183.2121
B29: brutas | C29: ktCO2e | D29: 5.A.1. Sitios de disposición de residuos sólidos gestionados | E29: 892.43222 | F29: 1032.8734 | G29: 1173.3147 | H29: 1229.8136 | I29: 1286.3125 | J29: 1720.176 | K29: 2154.0395 | L29: 2435.0804 | M29: 2716.1212 | N29: 2897.9702 | O29: 3079.8192 | P29: =P19+P20 -> 3299.0392 | Q29: =Q19+Q20 -> 3449.6136
D30: Interpolar FE
D31: FE neto [ktCH4/kt] | E31: 0.025554767 | F31: 0.027244619 | G31: 0.02893447 | H31: 0.027893432 | I31: 0.026852394 | J31: 0.030075377 | K31: 0.03329836 | L31: 0.034302523 | M31: 0.035306686 | N31: 0.03769046 | O31: 0.040074235 | P31: 0.040976709 | Q31: 0.041352571
D32: FE bruto [ktCH4/kt] | E32: 0.025554767 | F32: 0.027244619 | G32: 0.02893447 | H32: 0.027893432 | I32: 0.026852394 | J32: 0.030768731 | K32: 0.034685067 | L32: 0.037044121 | M32: 0.039403174 | N32: 0.041769834 | O32: 0.044136494 | P32: 0.04463156 | Q32: 0.044813348
D33: Cálculo de actividad [Emisiones/Factor de emisión]
D34: Datos de actividad netas (kt) | E34: 1247.2264 | F34: =F28/(F31*F25) -> 1353.9678 | G34: 1448.2413 | H34: =H28/(H31*H25) -> 1574.6328 | I34: 1710.8245 | J34: =J28/(J31*J25) -> 1991.5637 | K34: 2217.9568 | L34: =L28/(L31*L25) -> 2343.4684 | M34: 2461.8405 | N34: =N28/(N31*N25) -> 2477.9391 | O34: 2492.1224 | P34: 2639.8994 | Q34: 2749.1917
D35: Datos de actividad brutas (kt) | E35: =E29/(E32*28) -> 1247.2264 | F35: =F29/(F32*28) -> 1353.9678 | G35: =G29/(G32*28) -> 1448.2413 | H35: =H29/(H32*28) -> 1574.6328 | I35: =I29/(I32*28) -> 1710.8245 | J35: =J29/(J32*28) -> 1996.6653 | K35: =K29/(K32*28) -> 2217.9568 | L35: =L29/(L32*28) -> 2347.6642 | ... Q35: =Q29/(Q32*28) -> 2749.1917
C38: NETAS
E39: 2010 | F39: 2011 | G39: 2012 | H39: 2013 | I39: 2014 | J39: 2015 | K39: 2016 | L39: 2017 | M39: 2018 | N39: 2019 | O39: 2020 | P39: 2021 | Q39: 2022
D40: Actividad [Mt residuos] | E40: =ROUND(E34/1000,4) -> 1.2472 | F40: =ROUND(F34/1000,4) -> 1.354 | G40: =ROUND(G34/1000,4) -> 1.4482 | H40: =ROUND(H34/1000,4) -> 1.5746 | I40: =ROUND(I34/1000,4) -> 1.7108 | J40: =ROUND(J34/1000,4) -> 1.9916 | K40: =ROUND(K34/1000,4) -> 2.218 | L40: =ROUND(L34/1000,4) -> 2.3435 | ... Q40: =ROUND(Q34/1000,4) -> 2.7492
D41: FE neto [MtCO2e/Mt residuos] | E41: =ROUND(E28/E34,4) -> 0.7155 | F41: =ROUND(F28/F34,4) -> 0.7628 | G41: =ROUND(G28/G34,4) -> 0.8102 | H41: =ROUND(H28/H34,4) -> 0.781 | I41: =ROUND(I28/I34,4) -> 0.7519 | J41: =ROUND(J28/J34,4) -> 0.8421 | K41: =ROUND(K28/K34,4) -> 0.9324 | L41: =ROUND(L28/L34,4) -> 0.9605 | ... Q41: =ROUND(Q28/Q34,4) -> 1.1579
D42: FE neto [MtCO2e por CO2/Mt residuos] | E42: 0 | F42: 0 | G42: 0 | H42: 0 | I42: 0 | J42: 0 | K42: 0 | L42: 0 | M42: 0 | N42: 0 | O42: 0 | P42: 0 | Q42: 0
D43: FE neto [MtCO2e por CH4/Mt residuos] | E43: =ROUND(E16*E25,4) -> 0.7155 | F43: =ROUND(F31*F25,4) -> 0.7628 | G43: =ROUND(G16*G25,4) -> 0.8102 | H43: =ROUND(H31*H25,4) -> 0.781 | I43: =ROUND(I16*I25,4) -> 0.7519 | J43: =ROUND(J31*J25,4) -> 0.8421 | K43: =ROUND(K16*K25,4) -> 0.9324 | L43: =ROUND(L31*L25,4) -> 0.9605 | M43: =ROUND(M16*M25,4) -> 0.9886 | N43: =ROUND(N31*N25,4) -> 1.0553 | O43: =ROUND(O16*O25,4) -> 1.1221 | P43: =ROUND(P16*P25,4) -> 1.1473 | Q43: =ROUND(Q16*Q25,4) -> 1.1579
D44: FE neto [MtCO2e por N2O/Mt residuos] | E44: 0 | F44: 0 | G44: 0 | H44: 0 | I44: 0 | J44: 0 | K44: 0 | L44: 0 | M44: 0 | N44: 0 | O44: 0 | P44: 0 | Q44: 0
D45: Emisiones netas [MtCO2e] | E45: =E40*E41 -> 0.8923716 | F45: =F40*F41 -> 1.0328312 | G45: =G40*G41 -> 1.1733316 | H45: =H40*H41 -> 1.2297626 | I45: =I40*I41 -> 1.2863505 | J45: =J40*J41 -> 1.6771264 | K45: =K40*K41 -> 2.0680632 | L45: =L40*L41 -> 2.2509318 | ... Q45: =Q40*Q41 -> 3.1832987
D46: Emisiones netas [MtCO2e por CO2] | E46: =E40*E42 -> 0 | F46: =F40*F42 -> 0 | G46: =G40*G42 -> 0 | H46: =H40*H42 -> 0 | I46: =I40*I42 -> 0 | J46: =J40*J42 -> 0 | K46: =K40*K42 -> 0 | L46: =L40*L42 -> 0 | ... Q46: =Q40*Q42 -> 0
D47: Emisiones netas [MtCO2e por CH4] | E47: =E40*E43 -> 0.8923716 | F47: =F40*F43 -> 1.0328312 | G47: =G40*G43 -> 1.1733316 | H47: =H40*H43 -> 1.2297626 | I47: =I40*I43 -> 1.2863505 | J47: =J40*J43 -> 1.6771264 | K47: =K40*K43 -> 2.0680632 | L47: =L40*L43 -> 2.2509318 | ... Q47: =Q40*Q43 -> 3.1832987
D48: Emisiones netas [MtCO2e por N2O] | E48: =E40*E44 -> 0 | F48: =F40*F44 -> 0 | G48: =G40*G44 -> 0 | H48: =H40*H44 -> 0 | I48: =I40*I44 -> 0 | J48: =J40*J44 -> 0 | K48: =K40*K44 -> 0 | L48: =L40*L44 -> 0 | ... Q48: =Q40*Q44 -> 0
D49: Comprobación | E49: =E45-E46-E47-E48 -> 0 | F49: =F45-F46-F47-F48 -> 0 | G49: =G45-G46-G47-G48 -> 0 | H49: =H45-H46-H47-H48 -> 0 | I49: =I45-I46-I47-I48 -> 0 | J49: =J45-J46-J47-J48 -> 0 | K49: =K45-K46-K47-K48 -> 0 | L49: =L45-L46-L47-L48 -> 0 | ... Q49: =Q45-Q46-Q47-Q48 -> 0
C52: NETAS FINAL
E53: 2010 | F53: 2011 | G53: 2012 | H53: 2013 | I53: 2014 | J53: 2015 | K53: 2016 | L53: 2017 | M53: 2018 | N53: 2019 | O53: 2020 | P53: 2021 | Q53: 2022 | R53: 2023 | S53: 2024 | T53: 2025 | U53: 2026 | V53: 2027 | W53: 2028 | X53: 2029 | Y53: 2030 | Z53: 2031 | AA53: 2032 | AB53: 2033 | AC53: 2034 | AD53: 2035
D54: Actividad [Mt residuos] | E54: =E40 -> 1.2472 | F54: =F40 -> 1.354 | G54: =G40 -> 1.4482 | H54: =H40 -> 1.5746 | I54: =I40 -> 1.7108 | J54: =J40 -> 1.9916 | K54: =K40 -> 2.218 | L54: =L40 -> 2.3435 | ... Q54: =Q40 -> 2.7492 | R54: 2.9082 | S54: 3.0701 | T54: 3.2348 | U54: 3.4022 | V54: 3.5721 | W54: 3.7446 | X54: 3.9197 | Y54: 4.097 | Z54: 4.177 | AA54: 4.2571 | AB54: 4.3372 | AC54: 4.4173 | AD54: 4.4973
D55: FE neto [MtCO2e/Mt residuos] | E55: =E41 -> 0.7155 | F55: =F41 -> 0.7628 | G55: =G41 -> 0.8102 | H55: =H41 -> 0.781 | I55: =I41 -> 0.7519 | J55: =J41 -> 0.8421 | K55: =K41 -> 0.9324 | L55: =L41 -> 0.9605 | ... Q55: =Q41 -> 1.1579 | R55: =ROUND(R57*$Q$25,4) -> 1.2068 | S55: =ROUND(S57*$Q$25,4) -> 1.2572 | T55: =ROUND(T57*$Q$25,4) -> 1.3104 | U55: =ROUND(U57*$Q$25,4) -> 1.3664 | V55: =ROUND(V57*$Q$25,4) -> 1.4224 | W55: =ROUND(W57*$Q$25,4) -> 1.4812 | X55: =ROUND(X57*$Q$25,4) -> 1.5428 | Y55: =ROUND(Y57*$Q$25,4) -> 1.6072 | ... AD55: =ROUND(AD57*$Q$25,4) -> 1.9712
D56: FE neto [MtCO2/Mt residuos] | E56: =E42 -> 0 | F56: =F42 -> 0 | G56: =G42 -> 0 | H56: =H42 -> 0 | I56: =I42 -> 0 | J56: =J42 -> 0 | K56: =K42 -> 0 | L56: =L42 -> 0 | ... Q56: =Q42 -> 0 | R56: 0 | S56: 0 | T56: 0 | U56: 0 | V56: 0 | W56: 0 | X56: 0 | Y56: 0 | Z56: 0 | AA56: 0 | AB56: 0 | AC56: 0 | AD56: 0
D57: FE neto [MtCH4/Mt residuos] | E57: =ROUND(E16,4) -> 0.0256 | F57: =ROUND(F31,4) -> 0.0272 | G57: =ROUND(G16,4) -> 0.0289 | H57: =ROUND(H31,4) -> 0.0279 | I57: =ROUND(I16,4) -> 0.0269 | J57: =ROUND(J31,4) -> 0.0301 | K57: =ROUND(K16,4) -> 0.0333 | L57: =ROUND(L31,4) -> 0.0343 | M57: =ROUND(M16,4) -> 0.0353 | N57: =ROUND(N31,4) -> 0.0377 | O57: =ROUND(O16,4) -> 0.0401 | P57: =ROUND(P16,4) -> 0.041 | Q57: =ROUND(Q16,4) -> 0.0414 | R57: =ROUND(Q57*(1+$Q$67),4) -> 0.0431 | S57: =ROUND(R57*(1+$Q$67),4) -> 0.0449 | T57: =ROUND(S57*(1+$Q$67),4) -> 0.0468 | U57: =ROUND(T57*(1+$Q$67),4) -> 0.0488 | V57: =ROUND(U57*(1+$Q$67),4) -> 0.0508 | W57: =ROUND(V57*(1+$Q$67),4) -> 0.0529 | X57: =ROUND(W57*(1+$Q$67),4) -> 0.0551 | Y57: =ROUND(X57*(1+$Q$67),4) -> 0.0574 | ... AD57: =ROUND(AC57*(1+$Q$67),4) -> 0.0704
D58: FE neto [MtN2O/Mt residuos] | E58: =E44 -> 0 | F58: =F44 -> 0 | G58: =G44 -> 0 | H58: =H44 -> 0 | I58: =I44 -> 0 | J58: =J44 -> 0 | K58: =K44 -> 0 | L58: =L44 -> 0 | ... Q58: =Q44 -> 0 | R58: 0 | S58: 0 | T58: 0 | U58: 0 | V58: 0 | W58: 0 | X58: 0 | Y58: 0 | Z58: 0 | AA58: 0 | AB58: 0 | AC58: 0 | AD58: 0
D59: Emisiones netas [MtCO2e] | E59: =E54*E55 -> 0.8923716 | F59: =F54*F55 -> 1.0328312 | G59: =G54*G55 -> 1.1733316 | H59: =H54*H55 -> 1.2297626 | I59: =I54*I55 -> 1.2863505 | J59: =J54*J55 -> 1.6771264 | K59: =K54*K55 -> 2.0680632 | L59: =L54*L55 -> 2.2509318 | ... AD59: =AD54*AD55 -> 8.8650778
D60: Emisiones netas [MtCO2] | E60: =E54*E56 -> 0 | F60: =F54*F56 -> 0 | G60: =G54*G56 -> 0 | H60: =H54*H56 -> 0 | I60: =I54*I56 -> 0 | J60: =J54*J56 -> 0 | K60: =K54*K56 -> 0 | L60: =L54*L56 -> 0 | ... Q60: =Q54*Q56 -> 0 | R60: 0 | S60: 0 | T60: 0 | U60: 0 | V60: 0 | W60: 0 | X60: 0 | Y60: 0 | Z60: 0 | AA60: 0 | AB60: 0 | AC60: 0 | AD60: 0
D61: Emisiones netas [MtCH4] | E61: =E54*E57 -> 0.03192832 | F61: =F54*F57 -> 0.0368288 | G61: =G54*G57 -> 0.04185298 | H61: =H54*H57 -> 0.04393134 | I61: =I54*I57 -> 0.04602052 | J61: =J54*J57 -> 0.05994716 | K61: =K54*K57 -> 0.0738594 | L61: =L54*L57 -> 0.08038205 | ... AD61: =AD54*AD57 -> 0.31660992
D62: Emisiones netas [MtN2O] | E62: =E54*E58 -> 0 | F62: =F54*F58 -> 0 | G62: =G54*G58 -> 0 | H62: =H54*H58 -> 0 | I62: =I54*I58 -> 0 | J62: =J54*J58 -> 0 | K62: =K54*K58 -> 0 | L62: =L54*L58 -> 0 | ... Q62: =Q54*Q58 -> 0 | R62: 0 | S62: 0 | T62: 0 | U62: 0 | V62: 0 | W62: 0 | X62: 0 | Y62: 0 | Z62: 0 | AA62: 0 | AB62: 0 | AC62: 0 | AD62: 0
E65: =(F57-E57)/(E57) -> 0.0625 | F65: =(G57-F57)/(F57) -> 0.0625 | G65: =(H57-G57)/(G57) -> -0.034602076 | H65: =(I57-H57)/(H57) -> -0.035842294 | I65: =(J57-I57)/(I57) -> 0.11895911 | J65: =(K57-J57)/(J57) -> 0.10631229 | K65: =(L57-K57)/(K57) -> 0.03003003 | L65: =(M57-L57)/(L57) -> 0.029154519 | ... P65: =(Q57-P57)/(P57) -> 0.0097560976
P67: Promedio | Q67: =AVERAGE(E65:P65) -> 0.041905059
C69: BRUTAS
E70: 2010 | F70: 2011 | G70: 2012 | H70: 2013 | I70: 2014 | J70: 2015 | K70: 2016 | L70: 2017 | M70: 2018 | N70: 2019 | O70: 2020 | P70: 2021 | Q70: 2022
D71: Actividad [Mt residuos] | E71: =ROUND(E35/1000,4) -> 1.2472 | F71: =ROUND(F35/1000,4) -> 1.354 | G71: =ROUND(G35/1000,4) -> 1.4482 | H71: =ROUND(H35/1000,4) -> 1.5746 | I71: =ROUND(I35/1000,4) -> 1.7108 | J71: =ROUND(J35/1000,4) -> 1.9967 | K71: =ROUND(K35/1000,4) -> 2.218 | L71: =ROUND(L35/1000,4) -> 2.3477 | ... Q71: =ROUND(Q35/1000,4) -> 2.7492
D72: FE bruto [MtCO2e/Mt residuos] | E72: =ROUND(E29/E35,4) -> 0.7155 | F72: =ROUND(F29/F35,4) -> 0.7628 | G72: =ROUND(G29/G35,4) -> 0.8102 | H72: =ROUND(H29/H35,4) -> 0.781 | I72: =ROUND(I29/I35,4) -> 0.7519 | J72: =ROUND(J29/J35,4) -> 0.8615 | K72: =ROUND(K29/K35,4) -> 0.9712 | L72: =ROUND(L29/L35,4) -> 1.0372 | ... Q72: =ROUND(Q29/Q35,4) -> 1.2548
D73: FE bruto [MtCO2e por CO2/Mt residuos] | E73: 0 | F73: 0 | G73: 0 | H73: 0 | I73: 0 | J73: 0 | K73: 0 | L73: 0 | M73: 0 | N73: 0 | O73: 0 | P73: 0 | Q73: 0
D74: FE bruto [MtCO2e por CH4/Mt residuos] | E74: =ROUND(E21*E25,4) -> 0.7155 | F74: =ROUND(F32*F25,4) -> 0.7628 | G74: =ROUND(G21*G25,4) -> 0.8102 | H74: =ROUND(H32*H25,4) -> 0.781 | I74: =ROUND(I21*I25,4) -> 0.7519 | J74: =ROUND(J32*J25,4) -> 0.8615 | K74: =ROUND(K21*K25,4) -> 0.9712 | L74: =ROUND(L32*L25,4) -> 1.0372 | M74: =ROUND(M21*M25,4) -> 1.1033 | N74: =ROUND(N32*N25,4) -> 1.1696 | O74: =ROUND(O21*O25,4) -> 1.2358 | P74: =ROUND(P21*P25,4) -> 1.2497 | Q74: =ROUND(Q21*Q25,4) -> 1.2548
D75: FE bruto [MtCO2e por N2O/Mt residuos] | E75: 0 | F75: 0 | G75: 0 | H75: 0 | I75: 0 | J75: 0 | K75: 0 | L75: 0 | M75: 0 | N75: 0 | O75: 0 | P75: 0 | Q75: 0
D76: Emisiones brutas [MtCO2e] | E76: =E71*E72 -> 0.8923716 | F76: =F71*F72 -> 1.0328312 | G76: =G71*G72 -> 1.1733316 | H76: =H71*H72 -> 1.2297626 | I76: =I71*I72 -> 1.2863505 | J76: =J71*J72 -> 1.7201571 | K76: =K71*K72 -> 2.1541216 | L76: =L71*L72 -> 2.4350344 | ... Q76: =Q71*Q72 -> 3.4496962
D77: Emisiones brutas [MtCO2e por CO2] | E77: =E71*E73 -> 0 | F77: =F71*F73 -> 0 | G77: =G71*G73 -> 0 | H77: =H71*H73 -> 0 | I77: =I71*I73 -> 0 | J77: =J71*J73 -> 0 | K77: =K71*K73 -> 0 | L77: =L71*L73 -> 0 | ... Q77: =Q71*Q73 -> 0
D78: Emisiones brutas [MtCO2e por CH4] | E78: =E71*E74 -> 0.8923716 | F78: =F71*F74 -> 1.0328312 | G78: =G71*G74 -> 1.1733316 | H78: =H71*H74 -> 1.2297626 | I78: =I71*I74 -> 1.2863505 | J78: =J71*J74 -> 1.7201571 | K78: =K71*K74 -> 2.1541216 | L78: =L71*L74 -> 2.4350344 | ... Q78: =Q71*Q74 -> 3.4496962
D79: Emisiones brutas [MtCO2e por N2O] | E79: =E71*E75 -> 0 | F79: =F71*F75 -> 0 | G79: =G71*G75 -> 0 | H79: =H71*H75 -> 0 | I79: =I71*I75 -> 0 | J79: =J71*J75 -> 0 | K79: =K71*K75 -> 0 | L79: =L71*L75 -> 0 | ... Q79: =Q71*Q75 -> 0
D80: Comprobación | E80: =E76-E77-E78-E79 -> 0 | F80: =F76-F77-F78-F79 -> 0 | G80: =G76-G77-G78-G79 -> 0 | H80: =H76-H77-H78-H79 -> 0 | I80: =I76-I77-I78-I79 -> 0 | J80: =J76-J77-J78-J79 -> 0 | K80: =K76-K77-K78-K79 -> 0 | L80: =L76-L77-L78-L79 -> 0 | ... Q80: =Q76-Q77-Q78-Q79 -> 0
C83: BRUTAS FINAL
E84: 2010 | F84: 2011 | G84: 2012 | H84: 2013 | I84: 2014 | J84: 2015 | K84: 2016 | L84: 2017 | M84: 2018 | N84: 2019 | O84: 2020 | P84: 2021 | Q84: 2022 | R84: 2023 | S84: 2024 | T84: 2025 | U84: 2026 | V84: 2027 | W84: 2028 | X84: 2029 | Y84: 2030 | Z84: 2031 | AA84: 2032 | AB84: 2033 | AC84: 2034 | AD84: 2035
D85: Actividad [Mt residuos] | E85: =E71 -> 1.2472 | F85: =F71 -> 1.354 | G85: =G71 -> 1.4482 | H85: =H71 -> 1.5746 | I85: =I71 -> 1.7108 | J85: =J71 -> 1.9967 | K85: =K71 -> 2.218 | L85: =L71 -> 2.3477 | ... Q85: =Q71 -> 2.7492 | R85: 2.9082 | S85: 3.0701 | T85: 3.2348 | U85: 3.4022 | V85: 3.5721 | W85: 3.7446 | X85: 3.9197 | Y85: 4.097 | Z85: 4.177 | AA85: 4.2571 | AB85: 4.3372 | AC85: 4.4173 | AD85: 4.4973
D86: FE bruto [MtCO2e/Mt residuos] | E86: =E72 -> 0.7155 | F86: =F72 -> 0.7628 | G86: =G72 -> 0.8102 | H86: =H72 -> 0.781 | I86: =I72 -> 0.7519 | J86: =J72 -> 0.8615 | K86: =K72 -> 0.9712 | L86: =L72 -> 1.0372 | ... Q86: =Q72 -> 1.2548 | R86: =ROUND(R88*$Q$25,4) -> 1.316 | S86: =ROUND(S88*$Q$25,4) -> 1.3804 | T86: =ROUND(T88*$Q$25,4) -> 1.4476 | U86: =ROUND(U88*$Q$25,4) -> 1.5176 | V86: =ROUND(V88*$Q$25,4) -> 1.5932 | W86: =ROUND(W88*$Q$25,4) -> 1.6716 | X86: =ROUND(X88*$Q$25,4) -> 1.7528 | Y86: =ROUND(Y88*$Q$25,4) -> 1.8396 | ... AD86: =ROUND(AD88*$Q$25,4) -> 2.3352
D87: FE bruto [MtCO2/Mt residuos] | E87: =E73 -> 0 | F87: =F73 -> 0 | G87: =G73 -> 0 | H87: =H73 -> 0 | I87: =I73 -> 0 | J87: =J73 -> 0 | K87: =K73 -> 0 | L87: =L73 -> 0 | ... Q87: =Q73 -> 0 | R87: 0 | S87: 0 | T87: 0 | U87: 0 | V87: 0 | W87: 0 | X87: 0 | Y87: 0 | Z87: 0 | AA87: 0 | AB87: 0 | AC87: 0 | AD87: 0
D88: FE bruto [MtCH4/Mt residuos] | E88: =ROUND(E32,4) -> 0.0256 | F88: =ROUND(F32,4) -> 0.0272 | G88: =ROUND(G32,4) -> 0.0289 | H88: =ROUND(H32,4) -> 0.0279 | I88: =ROUND(I32,4) -> 0.0269 | J88: =ROUND(J32,4) -> 0.0308 | K88: =ROUND(K32,4) -> 0.0347 | L88: =ROUND(L32,4) -> 0.037 | ... Q88: =ROUND(Q32,4) -> 0.0448 | R88: =ROUND(Q88*(1+$Q$98),4) -> 0.047 | S88: =ROUND(R88*(1+$Q$98),4) -> 0.0493 | T88: =ROUND(S88*(1+$Q$98),4) -> 0.0517 | U88: =ROUND(T88*(1+$Q$98),4) -> 0.0542 | V88: =ROUND(U88*(1+$Q$98),4) -> 0.0569 | W88: =ROUND(V88*(1+$Q$98),4) -> 0.0597 | X88: =ROUND(W88*(1+$Q$98),4) -> 0.0626 | Y88: =ROUND(X88*(1+$Q$98),4) -> 0.0657 | ... AD88: =ROUND(AC88*(1+$Q$98),4) -> 0.0834
D89: FE bruto [MtN2O/Mt residuos] | E89: =E75 -> 0 | F89: =F75 -> 0 | G89: =G75 -> 0 | H89: =H75 -> 0 | I89: =I75 -> 0 | J89: =J75 -> 0 | K89: =K75 -> 0 | L89: =L75 -> 0 | ... Q89: =Q75 -> 0 | R89: 0 | S89: 0 | T89: 0 | U89: 0 | V89: 0 | W89: 0 | X89: 0 | Y89: 0 | Z89: 0 | AA89: 0 | AB89: 0 | AC89: 0 | AD89: 0
D90: Emisiones brutas [MtCO2e] | E90: =E85*E86 -> 0.8923716 | F90: =F85*F86 -> 1.0328312 | G90: =G85*G86 -> 1.1733316 | H90: =H85*H86 -> 1.2297626 | I90: =I85*I86 -> 1.2863505 | J90: =J85*J86 -> 1.7201571 | K90: =K85*K86 -> 2.1541216 | L90: =L85*L86 -> 2.4350344 | ... AD90: =AD85*AD86 -> 10.502095
D91: Emisiones brutas [MtCO2] | E91: =E85*E87 -> 0 | F91: =F85*F87 -> 0 | G91: =G85*G87 -> 0 | H91: =H85*H87 -> 0 | I91: =I85*I87 -> 0 | J91: =J85*J87 -> 0 | K91: =K85*K87 -> 0 | L91: =L85*L87 -> 0 | ... Q91: =Q85*Q87 -> 0 | R91: 0 | S91: 0 | T91: 0 | U91: 0 | V91: 0 | W91: 0 | X91: 0 | Y91: 0 | Z91: 0 | AA91: 0 | AB91: 0 | AC91: 0 | AD91: 0
D92: Emisiones brutas [MtCH4] | E92: =E85*E88 -> 0.03192832 | F92: =F85*F88 -> 0.0368288 | G92: =G85*G88 -> 0.04185298 | H92: =H85*H88 -> 0.04393134 | I92: =I85*I88 -> 0.04602052 | J92: =J85*J88 -> 0.06149836 | K92: =K85*K88 -> 0.0769646 | L92: =L85*L88 -> 0.0868649 | ... AD92: =AD85*AD88 -> 0.37507482
D93: Emisiones brutas [MtN2O] | E93: =E85*E89 -> 0 | F93: =F85*F89 -> 0 | G93: =G85*G89 -> 0 | H93: =H85*H89 -> 0 | I93: =I85*I89 -> 0 | J93: =J85*J89 -> 0 | K93: =K85*K89 -> 0 | L93: =L85*L89 -> 0 | ... Q93: =Q85*Q89 -> 0 | R93: 0 | S93: 0 | T93: 0 | U93: 0 | V93: 0 | W93: 0 | X93: 0 | Y93: 0 | Z93: 0 | AA93: 0 | AB93: 0 | AC93: 0 | AD93: 0
E96: =(F88-E88)/(E88) -> 0.0625 | F96: =(G88-F88)/(F88) -> 0.0625 | G96: =(H88-G88)/(G88) -> -0.034602076 | H96: =(I88-H88)/(H88) -> -0.035842294 | I96: =(J88-I88)/(I88) -> 0.14498141 | J96: =(K88-J88)/(J88) -> 0.12662338 | K96: =(L88-K88)/(K88) -> 0.066282421 | L96: =(M88-L88)/(L88) -> 0.064864865 | ... P96: =(Q88-P88)/(P88) -> 0.0044843049
P98: Promedio | Q98: =AVERAGE(E96:P96) -> 0.049088959

Sheet T_5A2
D9: 5.A.2. Sitios de disposición final de residuos solidos no gestionados
E13: 2010 | F13: 2011 | G13: 2012 | H13: 2013 | I13: 2014 | J13: 2015 | K13: 2016 | L13: 2017 | M13: 2018 | N13: 2019 | O13: 2020 | P13: 2021 | Q13: 2022
D14: Datos de actividad (kt) | E14: 1126.664 | G14: 1087.6244 | I14: 1543.8982 | K14: 713.32918 | M14: 453.77448 | O14: 436.56465 | P14: 374.4965 | Q14: 384.70669
D15: FE [ktCH4/kt] | E15: 0.025554767 | G15: 0.02893447 | I15: 0.026852394 | K15: 0.034685067 | M15: 0.039403174 | O15: 0.044136494 | P15: 0.04463156 | Q15: 0.044813348
D16: Emisiones [ktCH4] | E16: 28.791636 | G16: 31.469836 | I16: 41.457362 | K16: 24.741871 | M16: 17.880155 | O16: 19.268433 | P16: 16.714363 | Q16: 17.239995
D17: Emisiones [ktCO2e] | E17: =E16*E22 -> 806.1658 | F17: =F16*F22 -> 0 | G17: =G16*G22 -> 881.15542 | H17: =H16*H22 -> 0 | I17: =I16*I22 -> 1160.8061 | J17: =J16*J22 -> 0 | K17: =K16*K22 -> 692.77238 | L17: =L16*L22 -> 0 | ... Q17: =Q16*Q22 -> 482.71985
D21: PCG
D22: CH4 | E22: 28 | F22: 28 | G22: 28 | H22: 28 | I22: 28 | J22: 28 | K22: 28 | L22: 28 | M22: 28 | N22: 28 | O22: 28 | P22: 28 | Q22: 28
D24: 5ta CN interpolada
D25: 5.A.2. Sitios de disposición de residuos sólidos no gestionados | E25: 806.1658 | F25: 843.66061 | G25: 881.15542 | H25: 1020.9808 | I25: 1160.8061 | J25: 926.78925 | K25: 692.77238 | L25: 596.70835 | M25: 500.64433 | N25: 520.08022 | O25: 539.51612 | P25: 468.00217 | Q25: 482.71985
D27: Interpolar FE
D28: FE [ktCH4/kt] | E28: 0.025554767 | F28: 0.027244619 | G28: 0.02893447 | H28: 0.027893432 | I28: 0.026852394 | J28: 0.030768731 | K28: 0.034685067 | L28: 0.037044121 | M28: 0.039403174 | N28: 0.041769834 | O28: 0.044136494 | P28: 0.04463156 | Q28: 0.044813348
D30: Cálculo de actividad [Emisiones/Factor de emisión]
D31: Datos de actividad (kt) | E31: 1126.664 | F31: =F25/(F28*F22) -> 1105.9335 | G31: 1087.6244 | H31: =H25/(H28*H22) -> 1307.2468 | I31: 1543.8982 | J31: =J25/(J28*J22) -> 1075.755 | K31: 713.32918 | L31: =L25/(L28*L22) -> 575.28731 | M31: 453.77448 | N31: =N25/(N28*N22) -> 444.68201 | O31: 436.56465 | P31: 374.4965 | Q31: 384.70669
E36: 2010 | F36: 2011 | G36: 2012 | H36: 2013 | I36: 2014 | J36: 2015 | K36: 2016 | L36: 2017 | M36: 2018 | N36: 2019 | O36: 2020 | P36: 2021 | Q36: 2022
D37: Actividad [Mt residuos] | E37: =ROUND(E31/1000,4) -> 1.1267 | F37: =ROUND(F31/1000,4) -> 1.1059 | G37: =ROUND(G31/1000,4) -> 1.0876 | H37: =ROUND(H31/1000,4) -> 1.3072 | I37: =ROUND(I31/1000,4) -> 1.5439 | J37: =ROUND(J31/1000,4) -> 1.0758 | K37: =ROUND(K31/1000,4) -> 0.7133 | L37: =ROUND(L31/1000,4) -> 0.5753 | ... Q37: =ROUND(Q31/1000,4) -> 0.3847
D38: FE [MtCO2e/Mt residuos] | E38: =ROUND(E25/E31,4) -> 0.7155 | F38: =ROUND(F25/F31,4) -> 0.7628 | G38: =ROUND(G25/G31,4) -> 0.8102 | H38: =ROUND(H25/H31,4) -> 0.781 | I38: =ROUND(I25/I31,4) -> 0.7519 | J38: =ROUND(J25/J31,4) -> 0.8615 | K38: =ROUND(K25/K31,4) -> 0.9712 | L38: =ROUND(L25/L31,4) -> 1.0372 | ... Q38: =ROUND(Q25/Q31,4) -> 1.2548
D39: FE [MtCO2e por CO2/Mt residuos] | E39: 0 | F39: 0 | G39: 0 | H39: 0 | I39: 0 | J39: 0 | K39: 0 | L39: 0 | M39: 0 | N39: 0 | O39: 0 | P39: 0 | Q39: 0
D40: FE [MtCO2e por CH4/Mt residuos] | E40: =ROUND(E15*E22,4) -> 0.7155 | F40: =ROUND(F28*F22,4) -> 0.7628 | G40: =ROUND(G15*G22,4) -> 0.8102 | H40: =ROUND(H28*H22,4) -> 0.781 | I40: =ROUND(I15*I22,4) -> 0.7519 | J40: =ROUND(J28*J22,4) -> 0.8615 | K40: =ROUND(K15*K22,4) -> 0.9712 | L40: =ROUND(L28*L22,4) -> 1.0372 | M40: =ROUND(M15*M22,4) -> 1.1033 | N40: =ROUND(N28*N22,4) -> 1.1696 | O40: =ROUND(O15*O22,4) -> 1.2358 | P40: =ROUND(P15*P22,4) -> 1.2497 | Q40: =ROUND(Q15*Q22,4) -> 1.2548
D41: FE [MtCO2e por N2O/Mt residuos] | E41: 0 | F41: 0 | G41: 0 | H41: 0 | I41: 0 | J41: 0 | K41: 0 | L41: 0 | M41: 0 | N41: 0 | O41: 0 | P41: 0 | Q41: 0
D42: Emisiones [MtCO2e] | E42: =E37*E38 -> 0.80615385 | F42: =F37*F38 -> 0.84358052 | G42: =G37*G38 -> 0.88117352 | H42: =H37*H38 -> 1.0209232 | I42: =I37*I38 -> 1.1608584 | J42: =J37*J38 -> 0.9268017 | K42: =K37*K38 -> 0.69275696 | L42: =L37*L38 -> 0.59670116 | ... Q42: =Q37*Q38 -> 0.48272156
D43: Emisiones [MtCO2e por CO2] | E43: =E37*E39 -> 0 | F43: =F37*F39 -> 0 | G43: =G37*G39 -> 0 | H43: =H37*H39 -> 0 | I43: =I37*I39 -> 0 | J43: =J37*J39 -> 0 | K43: =K37*K39 -> 0 | L43: =L37*L39 -> 0 | ... Q43: =Q37*Q39 -> 0
D44: Emisiones [MtCO2e por CH4] | E44: =E37*E40 -> 0.80615385 | F44: =F37*F40 -> 0.84358052 | G44: =G37*G40 -> 0.88117352 | H44: =H37*H40 -> 1.0209232 | I44: =I37*I40 -> 1.1608584 | J44: =J37*J40 -> 0.9268017 | K44: =K37*K40 -> 0.69275696 | L44: =L37*L40 -> 0.59670116 | ... Q44: =Q37*Q40 -> 0.48272156
D45: Emisiones [MtCO2e por N2O] | E45: =E37*E41 -> 0 | F45: =F37*F41 -> 0 | G45: =G37*G41 -> 0 | H45: =H37*H41 -> 0 | I45: =I37*I41 -> 0 | J45: =J37*J41 -> 0 | K45: =K37*K41 -> 0 | L45: =L37*L41 -> 0 | ... Q45: =Q37*Q41 -> 0
D46: Comprobación | E46: =E42-E43-E44-E45 -> 0 | F46: =F42-F43-F44-F45 -> 0 | G46: =G42-G43-G44-G45 -> 0 | H46: =H42-H43-H44-H45 -> 0 | I46: =I42-I43-I44-I45 -> 0 | J46: =J42-J43-J44-J45 -> 0 | K46: =K42-K43-K44-K45 -> 0 | L46: =L42-L43-L44-L45 -> 0 | ... Q46: =Q42-Q43-Q44-Q45 -> 0
C49: FINAL
E50: 2010 | F50: 2011 | G50: 2012 | H50: 2013 | I50: 2014 | J50: 2015 | K50: 2016 | L50: 2017 | M50: 2018 | N50: 2019 | O50: 2020 | P50: 2021 | Q50: 2022 | R50: 2023 | S50: 2024 | T50: 2025 | U50: 2026 | V50: 2027 | W50: 2028 | X50: 2029 | Y50: 2030 | Z50: 2031 | AA50: 2032 | AB50: 2033 | AC50: 2034 | AD50: 2035
D51: Actividad [Mt residuos] | E51: =E37 -> 1.1267 | F51: =F37 -> 1.1059 | G51: =G37 -> 1.0876 | H51: =H37 -> 1.3072 | I51: =I37 -> 1.5439 | J51: =J37 -> 1.0758 | K51: =K37 -> 0.7133 | L51: =L37 -> 0.5753 | ... Q51: =Q37 -> 0.3847 | R51: 0.4069 | S51: 0.4296 | T51: 0.4526 | U51: 0.476 | V51: 0.4998 | W51: 0.5239 | X51: 0.5484 | Y51: 0.5733 | Z51: 0.5844 | AA51: 0.5957 | AB51: 0.6069 | AC51: 0.6181 | AD51: 0.6293
D52: FE [MtCO2e/Mt residuos] | E52: =E38 -> 0.7155 | F52: =F38 -> 0.7628 | G52: =G38 -> 0.8102 | H52: =H38 -> 0.781 | I52: =I38 -> 0.7519 | J52: =J38 -> 0.8615 | K52: =K38 -> 0.9712 | L52: =L38 -> 1.0372 | ... Q52: =Q38 -> 1.2548 | R52: =ROUND(R54*$Q$22,4) -> 1.316 | S52: =ROUND(S54*$Q$22,4) -> 1.3804 | T52: =ROUND(T54*$Q$22,4) -> 1.4476 | U52: =ROUND(U54*$Q$22,4) -> 1.5176 | V52: =ROUND(V54*$Q$22,4) -> 1.5932 | W52: =ROUND(W54*$Q$22,4) -> 1.6716 | X52: =ROUND(X54*$Q$22,4) -> 1.7528 | Y52: =ROUND(Y54*$Q$22,4) -> 1.8396 | ... AD52: =ROUND(AD54*$Q$22,4) -> 2.3352
D53: FE [MtCO2/Mt residuos] | E53: =E39 -> 0 | F53: =F39 -> 0 | G53: =G39 -> 0 | H53: =H39 -> 0 | I53: =I39 -> 0 | J53: =J39 -> 0 | K53: =K39 -> 0 | L53: =L39 -> 0 | ... Q53: =Q39 -> 0 | R53: 0 | S53: 0 | T53: 0 | U53: 0 | V53: 0 | W53: 0 | X53: 0 | Y53: 0 | Z53: 0 | AA53: 0 | AB53: 0 | AC53: 0 | AD53: 0
D54: FE [MtCH4/Mt residuos] | E54: =ROUND(E15,4) -> 0.0256 | F54: =ROUND(F28,4) -> 0.0272 | G54: =ROUND(G15,4) -> 0.0289 | H54: =ROUND(H28,4) -> 0.0279 | I54: =ROUND(I15,4) -> 0.0269 | J54: =ROUND(J28,4) -> 0.0308 | K54: =ROUND(K15,4) -> 0.0347 | L54: =ROUND(L28,4) -> 0.037 | M54: =ROUND(M15,4) -> 0.0394 | N54: =ROUND(N28,4) -> 0.0418 | O54: =ROUND(O15,4) -> 0.0441 | P54: =ROUND(P15,4) -> 0.0446 | Q54: =ROUND(Q15,4) -> 0.0448 | R54: =ROUND(Q54*(1+$Q$67),4) -> 0.047 | S54: =ROUND(R54*(1+$Q$67),4) -> 0.0493 | T54: =ROUND(S54*(1+$Q$67),4) -> 0.0517 | U54: =ROUND(T54*(1+$Q$67),4) -> 0.0542 | V54: =ROUND(U54*(1+$Q$67),4) -> 0.0569 | W54: =ROUND(V54*(1+$Q$67),4) -> 0.0597 | X54: =ROUND(W54*(1+$Q$67),4) -> 0.0626 | Y54: =ROUND(X54*(1+$Q$67),4) -> 0.0657 | ... AD54: =ROUND(AC54*(1+$Q$67),4) -> 0.0834
D55: FE [MtN2O/Mt residuos] | E55: =E41 -> 0 | F55: =F41 -> 0 | G55: =G41 -> 0 | H55: =H41 -> 0 | I55: =I41 -> 0 | J55: =J41 -> 0 | K55: =K41 -> 0 | L55: =L41 -> 0 | ... Q55: =Q41 -> 0 | R55: 0 | S55: 0 | T55: 0 | U55: 0 | V55: 0 | W55: 0 | X55: 0 | Y55: 0 | Z55: 0 | AA55: 0 | AB55: 0 | AC55: 0 | AD55: 0
D56: Emisiones [MtCO2e] | E56: =E51*E52 -> 0.80615385 | F56: =F51*F52 -> 0.84358052 | G56: =G51*G52 -> 0.88117352 | H56: =H51*H52 -> 1.0209232 | I56: =I51*I52 -> 1.1608584 | J56: =J51*J52 -> 0.9268017 | K56: =K51*K52 -> 0.69275696 | L56: =L51*L52 -> 0.59670116 | ... AD56: =AD51*AD52 -> 1.4695414
D57: Emisiones [MtCO2] | E57: =E51*E53 -> 0 | F57: =F51*F53 -> 0 | G57: =G51*G53 -> 0 | H57: =H51*H53 -> 0 | I57: =I51*I53 -> 0 | J57: =J51*J53 -> 0 | K57: =K51*K53 -> 0 | L57: =L51*L53 -> 0 | ... Q57: =Q51*Q53 -> 0 | R57: 0 | S57: 0 | T57: 0 | U57: 0 | V57: 0 | W57: 0 | X57: 0 | Y57: 0 | Z57: 0 | AA57: 0 | AB57: 0 | AC57: 0 | AD57: 0
D58: Emisiones [MtCH4] | E58: =E51*E54 -> 0.02884352 | F58: =F51*F54 -> 0.03008048 | G58: =G51*G54 -> 0.03143164 | H58: =H51*H54 -> 0.03647088 | I58: =I51*I54 -> 0.04153091 | J58: =J51*J54 -> 0.03313464 | K58: =K51*K54 -> 0.02475151 | L58: =L51*L54 -> 0.0212861 | ... AD58: =AD51*AD54 -> 0.05248362
D59: Emisiones [MtN2O] | E59: =E51*E55 -> 0 | F59: =F51*F55 -> 0 | G59: =G51*G55 -> 0 | H59: =H51*H55 -> 0 | I59: =I51*I55 -> 0 | J59: =J51*J55 -> 0 | K59: =K51*K55 -> 0 | L59: =L51*L55 -> 0 | ... Q59: =Q51*Q55 -> 0 | R59: 0 | S59: 0 | T59: 0 | U59: 0 | V59: 0 | W59: 0 | X59: 0 | Y59: 0 | Z59: 0 | AA59: 0 | AB59: 0 | AC59: 0 | AD59: 0
E65: =(F54-E54)/(E54) -> 0.0625 | F65: =(G54-F54)/(F54) -> 0.0625 | G65: =(H54-G54)/(G54) -> -0.034602076 | H65: =(I54-H54)/(H54) -> -0.035842294 | I65: =(J54-I54)/(I54) -> 0.14498141 | J65: =(K54-J54)/(J54) -> 0.12662338 | K65: =(L54-K54)/(K54) -> 0.066282421 | L65: =(M54-L54)/(L54) -> 0.064864865 | ... P65: =(Q54-P54)/(P54) -> 0.0044843049
P67: Promedio | Q67: =AVERAGE(E65:P65) -> 0.049088959

Sheet T_Compostaje
D4: Compostaje por año | G4: 2010 | H4: 2011 | I4: 2012 | J4: 2013 | K4: 2014 | L4: 2015 | M4: 2016 | N4: 2017 | O4: 2018 | P4: 2019 | Q4: 2020 | R4: 2021 | S4: 2022 | T4: 2023 | U4: 2024 | V4: 2025 | W4: 2026 | X4: 2027 | Y4: 2028 | Z4: 2029 | AA4: 2030 | AB4: 2031 | AC4: 2032 | AD4: 2033 | AE4: 2034 | AF4: 2035
D5: Gg | G5: 5.548656 | H5: =H11/$G$14 -> 6.444078 | I5: 7.3395 | J5: =J11/$G$14 -> 22.24802 | K5: 37.15654 | L5: =L11/$G$14 -> 32.165541 | M5: 27.174542 | N5: =N11/$G$14 -> 30.462822 | O5: 33.751101 | P5: =P11/$G$14 -> 35.256653 | Q5: 36.762205 | R5: 38.536305 | S5: 33.691482
D6: Fuente: 5ta Comu
D7: Hoja: TABLA 2. 5B
D11: Emisiones compostaje 5CN [GgCO2e] | G11: 1.0625676 | H11: 1.2340409 | I11: 1.4055142 | J11: 4.2604958 | K11: 7.1154774 | L11: 6.1597011 | M11: 5.2039248 | N11: 5.8336303 | O11: 6.4633359 | P11: 6.7516491 | Q11: 7.0399622 | R11: 7.3797023 | S11: 6.4519188
D14: Factor de emisión calculado [GgCO2e/Gg] o MtCO2e/Mt | G14: =G11/G5 -> 0.1915 | I14: =I11/I5 -> 0.1915 | K14: =K11/K5 -> 0.1915 | M14: =M11/M5 -> 0.1915 | O14: =O11/O5 -> 0.1915 | Q14: =Q11/Q5 -> 0.1915 | R14: =R11/R5 -> 0.1915 | S14: =S11/S5 -> 0.1915
D15: kgN2O/kg | G15: =0.3/1000 -> 0.0003 | H15: =0.3/1000 -> 0.0003 | I15: =0.3/1000 -> 0.0003 | J15: =0.3/1000 -> 0.0003 | K15: =0.3/1000 -> 0.0003 | L15: =0.3/1000 -> 0.0003 | M15: =0.3/1000 -> 0.0003 | N15: =0.3/1000 -> 0.0003 | ... S15: =0.3/1000 -> 0.0003
D16: kgCH4/kg | G16: =4/1000 -> 0.004 | H16: =4/1000 -> 0.004 | I16: =4/1000 -> 0.004 | J16: =4/1000 -> 0.004 | K16: =4/1000 -> 0.004 | L16: =4/1000 -> 0.004 | M16: =4/1000 -> 0.004 | N16: =4/1000 -> 0.004 | ... S16: =4/1000 -> 0.004
D18: PCG
D19: N2O | G19: 265 | H19: 265 | I19: 265 | J19: 265 | K19: 265 | L19: 265 | M19: 265 | N19: 265 | O19: 265 | P19: 265 | Q19: 265 | R19: 265 | S19: 265
D20: CH4 | G20: 28 | H20: 28 | I20: 28 | J20: 28 | K20: 28 | L20: 28 | M20: 28 | N20: 28 | O20: 28 | P20: 28 | Q20: 28 | R20: 28 | S20: 28
D21: Fuente: TABLA 4. 5B y PCG de PCG 1
D23: Factores de emisión finales
D24: GgCO2e por N2O/Gg | G24: =G15*G19 -> 0.0795 | H24: =H15*H19 -> 0.0795 | I24: =I15*I19 -> 0.0795 | J24: =J15*J19 -> 0.0795 | K24: =K15*K19 -> 0.0795 | L24: =L15*L19 -> 0.0795 | M24: =M15*M19 -> 0.0795 | N24: =N15*N19 -> 0.0795 | ... S24: =S15*S19 -> 0.0795
D25: GgCO2e por CH4/Gg | G25: =G16*G20 -> 0.112 | H25: =H16*H20 -> 0.112 | I25: =I16*I20 -> 0.112 | J25: =J16*J20 -> 0.112 | K25: =K16*K20 -> 0.112 | L25: =L16*L20 -> 0.112 | M25: =M16*M20 -> 0.112 | N25: =N16*N20 -> 0.112 | ... S25: =S16*S20 -> 0.112
D26: GgCO2e total/Gg | G26: =G24+G25 -> 0.1915 | H26: =H24+H25 -> 0.1915 | I26: =I24+I25 -> 0.1915 | J26: =J24+J25 -> 0.1915 | K26: =K24+K25 -> 0.1915 | L26: =L24+L25 -> 0.1915 | M26: =M24+M25 -> 0.1915 | N26: =N24+N25 -> 0.1915 | ... S26: =S24+S25 -> 0.1915
G31: 2010 | H31: 2011 | I31: 2012 | J31: 2013 | K31: 2014 | L31: 2015 | M31: 2016 | N31: 2017 | O31: 2018 | P31: 2019 | Q31: 2020 | R31: 2021 | S31: 2022
D32: Actividad [Mt residuos] | G32: =ROUND(G5/1000,4) -> 0.0055 | H32: =ROUND(H5/1000,4) -> 0.0064 | I32: =ROUND(I5/1000,4) -> 0.0073 | J32: =ROUND(J5/1000,4) -> 0.0222 | K32: =ROUND(K5/1000,4) -> 0.0372 | L32: =ROUND(L5/1000,4) -> 0.0322 | M32: =ROUND(M5/1000,4) -> 0.0272 | N32: =ROUND(N5/1000,4) -> 0.0305 | ... S32: =ROUND(S5/1000,4) -> 0.0337
D33: FE [MtCO2e/Mt residuos] | G33: =ROUND(G26,4) -> 0.1915 | H33: =ROUND(H26,4) -> 0.1915 | I33: =ROUND(I26,4) -> 0.1915 | J33: =ROUND(J26,4) -> 0.1915 | K33: =ROUND(K26,4) -> 0.1915 | L33: =ROUND(L26,4) -> 0.1915 | M33: =ROUND(M26,4) -> 0.1915 | N33: =ROUND(N26,4) -> 0.1915 | ... S33: =ROUND(S26,4) -> 0.1915
D34: FE [MtCO2e por CO2/Mt residuos] | G34: 0 | H34: 0 | I34: 0 | J34: 0 | K34: 0 | L34: 0 | M34: 0 | N34: 0 | O34: 0 | P34: 0 | Q34: 0 | R34: 0 | S34: 0
D35: FE [MtCO2e por CH4/Mt residuos] | G35: =ROUND(G25,4) -> 0.112 | H35: =ROUND(H25,4) -> 0.112 | I35: =ROUND(I25,4) -> 0.112 | J35: =ROUND(J25,4) -> 0.112 | K35: =ROUND(K25,4) -> 0.112 | L35: =ROUND(L25,4) -> 0.112 | M35: =ROUND(M25,4) -> 0.112 | N35: =ROUND(N25,4) -> 0.112 | ... S35: =ROUND(S25,4) -> 0.112
D36: FE [MtCO2e por N2O/Mt residuos] | G36: =ROUND(G24,4) -> 0.0795 | H36: =ROUND(H24,4) -> 0.0795 | I36: =ROUND(I24,4) -> 0.0795 | J36: =ROUND(J24,4) -> 0.0795 | K36: =ROUND(K24,4) -> 0.0795 | L36: =ROUND(L24,4) -> 0.0795 | M36: =ROUND(M24,4) -> 0.0795 | N36: =ROUND(N24,4) -> 0.0795 | ... S36: =ROUND(S24,4) -> 0.0795
D37: Emisiones [MtCO2e] | G37: =G32*G33 -> 0.00105325 | H37: =H32*H33 -> 0.0012256 | I37: =I32*I33 -> 0.00139795 | J37: =J32*J33 -> 0.0042513 | K37: =K32*K33 -> 0.0071238 | L37: =L32*L33 -> 0.0061663 | M37: =M32*M33 -> 0.0052088 | N37: =N32*N33 -> 0.00584075 | ... S37: =S32*S33 -> 0.00645355
D38: Emisiones [MtCO2e por CO2] | G38: =G32*G34 -> 0 | H38: =H32*H34 -> 0 | I38: =I32*I34 -> 0 | J38: =J32*J34 -> 0 | K38: =K32*K34 -> 0 | L38: =L32*L34 -> 0 | M38: =M32*M34 -> 0 | N38: =N32*N34 -> 0 | ... S38: =S32*S34 -> 0
D39: Emisiones [MtCO2e por CH4] | G39: =G32*G35 -> 0.000616 | H39: =H32*H35 -> 0.0007168 | I39: =I32*I35 -> 0.0008176 | J39: =J32*J35 -> 0.0024864 | K39: =K32*K35 -> 0.0041664 | L39: =L32*L35 -> 0.0036064 | M39: =M32*M35 -> 0.0030464 | N39: =N32*N35 -> 0.003416 | ... S39: =S32*S35 -> 0.0037744
D40: Emisiones [MtCO2e por N2O] | G40: =G32*G36 -> 0.00043725 | H40: =H32*H36 -> 0.0005088 | I40: =I32*I36 -> 0.00058035 | J40: =J32*J36 -> 0.0017649 | K40: =K32*K36 -> 0.0029574 | L40: =L32*L36 -> 0.0025599 | M40: =M32*M36 -> 0.0021624 | N40: =N32*N36 -> 0.00242475 | ... S40: =S32*S36 -> 0.00267915
D41: Comprobación | G41: =G37-G38-G39-G40 -> 0 | H41: =H37-H38-H39-H40 -> 0 | I41: =I37-I38-I39-I40 -> 0 | J41: =J37-J38-J39-J40 -> 0 | K41: =K37-K38-K39-K40 -> 0 | L41: =L37-L38-L39-L40 -> 0 | M41: =M37-M38-M39-M40 -> 0 | N41: =N37-N38-N39-N40 -> 0 | ... S41: =S37-S38-S39-S40 -> 0
C44: FINAL
G45: 2010 | H45: 2011 | I45: 2012 | J45: 2013 | K45: 2014 | L45: 2015 | M45: 2016 | N45: 2017 | O45: 2018 | P45: 2019 | Q45: 2020 | R45: 2021 | S45: 2022 | T45: 2023 | U45: 2024 | V45: 2025 | W45: 2026 | X45: 2027 | Y45: 2028 | Z45: 2029 | AA45: 2030 | AB45: 2031 | AC45: 2032 | AD45: 2033 | AE45: 2034 | AF45: 2035
D46: Actividad [Mt residuos] | G46: =G32 -> 0.0055 | H46: =H32 -> 0.0064 | I46: =I32 -> 0.0073 | J46: =J32 -> 0.0222 | K46: =K32 -> 0.0372 | L46: =L32 -> 0.0322 | M46: =M32 -> 0.0272 | N46: =N32 -> 0.0305 | ... S46: =S32 -> 0.0337 | T46: 0.0356 | U46: 0.0376 | V46: 0.0396 | W46: 0.0417 | X46: 0.0437 | Y46: 0.0459 | Z46: 0.048 | AA46: 0.0502 | AB46: 0.0512 | AC46: 0.0521 | AD46: 0.0531 | AE46: 0.0541 | AF46: 0.0551
D47: FE [MtCO2e/Mt residuos] | G47: =G33 -> 0.1915 | H47: =H33 -> 0.1915 | I47: =I33 -> 0.1915 | J47: =J33 -> 0.1915 | K47: =K33 -> 0.1915 | L47: =L33 -> 0.1915 | M47: =M33 -> 0.1915 | N47: =N33 -> 0.1915 | ... S47: =S33 -> 0.1915 | T47: =S47 -> 0.1915 | U47: =T47 -> 0.1915 | V47: =U47 -> 0.1915 | W47: =V47 -> 0.1915 | X47: =W47 -> 0.1915 | Y47: =X47 -> 0.1915 | Z47: =Y47 -> 0.1915 | AA47: =Z47 -> 0.1915 | ... AF47: =AE47 -> 0.1915
D48: FE [MtCO2/Mt residuos] | G48: =G34 -> 0 | H48: =H34 -> 0 | I48: =I34 -> 0 | J48: =J34 -> 0 | K48: =K34 -> 0 | L48: =L34 -> 0 | M48: =M34 -> 0 | N48: =N34 -> 0 | ... S48: =S34 -> 0 | T48: 0 | U48: 0 | V48: 0 | W48: 0 | X48: 0 | Y48: 0 | Z48: 0 | AA48: 0 | AB48: 0 | AC48: 0 | AD48: 0 | AE48: 0 | AF48: 0
D49: FE [MtCH4/Mt residuos] | G49: =ROUND(G16,4) -> 0.004 | H49: =ROUND(H16,4) -> 0.004 | I49: =ROUND(I16,4) -> 0.004 | J49: =ROUND(J16,4) -> 0.004 | K49: =ROUND(K16,4) -> 0.004 | L49: =ROUND(L16,4) -> 0.004 | M49: =ROUND(M16,4) -> 0.004 | N49: =ROUND(N16,4) -> 0.004 | ... S49: =ROUND(S16,4) -> 0.004 | T49: =S49 -> 0.004 | U49: =T49 -> 0.004 | V49: =U49 -> 0.004 | W49: =V49 -> 0.004 | X49: =W49 -> 0.004 | Y49: =X49 -> 0.004 | Z49: =Y49 -> 0.004 | AA49: =Z49 -> 0.004 | ... AF49: =AE49 -> 0.004
D50: FE [MtN2O/Mt residuos] | G50: =ROUND(G15,4) -> 0.0003 | H50: =ROUND(H15,4) -> 0.0003 | I50: =ROUND(I15,4) -> 0.0003 | J50: =ROUND(J15,4) -> 0.0003 | K50: =ROUND(K15,4) -> 0.0003 | L50: =ROUND(L15,4) -> 0.0003 | M50: =ROUND(M15,4) -> 0.0003 | N50: =ROUND(N15,4) -> 0.0003 | ... S50: =ROUND(S15,4) -> 0.0003 | T50: =S50 -> 0.0003 | U50: =T50 -> 0.0003 | V50: =U50 -> 0.0003 | W50: =V50 -> 0.0003 | X50: =W50 -> 0.0003 | Y50: =X50 -> 0.0003 | Z50: =Y50 -> 0.0003 | AA50: =Z50 -> 0.0003 | ... AF50: =AE50 -> 0.0003
D51: Emisiones [MtCO2e] | G51: =G46*G47 -> 0.00105325 | H51: =H46*H47 -> 0.0012256 | I51: =I46*I47 -> 0.00139795 | J51: =J46*J47 -> 0.0042513 | K51: =K46*K47 -> 0.0071238 | L51: =L46*L47 -> 0.0061663 | M51: =M46*M47 -> 0.0052088 | N51: =N46*N47 -> 0.00584075 | ... AF51: =AF46*AF47 -> 0.01055165
D52: Emisiones [MtCO2] | G52: =G46*G48 -> 0 | H52: =H46*H48 -> 0 | I52: =I46*I48 -> 0 | J52: =J46*J48 -> 0 | K52: =K46*K48 -> 0 | L52: =L46*L48 -> 0 | M52: =M46*M48 -> 0 | N52: =N46*N48 -> 0 | ... AF52: =AF46*AF48 -> 0
D53: Emisiones [MtCH4] | G53: =G46*G49 -> 2.2e-05 | H53: =H46*H49 -> 2.56e-05 | I53: =I46*I49 -> 2.92e-05 | J53: =J46*J49 -> 8.88e-05 | K53: =K46*K49 -> 0.0001488 | L53: =L46*L49 -> 0.0001288 | M53: =M46*M49 -> 0.0001088 | N53: =N46*N49 -> 0.000122 | ... AF53: =AF46*AF49 -> 0.0002204
D54: Emisiones [MtN2O] | G54: =G46*G50 -> 1.65e-06 | H54: =H46*H50 -> 1.92e-06 | I54: =I46*I50 -> 2.19e-06 | J54: =J46*J50 -> 6.66e-06 | K54: =K46*K50 -> 1.116e-05 | L54: =L46*L50 -> 9.66e-06 | M54: =M46*M50 -> 8.16e-06 | N54: =N46*N50 -> 9.15e-06 | ... AF54: =AF46*AF50 -> 1.653e-05

Sheet T_Incineracion
B2: 5.C.1. Incineración de residuos
B3: Fuente: Table 5.C
C4: 2010 | D4: 2011 | E4: 2012 | F4: 2013 | G4: 2014 | H4: 2015 | I4: 2016 | J4: 2017 | K4: 2018 | L4: 2019 | M4: 2020 | N4: 2021 | O4: 2022
B5: Actividad (kt residuos incinerados o quemados a cielo abierto) o [Gg] | C5: 9.1007805 | D5: =D36/D37 -> 9.7188226 | E5: 10.370705 | F5: =F36/F37 -> 10.825826 | G5: 11.296062 | H5: =H36/H37 -> 11.232176 | I5: 11.168561 | J5: =J36/J37 -> 11.373139 | K5: 11.580481 | L5: =L36/L37 -> 15.114021 | M5: 19.284897 | N5: 9.129278 | O5: 13.651929
B6: FE [kgCO2/t de residuos] | C6: 1.4485257 | D6: =D28/D16 -> 1.4103882 | E6: 1.3722795 | F6: =F28/F16 -> 1.3498935 | G6: 1.3275183 | H6: =H28/H16 -> 1.3303816 | I6: 1.3332451 | J6: =J28/J16 -> 1.3242205 | K6: 1.3151976 | L6: =L28/L16 -> 1.2108969 | M6: 1.1072274 | N6: 1.4386684 | O6: 1.2364653
B7: FE [kgCH4/t de residuos] | C7: 5.3791321e-06 | D7: =D29/D17 -> 5.3829545e-06 | E7: 5.3791321e-06 | F7: =F29/F17 -> 5.3805677e-06 | G7: 5.3791321e-06 | H7: =H29/H17 -> 5.3791563e-06 | I7: 5.3791321e-06 | J7: =J29/J17 -> 5.3793744e-06 | K7: 5.3791321e-06 | L7: =L29/L17 -> 6.2277029e-06 | M7: 6.8678845e-06 | N7: 1.7041028e-05 | O7: 1.233453e-05
B8: FE [kgN2O/t de residuos] | C8: 7.5786279e-05 | D8: =D30/D18 -> 7.5840133e-05 | E8: 7.5786279e-05 | F8: =F30/F18 -> 7.5806506e-05 | G8: 7.5786279e-05 | H8: =H30/H18 -> 7.578662e-05 | I8: 7.5786279e-05 | J8: =J30/J18 -> 7.5789693e-05 | K8: 7.5786279e-05 | L8: =L30/L18 -> 8.4261152e-05 | M8: 9.0375893e-05 | N8: 8.4413386e-05 | O8: 8.8403213e-05
B9: Emisiones [ktCO2] o [Gg] | C9: 13.182715 | E9: 14.231506 | G9: 14.995729 | I9: 14.89043 | K9: 15.230622 | M9: 21.352766 | N9: 13.134003 | O9: 16.880137
B10: Emisiones [ktCH4] o [Gg] | C10: 4.89543e-05 | E10: 5.5785394e-05 | G10: 6.0763011e-05 | I10: 6.0077164e-05 | K10: 6.2292939e-05 | M10: 0.00013244645 | N10: 0.00015557228 | O10: 0.00016839013
B11: Emisiones [ktN2O] o [Gg] | C11: 0.00068971429 | E11: 0.00078595716 | G11: 0.00085608652 | I11: 0.00084642367 | K11: 0.00087764158 | M11: 0.0017428898 | N11: 0.00077063327 | O11: 0.0012068744
B15: PCG
B16: CO2 | C16: 1 | D16: 1 | E16: 1 | F16: 1 | G16: 1 | H16: 1 | I16: 1 | J16: 1 | K16: 1 | L16: 1 | M16: 1 | N16: 1 | O16: 1
B17: CH4 | C17: 28 | D17: 28 | E17: 28 | F17: 28 | G17: 28 | H17: 28 | I17: 28 | J17: 28 | K17: 28 | L17: 28 | M17: 28 | N17: 28 | O17: 28
B18: N2O | C18: 265 | D18: 265 | E18: 265 | F18: 265 | G18: 265 | H18: 265 | I18: 265 | J18: 265 | K18: 265 | L18: 265 | M18: 265 | N18: 265 | O18: 265
B21: Emisiones [ktCO2e por CO2] o [GgCO2e] | C21: =C5*C6*C16 -> 13.182715 | D21: =D5*D6*D16 -> 13.707313 | E21: =E5*E6*E16 -> 14.231506 | F21: =F5*F6*F16 -> 14.613712 | G21: =G5*G6*G16 -> 14.995729 | H21: =H5*H6*H16 -> 14.943081 | I21: =I5*I6*I16 -> 14.89043 | J21: =J5*J6*J16 -> 15.060543 | ... O21: =O5*O6*O16 -> 16.880137
B22: Emisiones [ktCO2e por CH4] o [GgCO2e] | C22: =C5*C7*C17 -> 0.0013707204 | D22: =D5*D7*D17 -> 0.0014648474 | E22: =E5*E7*E17 -> 0.001561991 | F22: =F5*F7*F17 -> 0.0016309745 | G22: =G5*G7*G17 -> 0.0017013643 | H22: =H5*H7*H17 -> 0.0016917497 | I22: =I5*I7*I17 -> 0.0016821606 | J22: =J5*J7*J17 -> 0.0017130504 | ... O22: =O5*O7*O17 -> 0.0047149235
B23: Emisiones [ktCO2e por N2O] o [GgCO2e] | C23: =C5*C8*C18 -> 0.18277429 | D23: =D5*D8*D18 -> 0.19532535 | E23: =E5*E8*E18 -> 0.20827865 | F23: =F5*F8*F18 -> 0.21747703 | G23: =G5*G8*G18 -> 0.22686293 | H23: =H5*H8*H18 -> 0.2255809 | I23: =I5*I8*I18 -> 0.22430227 | J23: =J5*J8*J18 -> 0.22842117 | ... O23: =O5*O8*O18 -> 0.31982172
B24: Emisiones totales [ktCO2e] o [GgCO2e] | C24: =SUM(C21:C23) -> 13.36686 | D24: =SUM(D21:D23) -> 13.904103 | E24: =SUM(E21:E23) -> 14.441346 | F24: =SUM(F21:F23) -> 14.83282 | G24: =SUM(G21:G23) -> 15.224293 | H24: =SUM(H21:H23) -> 15.170354 | I24: =SUM(I21:I23) -> 15.116414 | J24: =SUM(J21:J23) -> 15.290677 | ... O24: =SUM(O21:O23) -> 17.204674
B27: Factores de emisión finales
B28: GgCO2e por CO2/Gg | C28: =C6*C16 -> 1.4485257 | D28: =D37*D41 -> 1.4103882 | E28: =E6*E16 -> 1.3722795 | F28: =F37*F41 -> 1.3498935 | G28: =G6*G16 -> 1.3275183 | H28: =H37*H41 -> 1.3303816 | I28: =I6*I16 -> 1.3332451 | J28: =J37*J41 -> 1.3242205 | K28: =K6*K16 -> 1.3151976 | L28: =L37*L41 -> 1.2108969 | M28: =M6*M16 -> 1.1072274 | N28: =N6*N16 -> 1.4386684 | O28: =O6*O16 -> 1.2364653
B29: GgCO2e por CH4/Gg | C29: =C7*C17 -> 0.0001506157 | D29: =D37*D42 -> 0.00015072273 | E29: =E7*E17 -> 0.0001506157 | F29: =F37*F42 -> 0.0001506559 | G29: =G7*G17 -> 0.0001506157 | H29: =H37*H42 -> 0.00015061638 | I29: =I7*I17 -> 0.0001506157 | J29: =J37*J42 -> 0.00015062248 | K29: =K7*K17 -> 0.0001506157 | L29: =L37*L42 -> 0.00017437568 | M29: =M7*M17 -> 0.00019230077 | N29: =N7*N17 -> 0.00047714877 | O29: =O7*O17 -> 0.00034536683
B30: GgCO2e por N20/Gg | C30: =C8*C18 -> 0.020083364 | D30: =D37*D43 -> 0.020097635 | E30: =E8*E18 -> 0.020083364 | F30: =F37*F43 -> 0.020088724 | G30: =G8*G18 -> 0.020083364 | H30: =H37*H43 -> 0.020083454 | I30: =I8*I18 -> 0.020083364 | J30: =J37*J43 -> 0.020084269 | K30: =K8*K18 -> 0.020083364 | L30: =L37*L43 -> 0.022329205 | M30: =M8*M18 -> 0.023949612 | N30: =N8*N18 -> 0.022369547 | O30: =O8*O18 -> 0.023426851
B31: GgCO2e total/Gg | C31: =SUM(C28:C30) -> 1.4687597 | D31: =SUM(D28:D30) -> 1.4306366 | E31: =SUM(E28:E30) -> 1.3925134 | F31: =SUM(F28:F30) -> 1.3701328 | G31: =SUM(G28:G30) -> 1.3477522 | H31: =SUM(H28:H30) -> 1.3506157 | I31: =SUM(I28:I30) -> 1.3534791 | J31: =SUM(J28:J30) -> 1.3444554 | ... O31: =SUM(O28:O30) -> 1.2602376
B35: Emisiones 5CN interpolada
B36: 5.C.1. Incineración de residuos | C36: 13.36686 | D36: 13.904103 | E36: 14.441346 | F36: 14.83282 | G36: 15.224293 | H36: 15.170354 | I36: 15.116414 | J36: 15.290677 | K36: 15.464941 | L36: 18.64164 | M36: 21.81834 | N36: 13.342577 | O36: 17.204674
B37: FE general interpolado | C37: 1.4687597 | D37: 1.4306366 | E37: 1.3925134 | F37: 1.3701328 | G37: 1.3477522 | H37: 1.3506157 | I37: 1.3534791 | J37: 1.3444554 | K37: 1.3354316 | L37: 1.2334005 | M37: 1.1313693 | N37: =N31 -> 1.4615151 | O37: =O31 -> 1.2602376
B41: Porecentaje FE interpolados | C41: 0.98622376 | D41: 0.98584661 | E41: 0.98546945 | F41: 0.98522816 | G41: 0.98498687 | H41: 0.98501863 | I41: 0.98505039 | J41: 0.98494938 | K41: 0.98484836 | L41: 0.98175485 | M41: 0.97866133 | N41: =N28/(N28+N29+N30) -> 0.9843678 | O41: =O28/(O28+O29+O30) -> 0.98113672
C42: 0.00010254618 | D42: 0.00010535361 | E42: 0.00010816104 | F42: 0.00010995715 | G42: 0.00011175325 | H42: 0.00011151683 | I42: 0.0001112804 | J42: 0.00011203234 | K42: 0.00011278428 | L42: 0.00014137799 | M42: 0.00016997171 | N42: =N29/(N28+N29+N30) -> 0.00032647544 | O42: =O29/(O28+O29+O30) -> 0.00027404899
C43: 0.013673689 | D43: 0.014048037 | E43: 0.014422384 | F43: 0.014661881 | G43: 0.014901377 | H43: 0.014869851 | I43: 0.014838326 | J43: 0.014938591 | K43: 0.015038856 | L43: 0.018103776 | M43: 0.021168695 | N43: =N30/(N28+N29+N30) -> 0.015305725 | O43: =O30/(O28+O29+O30) -> 0.018589234
C44: =SUM(C41:C43) -> 1 | D44: =SUM(D41:D43) -> 1 | E44: =SUM(E41:E43) -> 1 | F44: =SUM(F41:F43) -> 1 | G44: =SUM(G41:G43) -> 1 | H44: =SUM(H41:H43) -> 1 | I44: =SUM(I41:I43) -> 1 | J44: =SUM(J41:J43) -> 1 | ... O44: =SUM(O41:O43) -> 1
C48: 2010 | D48: 2011 | E48: 2012 | F48: 2013 | G48: 2014 | H48: 2015 | I48: 2016 | J48: 2017 | K48: 2018 | L48: 2019 | M48: 2020 | N48: 2021 | O48: 2022
B49: Actividad [Mt residuos] | C49: =ROUND(C5/1000,4) -> 0.0091 | D49: =ROUND(D5/1000,4) -> 0.0097 | E49: =ROUND(E5/1000,4) -> 0.0104 | F49: =ROUND(F5/1000,4) -> 0.0108 | G49: =ROUND(G5/1000,4) -> 0.0113 | H49: =ROUND(H5/1000,4) -> 0.0112 | I49: =ROUND(I5/1000,4) -> 0.0112 | J49: =ROUND(J5/1000,4) -> 0.0114 | ... O49: =ROUND(O5/1000,4) -> 0.0137
B50: FE [MtCO2e/Mt residuos] | C50: =ROUND(C31,4) -> 1.4688 | D50: =ROUND(D31,4) -> 1.4306 | E50: =ROUND(E31,4) -> 1.3925 | F50: =ROUND(F31,4) -> 1.3701 | G50: =ROUND(G31,4) -> 1.3478 | H50: =ROUND(H31,4) -> 1.3506 | I50: =ROUND(I31,4) -> 1.3535 | J50: =ROUND(J31,4) -> 1.3445 | ... O50: =ROUND(O31,4) -> 1.2602
B51: FE [MtCO2e por CO2/Mt residuos] | C51: =ROUND(C28,4) -> 1.4485 | D51: =ROUND(D28,4) -> 1.4104 | E51: =ROUND(E28,4) -> 1.3723 | F51: =ROUND(F28,4) -> 1.3499 | G51: =ROUND(G28,4) -> 1.3275 | H51: =ROUND(H28,4) -> 1.3304 | I51: =ROUND(I28,4) -> 1.3332 | J51: =ROUND(J28,4) -> 1.3242 | ... O51: =ROUND(O28,4) -> 1.2365
B52: FE [MtCO2e por CH4/Mt residuos] | C52: =ROUND(C29,4) -> 0.0002 | D52: =ROUND(D29,4) -> 0.0002 | E52: =ROUND(E29,4) -> 0.0002 | F52: =ROUND(F29,4) -> 0.0002 | G52: =ROUND(G29,4) -> 0.0002 | H52: =ROUND(H29,4) -> 0.0002 | I52: =ROUND(I29,4) -> 0.0002 | J52: =ROUND(J29,4) -> 0.0002 | ... O52: =ROUND(O29,4) -> 0.0003
B53: FE [MtCO2e por N2O/Mt residuos] | C53: =ROUND(C30,4) -> 0.0201 | D53: =ROUND(D30,4) -> 0.0201 | E53: =ROUND(E30,4) -> 0.0201 | F53: =ROUND(F30,4) -> 0.0201 | G53: =ROUND(G30,4) -> 0.0201 | H53: =ROUND(H30,4) -> 0.0201 | I53: =ROUND(I30,4) -> 0.0201 | J53: =ROUND(J30,4) -> 0.0201 | ... O53: =ROUND(O30,4) -> 0.0234
B54: Emisiones [MtCO2e] | C54: =C49*C50 -> 0.01336608 | D54: =D49*D50 -> 0.01387682 | E54: =E49*E50 -> 0.014482 | F54: =F49*F50 -> 0.01479708 | G54: =G49*G50 -> 0.01523014 | H54: =H49*H50 -> 0.01512672 | I54: =I49*I50 -> 0.0151592 | J54: =J49*J50 -> 0.0153273 | ... O54: =O49*O50 -> 0.01726474
B55: Emisiones [MtCO2e por CO2] | C55: =C49*C51 -> 0.01318135 | D55: =D49*D51 -> 0.01368088 | E55: =E49*E51 -> 0.01427192 | F55: =F49*F51 -> 0.01457892 | G55: =G49*G51 -> 0.01500075 | H55: =H49*H51 -> 0.01490048 | I55: =I49*I51 -> 0.01493184 | J55: =J49*J51 -> 0.01509588 | ... O55: =O49*O51 -> 0.01694005
B56: Emisiones [MtCO2e por CH4] | C56: =C49*C52 -> 1.82e-06 | D56: =D49*D52 -> 1.94e-06 | E56: =E49*E52 -> 2.08e-06 | F56: =F49*F52 -> 2.16e-06 | G56: =G49*G52 -> 2.26e-06 | H56: =H49*H52 -> 2.24e-06 | I56: =I49*I52 -> 2.24e-06 | J56: =J49*J52 -> 2.28e-06 | ... O56: =O49*O52 -> 4.11e-06
B57: Emisiones [MtCO2e por N2O] | C57: =C49*C53 -> 0.00018291 | D57: =D49*D53 -> 0.00019497 | E57: =E49*E53 -> 0.00020904 | F57: =F49*F53 -> 0.00021708 | G57: =G49*G53 -> 0.00022713 | H57: =H49*H53 -> 0.00022512 | I57: =I49*I53 -> 0.00022512 | J57: =J49*J53 -> 0.00022914 | ... O57: =O49*O53 -> 0.00032058
B58: Comprobación | C58: =C54-C55-C56-C57 -> 2.7376105e-18 | D58: =D54-D55-D56-D57 -> -9.7e-07 | E58: =E54-E55-E56-E57 -> -1.04e-06 | F58: =F54-F55-F56-F57 -> -1.08e-06 | G58: =G54-G55-G56-G57 -> 1.2197274e-18 | H58: =H54-H55-H56-H57 -> -1.12e-06 | I58: =I54-I55-I56-I57 -> -6.2341625e-19 | J58: =J54-J55-J56-J57 -> -4.8789098e-19 | ... O58: =O54-O55-O56-O57 -> 2.493665e-18
B61: FINAL
C62: 2010 | D62: 2011 | E62: 2012 | F62: 2013 | G62: 2014 | H62: 2015 | I62: 2016 | J62: 2017 | K62: 2018 | L62: 2019 | M62: 2020 | N62: 2021 | O62: 2022 | P62: 2023 | Q62: 2024 | R62: 2025 | S62: 2026 | T62: 2027 | U62: 2028 | V62: 2029 | W62: 2030 | X62: 2031 | Y62: 2032 | Z62: 2033 | AA62: 2034 | AB62: 2035
B63: Actividad [Mt residuos] | C63: =C49 -> 0.0091 | D63: =D49 -> 0.0097 | E63: =E49 -> 0.0104 | F63: =F49 -> 0.0108 | G63: =G49 -> 0.0113 | H63: =H49 -> 0.0112 | I63: =I49 -> 0.0112 | J63: =J49 -> 0.0114 | ... O63: =O49 -> 0.0137 | P63: 0.0144 | Q63: 0.0152 | R63: 0.0161 | S63: 0.0169 | T63: 0.0178 | U63: 0.0186 | V63: 0.0195 | W63: 0.0204 | X63: 0.0208 | Y63: 0.0212 | Z63: 0.0216 | AA63: 0.022 | AB63: 0.0224
B64: FE [MtCO2e/Mt residuos] | C64: =C50 -> 1.4688 | D64: =D50 -> 1.4306 | E64: =E50 -> 1.3925 | F64: =F50 -> 1.3701 | G64: =G50 -> 1.3478 | H64: =H50 -> 1.3506 | I64: =I50 -> 1.3535 | J64: =J50 -> 1.3445 | ... O64: =O50 -> 1.2602 | P64: =ROUND(P65*$O$16+P67*$O$18,4) -> 1.2525 | Q64: =ROUND(Q65*$O$16+Q67*$O$18,4) -> 1.2421 | R64: =ROUND(R65*$O$16+R67*$O$18,4) -> 1.2318 | S64: =ROUND(S65*$O$16+S67*$O$18,4) -> 1.2216 | T64: =ROUND(T65*$O$16+T67*$O$18,4) -> 1.2115 | U64: =ROUND(U65*$O$16+U67*$O$18,4) -> 1.2015 | V64: =ROUND(V65*$O$16+V67*$O$18,4) -> 1.1916 | W64: =ROUND(W65*$O$16+W67*$O$18,4) -> 1.1817 | ... AB64: =ROUND(AB65*$O$16+AB67*$O$18,4) -> 1.1336
B65: FE [MtCO2/Mt residuos] | C65: =C51 -> 1.4485 | D65: =D51 -> 1.4104 | E65: =E51 -> 1.3723 | F65: =F51 -> 1.3499 | G65: =G51 -> 1.3275 | H65: =H51 -> 1.3304 | I65: =I51 -> 1.3332 | J65: =J51 -> 1.3242 | ... O65: =O51 -> 1.2365 | P65: =ROUND(O65*(1+$O$78),4) -> 1.226 | Q65: =ROUND(P65*(1+$O$78),4) -> 1.2156 | R65: =ROUND(Q65*(1+$O$78),4) -> 1.2053 | S65: =ROUND(R65*(1+$O$78),4) -> 1.1951 | T65: =ROUND(S65*(1+$O$78),4) -> 1.185 | U65: =ROUND(T65*(1+$O$78),4) -> 1.175 | V65: =ROUND(U65*(1+$O$78),4) -> 1.1651 | W65: =ROUND(V65*(1+$O$78),4) -> 1.1552 | ... AB65: =ROUND(AA65*(1+$O$78),4) -> 1.1071
B66: FE [MtCH4/Mt residuos] | C66: =ROUND(C7,4) -> 0 | D66: =ROUND(D7,4) -> 0 | E66: =ROUND(E7,4) -> 0 | F66: =ROUND(F7,4) -> 0 | G66: =ROUND(G7,4) -> 0 | H66: =ROUND(H7,4) -> 0 | I66: =ROUND(I7,4) -> 0 | J66: =ROUND(J7,4) -> 0 | ... O66: =ROUND(O7,4) -> 0 | P66: =O66 -> 0 | Q66: =P66 -> 0 | R66: =Q66 -> 0 | S66: =R66 -> 0 | T66: =S66 -> 0 | U66: =T66 -> 0 | V66: =U66 -> 0 | W66: =V66 -> 0 | ... AB66: =AA66 -> 0
B67: FE [MtN2O/Mt residuos] | C67: =ROUND(C8,4) -> 0.0001 | D67: =ROUND(D8,4) -> 0.0001 | E67: =ROUND(E8,4) -> 0.0001 | F67: =ROUND(F8,4) -> 0.0001 | G67: =ROUND(G8,4) -> 0.0001 | H67: =ROUND(H8,4) -> 0.0001 | I67: =ROUND(I8,4) -> 0.0001 | J67: =ROUND(J8,4) -> 0.0001 | ... O67: =ROUND(O8,4) -> 0.0001 | P67: =O67 -> 0.0001 | Q67: =P67 -> 0.0001 | R67: =Q67 -> 0.0001 | S67: =R67 -> 0.0001 | T67: =S67 -> 0.0001 | U67: =T67 -> 0.0001 | V67: =U67 -> 0.0001 | W67: =V67 -> 0.0001 | ... AB67: =AA67 -> 0.0001
B68: Emisiones [MtCO2e] | C68: =C63*C64 -> 0.01336608 | D68: =D63*D64 -> 0.01387682 | E68: =E63*E64 -> 0.014482 | F68: =F63*F64 -> 0.01479708 | G68: =G63*G64 -> 0.01523014 | H68: =H63*H64 -> 0.01512672 | I68: =I63*I64 -> 0.0151592 | J68: =J63*J64 -> 0.0153273 | ... AB68: =AB63*AB64 -> 0.02539264
B69: Emisiones [MtCO2] | C69: =C63*C65 -> 0.01318135 | D69: =D63*D65 -> 0.01368088 | E69: =E63*E65 -> 0.01427192 | F69: =F63*F65 -> 0.01457892 | G69: =G63*G65 -> 0.01500075 | H69: =H63*H65 -> 0.01490048 | I69: =I63*I65 -> 0.01493184 | J69: =J63*J65 -> 0.01509588 | ... AB69: =AB63*AB65 -> 0.02479904
B70: Emisiones [MtCH4] | C70: =C63*C66 -> 0 | D70: =D63*D66 -> 0 | E70: =E63*E66 -> 0 | F70: =F63*F66 -> 0 | G70: =G63*G66 -> 0 | H70: =H63*H66 -> 0 | I70: =I63*I66 -> 0 | J70: =J63*J66 -> 0 | ... AB70: =AB63*AB66 -> 0
B71: Emisiones [MtN2O] | C71: =C63*C67 -> 9.1e-07 | D71: =D63*D67 -> 9.7e-07 | E71: =E63*E67 -> 1.04e-06 | F71: =F63*F67 -> 1.08e-06 | G71: =G63*G67 -> 1.13e-06 | H71: =H63*H67 -> 1.12e-06 | I71: =I63*I67 -> 1.12e-06 | J71: =J63*J67 -> 1.14e-06 | ... AB71: =AB63*AB67 -> 2.24e-06
C76: =(D65-C65)/(C65) -> -0.026303072 | D76: =(E65-D65)/(D65) -> -0.027013613 | E76: =(F65-E65)/(E65) -> -0.016322961 | F76: =(G65-F65)/(F65) -> -0.016593822 | G76: =(H65-G65)/(G65) -> 0.0021845574 | H76: =(I65-H65)/(H65) -> 0.0021046302 | I76: =(J65-I65)/(I65) -> -0.0067506751 | J76: =(K65-J65)/(J65) -> -0.0067965564 | ... N76: =(O65-N65)/(N65) -> -0.14054355
N78: Promedio | O78: =AVERAGE(C76:N76) -> -0.0084644555

Sheet T_5D1
D3: 5.D.1. Aguas residuales domesticas
F7: 2010 | G7: 2011 | H7: 2012 | I7: 2013 | J7: 2014 | K7: 2015 | L7: 2016 | M7: 2017 | N7: 2018 | O7: 2019 | P7: 2020 | Q7: 2021 | R7: 2022
E8: Actividad [kt DC] | F8: 341.69644 | H8: 353.26582 | J8: 364.78326 | L8: 376.18093 | N8: 387.42818 | P8: 398.50554 | Q8: 399.13181 | R8: 387.42818
E9: Actividad [kt N/año] | F9: 85.974104 | H9: 87.989755 | J9: 91.179472 | L9: 89.433555 | N9: 89.666377 | P9: 97.616642 | Q9: 96.983283 | R9: 92.475697
E10: FE [ktCH4/kt DC] | F10: 0.023648245 | H10: 0.029449581 | J10: 0.02912911 | L10: 0.029092028 | N10: 0.029414056 | P10: 0.027624716 | Q10: 0.028341137 | R10: 0.028866159
E11: FE [kg N2O-N/kg N] | F11: 0.0078571429 | H11: 0.0078571429 | J11: 0.0078571429 | L11: 0.0078571429 | N11: 0.0078571429 | P11: 0.0078571429 | Q11: 0.0078571429 | R11: 0.0078571429
E12: Emisiones [ktCH4] | F12: 8.0805212 | H12: 10.40353 | J12: 10.625812 | L12: 10.943866 | N12: 11.395834 | P12: 11.008602 | Q12: 11.311849 | R12: 11.183563
E13: Emisiones [ktN2O] | F13: 0.67551082 | H13: 0.69134807 | J13: 0.71641014 | L13: 0.70269222 | N13: 0.70452154 | P13: 0.7669879 | Q13: 0.76201151 | R13: 0.72659476
E14: Emisiones [ktCO2e por CH4] | F14: =F12*F20 -> 226.25459 | H14: =H12*H20 -> 291.29885 | J14: =J12*J20 -> 297.52273 | L14: =L12*L20 -> 306.42826 | N14: =N12*N20 -> 319.08336 | P14: =P12*P20 -> 308.24086 | Q14: =Q12*Q20 -> 316.73178 | R14: =R12*R20 -> 313.13978
E15: Emisiones [ktCO2e por N2O] | F15: =F13*F21 -> 179.01037 | H15: =H13*H21 -> 183.20724 | J15: =J13*J21 -> 189.84869 | L15: =L13*L21 -> 186.21344 | N15: =N13*N21 -> 186.69821 | P15: =P13*P21 -> 203.25179 | Q15: =Q13*Q21 -> 201.93305 | R15: =R13*R21 -> 192.54761
E16: Emisiones [ktCO2e] | F16: =F14+F15 -> 405.26496 | H16: =H14+H15 -> 474.50609 | J16: =J14+J15 -> 487.37141 | L16: =L14+L15 -> 492.64169 | N16: =N14+N15 -> 505.78156 | P16: =P14+P15 -> 511.49266 | Q16: =Q14+Q15 -> 518.66483 | R16: =R14+R15 -> 505.68739
E18: PCG
E19: CO2 | F19: 1 | G19: 1 | H19: 1 | I19: 1 | J19: 1 | K19: 1 | L19: 1 | M19: 1 | N19: 1 | O19: 1 | P19: 1 | Q19: 1 | R19: 1
E20: CH4 | F20: 28 | G20: 28 | H20: 28 | I20: 28 | J20: 28 | K20: 28 | L20: 28 | M20: 28 | N20: 28 | O20: 28 | P20: 28 | Q20: 28 | R20: 28
E21: N2O | F21: 265 | G21: 265 | H21: 265 | I21: 265 | J21: 265 | K21: 265 | L21: 265 | M21: 265 | N21: 265 | O21: 265 | P21: 265 | Q21: 265 | R21: 265
E24: 5ta CN interpolada
E25: % CO2e por CH4 | F25: 0.55828807 | G25: 0.58609357 | H25: 0.61389907 | I25: 0.61218156 | J25: 0.61046405 | K25: 0.61623722 | L25: 0.6220104 | M25: 0.62644113 | N25: 0.63087186 | O25: 0.61675097 | P25: 0.60263008 | Q25: =Q14/Q16 -> 0.61066755 | R25: =R14/R16 -> 0.61923588
E26: % CO2e por N2O | F26: 0.44171193 | G26: 0.41390643 | H26: 0.38610093 | I26: 0.38781844 | J26: 0.38953595 | K26: 0.38376278 | L26: 0.3779896 | M26: 0.37355887 | N26: 0.36912814 | O26: 0.38324903 | P26: 0.39736992 | Q26: =Q15/Q16 -> 0.38933245 | R26: =R15/R16 -> 0.38076412
E27: ktCO2e por CH4 | F27: =F14 -> 226.25459 | G27: =G25*G29 -> 257.81408 | H27: =H14 -> 291.29885 | I27: =I25*I29 -> 294.42184 | J27: =J14 -> 297.52273 | K27: =K25*K29 -> 301.96028 | L27: =L14 -> 306.42826 | M27: =M25*M29 -> 312.7267 | N27: =N14 -> 319.08336 | O27: =O25*O29 -> 313.70243 | P27: =P14 -> 308.24086 | Q27: =Q14 -> 316.73178 | R27: =R14 -> 313.13978
E28: ktCO2e por N2O | F28: =F15 -> 179.01037 | G28: =G26*G29 -> 182.07145 | H28: =H15 -> 183.20724 | I28: =I26*I29 -> 186.51692 | J28: =J15 -> 189.84869 | K28: =K26*K29 -> 188.04628 | L28: =L15 -> 186.21344 | M28: =M26*M29 -> 186.48493 | N28: =N15 -> 186.69821 | O28: =O26*O29 -> 194.93468 | P28: =P15 -> 203.25179 | Q28: =Q15 -> 201.93305 | R28: =R15 -> 192.54761
E29: 5.D.1. Aguas residuales domesticas | F29: 405.26496 | G29: 439.88552 | H29: 474.50609 | I29: 480.93875 | J29: 487.37141 | K29: 490.00655 | L29: 492.64169 | M29: 499.21163 | N29: 505.78156 | O29: 508.63711 | P29: 511.49266 | Q29: 518.66483 | R29: 505.68739
E31: Interpolar FE
E32: FE [ktCH4/kt DC] | F32: 0.023648245 | G32: 0.026548913 | H32: 0.029449581 | I32: 0.029289345 | J32: 0.02912911 | K32: 0.029110569 | L32: 0.029092028 | M32: 0.029253042 | N32: 0.029414056 | O32: 0.028519386 | P32: 0.027624716 | Q32: 0.028341137 | R32: 0.028866159
E33: FE [kg N2O-N/kg N] | F33: 0.0078571429 | G33: 0.0078571429 | H33: 0.0078571429 | I33: 0.0078571429 | J33: 0.0078571429 | K33: 0.0078571429 | L33: 0.0078571429 | M33: 0.0078571429 | N33: 0.0078571429 | O33: 0.0078571429 | P33: 0.0078571429 | Q33: 0.0078571429 | R33: 0.0078571429
E35: Cálculo de actividad [Emisiones/Factor de emisión]
E36: Actividad [kt DC] | F36: 341.69644 | G36: =G27/(G32*G20) -> 346.81818 | H36: 353.26582 | I36: =I27/(I32*I20) -> 359.00651 | J36: 364.78326 | K36: =K27/(K32*K20) -> 370.4598 | L36: 376.18093 | M36: =M27/(M32*M20) -> 381.79997 | N36: 387.42818 | O36: =O27/(O32*O20) -> 392.8436 | P36: 398.50554 | Q36: 399.13181 | R36: 387.42818
E37: Actividad [kt N/año] | F37: 85.974104 | G37: =G28/(G33*G21) -> 87.444262 | H37: 87.989755 | I37: =I28/(I33*I21) -> 89.579307 | J37: 91.179472 | K37: =K28/(K33*K21) -> 90.31382 | L37: 89.433555 | M37: =M28/(M33*M21) -> 89.563947 | N37: 89.666377 | O37: =O28/(O33*O21) -> 93.622144 | P37: 97.616642 | Q37: 96.983283 | R37: 92.475697
F41: 2010 | G41: 2011 | H41: 2012 | I41: 2013 | J41: 2014 | K41: 2015 | L41: 2016 | M41: 2017 | N41: 2018 | O41: 2019 | P41: 2020 | Q41: 2021 | R41: 2022
D42: TEC 1 | E42: Actividad [Mt DC] | F42: =ROUND(F36/1000,4) -> 0.3417 | G42: =ROUND(G36/1000,4) -> 0.3468 | H42: =ROUND(H36/1000,4) -> 0.3533 | I42: =ROUND(I36/1000,4) -> 0.359 | J42: =ROUND(J36/1000,4) -> 0.3648 | K42: =ROUND(K36/1000,4) -> 0.3705 | L42: =ROUND(L36/1000,4) -> 0.3762 | M42: =ROUND(M36/1000,4) -> 0.3818 | ... R42: =ROUND(R36/1000,4) -> 0.3874
E43: FE [MtCO2e/Mt residuos] | F43: =ROUND(F27/F36,4) -> 0.6622 | G43: =ROUND(G27/G36,4) -> 0.7434 | H43: =ROUND(H27/H36,4) -> 0.8246 | I43: =ROUND(I27/I36,4) -> 0.8201 | J43: =ROUND(J27/J36,4) -> 0.8156 | K43: =ROUND(K27/K36,4) -> 0.8151 | L43: =ROUND(L27/L36,4) -> 0.8146 | M43: =ROUND(M27/M36,4) -> 0.8191 | ... R43: =ROUND(R27/R36,4) -> 0.8083
E44: FE [MtCO2e por CO2/Mt DC] | F44: 0 | G44: 0 | H44: 0 | I44: 0 | J44: 0 | K44: 0 | L44: 0 | M44: 0 | N44: 0 | O44: 0 | P44: 0 | Q44: 0 | R44: 0
E45: FE [MtCO2e por CH4/Mt DC] | F45: =ROUND(F32*F20,4) -> 0.6622 | G45: =ROUND(G32*G20,4) -> 0.7434 | H45: =ROUND(H32*H20,4) -> 0.8246 | I45: =ROUND(I32*I20,4) -> 0.8201 | J45: =ROUND(J32*J20,4) -> 0.8156 | K45: =ROUND(K32*K20,4) -> 0.8151 | L45: =ROUND(L32*L20,4) -> 0.8146 | M45: =ROUND(M32*M20,4) -> 0.8191 | ... R45: =ROUND(R32*R20,4) -> 0.8083
E46: FE [MtCO2e por N2O/Mt DC] | F46: 0 | G46: 0 | H46: 0 | I46: 0 | J46: 0 | K46: 0 | L46: 0 | M46: 0 | N46: 0 | O46: 0 | P46: 0 | Q46: 0 | R46: 0
E47: Emisiones [MtCO2e] | F47: =F42*F43 -> 0.22627374 | G47: =G42*G43 -> 0.25781112 | H47: =H42*H43 -> 0.29133118 | I47: =I42*I43 -> 0.2944159 | J47: =J42*J43 -> 0.29753088 | K47: =K42*K43 -> 0.30199455 | L47: =L42*L43 -> 0.30645252 | M47: =M42*M43 -> 0.31273238 | ... R47: =R42*R43 -> 0.31313542
E48: Emisiones [MtCO2e por CO2] | F48: =F42*F44 -> 0 | G48: =G42*G44 -> 0 | H48: =H42*H44 -> 0 | I48: =I42*I44 -> 0 | J48: =J42*J44 -> 0 | K48: =K42*K44 -> 0 | L48: =L42*L44 -> 0 | M48: =M42*M44 -> 0 | ... R48: =R42*R44 -> 0
E49: Emisiones [MtCO2e por CH4] | F49: =F42*F45 -> 0.22627374 | G49: =G42*G45 -> 0.25781112 | H49: =H42*H45 -> 0.29133118 | I49: =I42*I45 -> 0.2944159 | J49: =J42*J45 -> 0.29753088 | K49: =K42*K45 -> 0.30199455 | L49: =L42*L45 -> 0.30645252 | M49: =M42*M45 -> 0.31273238 | ... R49: =R42*R45 -> 0.31313542
E50: Emisiones [MtCO2e por N2O] | F50: =F42*F46 -> 0 | G50: =G42*G46 -> 0 | H50: =H42*H46 -> 0 | I50: =I42*I46 -> 0 | J50: =J42*J46 -> 0 | K50: =K42*K46 -> 0 | L50: =L42*L46 -> 0 | M50: =M42*M46 -> 0 | ... R50: =R42*R46 -> 0
E51: Comprobación | F51: =F47-F48-F49-F50 -> 0 | G51: =G47-G48-G49-G50 -> 0 | H51: =H47-H48-H49-H50 -> 0 | I51: =I47-I48-I49-I50 -> 0 | J51: =J47-J48-J49-J50 -> 0 | K51: =K47-K48-K49-K50 -> 0 | L51: =L47-L48-L49-L50 -> 0 | M51: =M47-M48-M49-M50 -> 0 | ... R51: =R47-R48-R49-R50 -> 0
F55: 2010 | G55: 2011 | H55: 2012 | I55: 2013 | J55: 2014 | K55: 2015 | L55: 2016 | M55: 2017 | N55: 2018 | O55: 2019 | P55: 2020 | Q55: 2021 | R55: 2022
D56: TEC 2 | E56: Actividad [Mt N] | F56: =ROUND(F37/1000,4) -> 0.086 | G56: =ROUND(G37/1000,4) -> 0.0874 | H56: =ROUND(H37/1000,4) -> 0.088 | I56: =ROUND(I37/1000,4) -> 0.0896 | J56: =ROUND(J37/1000,4) -> 0.0912 | K56: =ROUND(K37/1000,4) -> 0.0903 | L56: =ROUND(L37/1000,4) -> 0.0894 | M56: =ROUND(M37/1000,4) -> 0.0896 | ... R56: =ROUND(R37/1000,4) -> 0.0925
E57: FE [MtCO2e/Mt N] | F57: =ROUND(F28/F37,4) -> 2.0821 | G57: =ROUND(G28/G37,4) -> 2.0821 | H57: =ROUND(H28/H37,4) -> 2.0821 | I57: =ROUND(I28/I37,4) -> 2.0821 | J57: =ROUND(J28/J37,4) -> 2.0821 | K57: =ROUND(K28/K37,4) -> 2.0821 | L57: =ROUND(L28/L37,4) -> 2.0821 | M57: =ROUND(M28/M37,4) -> 2.0821 | ... R57: =ROUND(R28/R37,4) -> 2.0821
E58: FE [MtCO2e por CO2/Mt N] | F58: 0 | G58: 0 | H58: 0 | I58: 0 | J58: 0 | K58: 0 | L58: 0 | M58: 0 | N58: 0 | O58: 0 | P58: 0 | Q58: 0 | R58: 0
E59: FE [MtCO2e por CH4/Mt N] | F59: 0 | G59: 0 | H59: 0 | I59: 0 | J59: 0 | K59: 0 | L59: 0 | M59: 0 | N59: 0 | O59: 0 | P59: 0 | Q59: 0 | R59: 0
E60: FE [MtCO2e por N2O/Mt N] | F60: =ROUND(F33*F21,4) -> 2.0821 | G60: =ROUND(G33*G21,4) -> 2.0821 | H60: =ROUND(H33*H21,4) -> 2.0821 | I60: =ROUND(I33*I21,4) -> 2.0821 | J60: =ROUND(J33*J21,4) -> 2.0821 | K60: =ROUND(K33*K21,4) -> 2.0821 | L60: =ROUND(L33*L21,4) -> 2.0821 | M60: =ROUND(M33*M21,4) -> 2.0821 | ... R60: =ROUND(R33*R21,4) -> 2.0821
E61: Emisiones [MtCO2e] | F61: =F56*F57 -> 0.1790606 | G61: =G56*G57 -> 0.18197554 | H61: =H56*H57 -> 0.1832248 | I61: =I56*I57 -> 0.18655616 | J61: =J56*J57 -> 0.18988752 | K61: =K56*K57 -> 0.18801363 | L61: =L56*L57 -> 0.18613974 | M61: =M56*M57 -> 0.18655616 | ... R61: =R56*R57 -> 0.19259425
E62: Emisiones [MtCO2e por CO2] | F62: =F56*F58 -> 0 | G62: =G56*G58 -> 0 | H62: =H56*H58 -> 0 | I62: =I56*I58 -> 0 | J62: =J56*J58 -> 0 | K62: =K56*K58 -> 0 | L62: =L56*L58 -> 0 | M62: =M56*M58 -> 0 | ... R62: =R56*R58 -> 0
E63: Emisiones [MtCO2e por CH4] | F63: =F56*F59 -> 0 | G63: =G56*G59 -> 0 | H63: =H56*H59 -> 0 | I63: =I56*I59 -> 0 | J63: =J56*J59 -> 0 | K63: =K56*K59 -> 0 | L63: =L56*L59 -> 0 | M63: =M56*M59 -> 0 | ... R63: =R56*R59 -> 0
E64: Emisiones [MtCO2e por N2O] | F64: =F56*F60 -> 0.1790606 | G64: =G56*G60 -> 0.18197554 | H64: =H56*H60 -> 0.1832248 | I64: =I56*I60 -> 0.18655616 | J64: =J56*J60 -> 0.18988752 | K64: =K56*K60 -> 0.18801363 | L64: =L56*L60 -> 0.18613974 | M64: =M56*M60 -> 0.18655616 | ... R64: =R56*R60 -> 0.19259425
E65: Comprobación | F65: =F61-F62-F63-F64 -> 0 | G65: =G61-G62-G63-G64 -> 0 | H65: =H61-H62-H63-H64 -> 0 | I65: =I61-I62-I63-I64 -> 0 | J65: =J61-J62-J63-J64 -> 0 | K65: =K61-K62-K63-K64 -> 0 | L65: =L61-L62-L63-L64 -> 0 | M65: =M61-M62-M63-M64 -> 0 | ... R65: =R61-R62-R63-R64 -> 0
F69: 2010 | G69: 2011 | H69: 2012 | I69: 2013 | J69: 2014 | K69: 2015 | L69: 2016 | M69: 2017 | N69: 2018 | O69: 2019 | P69: 2020 | Q69: 2021 | R69: 2022 | S69: 2023 | T69: 2024 | U69: 2025 | V69: 2026 | W69: 2027 | X69: 2028 | Y69: 2029 | Z69: 2030 | AA69: 2031 | AB69: 2032 | AC69: 2033 | AD69: 2034 | AE69: 2035
C70: FINAL | D70: TEC 1 | E70: Actividad [Mt DC] | F70: =F42 -> 0.3417 | G70: =G42 -> 0.3468 | H70: =H42 -> 0.3533 | I70: =I42 -> 0.359 | J70: =J42 -> 0.3648 | K70: =K42 -> 0.3705 | L70: =L42 -> 0.3762 | M70: =M42 -> 0.3818 | ... R70: =R42 -> 0.3874 | S70: =Act_T_Aguas!S12 -> 0.4178 | T70: =Act_T_Aguas!T12 -> 0.4491 | U70: =Act_T_Aguas!U12 -> 0.4473 | V70: =Act_T_Aguas!V12 -> 0.4647 | W70: =Act_T_Aguas!W12 -> 0.5455 | X70: =Act_T_Aguas!X12 -> 0.5794 | Y70: =Act_T_Aguas!Y12 -> 0.6132 | Z70: =Act_T_Aguas!Z12 -> 0.6471 | ... AE70: =Act_T_Aguas!AE12 -> 0.826
E71: FE [MtCO2e/Mt DC] | F71: =F43 -> 0.6622 | G71: =G43 -> 0.7434 | H71: =H43 -> 0.8246 | I71: =I43 -> 0.8201 | J71: =J43 -> 0.8156 | K71: =K43 -> 0.8151 | L71: =L43 -> 0.8146 | M71: =M43 -> 0.8191 | ... R71: =R43 -> 0.8083 | S71: =ROUND(S73*$R$20,4) -> 0.8238 | T71: =ROUND(T73*$R$20,4) -> 0.8387 | U71: =ROUND(U73*$R$20,4) -> 0.8538 | V71: =ROUND(V73*$R$20,4) -> 0.8693 | W71: =ROUND(W73*$R$20,4) -> 0.885 | X71: =ROUND(X73*$R$20,4) -> 0.901 | Y71: =ROUND(Y73*$R$20,4) -> 0.9172 | Z71: =ROUND(Z73*$R$20,4) -> 0.9338 | ... AE71: =ROUND(AE73*$R$20,4) -> 1.0212
E72: FE [MtCO2/Mt DC] | F72: 0 | G72: 0 | H72: 0 | I72: 0 | J72: 0 | K72: 0 | L72: 0 | M72: 0 | N72: 0 | O72: 0 | P72: 0 | Q72: 0 | R72: 0 | S72: 0 | T72: 0 | U72: 0 | V72: 0 | W72: 0 | X72: 0 | Y72: 0 | Z72: 0 | AA72: 0 | AB72: 0 | AC72: 0 | AD72: 0 | AE72: 0
E73: FE [MtCH4/Mt DC] | F73: =ROUND(F32,4) -> 0.0236 | G73: =ROUND(G32,4) -> 0.0265 | H73: =ROUND(H32,4) -> 0.0294 | I73: =ROUND(I32,4) -> 0.0293 | J73: =ROUND(J32,4) -> 0.0291 | K73: =ROUND(K32,4) -> 0.0291 | L73: =ROUND(L32,4) -> 0.0291 | M73: =ROUND(M32,4) -> 0.0293 | ... R73: =ROUND(R32,4) -> 0.0289 | S73: =R73*(1+$R$98) -> 0.029421998 | T73: =S73*(1+$R$98) -> 0.029953423 | U73: =T73*(1+$R$98) -> 0.030494448 | V73: =U73*(1+$R$98) -> 0.031045245 | W73: =V73*(1+$R$98) -> 0.03160599 | X73: =W73*(1+$R$98) -> 0.032176864 | Y73: =X73*(1+$R$98) -> 0.032758049 | Z73: =Y73*(1+$R$98) -> 0.033349731 | ... AE73: =AD73*(1+$R$98) -> 0.036472363
E74: FE [MtN2O/Mt DC] | F74: 0 | G74: 0 | H74: 0 | I74: 0 | J74: 0 | K74: 0 | L74: 0 | M74: 0 | N74: 0 | O74: 0 | P74: 0 | Q74: 0 | R74: 0 | S74: 0 | T74: 0 | U74: 0 | V74: 0 | W74: 0 | X74: 0 | Y74: 0 | Z74: 0 | AA74: 0 | AB74: 0 | AC74: 0 | AD74: 0 | AE74: 0
E75: Emisiones [MtCO2e] | F75: =F70*F71 -> 0.22627374 | G75: =G70*G71 -> 0.25781112 | H75: =H70*H71 -> 0.29133118 | I75: =I70*I71 -> 0.2944159 | J75: =J70*J71 -> 0.29753088 | K75: =K70*K71 -> 0.30199455 | L75: =L70*L71 -> 0.30645252 | M75: =M70*M71 -> 0.31273238 | ... AE75: =AE70*AE71 -> 0.8435112
E76: Emisiones [MtCO2] | F76: =F70*F72 -> 0 | G76: =G70*G72 -> 0 | H76: =H70*H72 -> 0 | I76: =I70*I72 -> 0 | J76: =J70*J72 -> 0 | K76: =K70*K72 -> 0 | L76: =L70*L72 -> 0 | M76: =M70*M72 -> 0 | ... R76: =R70*R72 -> 0 | S76: 0 | T76: 0 | U76: 0 | V76: 0 | W76: 0 | X76: 0 | Y76: 0 | Z76: 0 | AA76: 0 | AB76: 0 | AC76: 0 | AD76: 0 | AE76: 0
E77: Emisiones [MtCH4] | F77: =F70*F73 -> 0.00806412 | G77: =G70*G73 -> 0.0091902 | H77: =H70*H73 -> 0.01038702 | I77: =I70*I73 -> 0.0105187 | J77: =J70*J73 -> 0.01061568 | K77: =K70*K73 -> 0.01078155 | L77: =L70*L73 -> 0.01094742 | M77: =M70*M73 -> 0.01118674 | ... AE77: =AE70*AE73 -> 0.030126172
E78: Emisiones [MtN2O] | F78: =F70*F74 -> 0 | G78: =G70*G74 -> 0 | H78: =H70*H74 -> 0 | I78: =I70*I74 -> 0 | J78: =J70*J74 -> 0 | K78: =K70*K74 -> 0 | L78: =L70*L74 -> 0 | M78: =M70*M74 -> 0 | ... R78: =R70*R74 -> 0 | S78: 0 | T78: 0 | U78: 0 | V78: 0 | W78: 0 | X78: 0 | Y78: 0 | Z78: 0 | AA78: 0 | AB78: 0 | AC78: 0 | AD78: 0 | AE78: 0
F82: 2010 | G82: 2011 | H82: 2012 | I82: 2013 | J82: 2014 | K82: 2015 | L82: 2016 | M82: 2017 | N82: 2018 | O82: 2019 | P82: 2020 | Q82: 2021 | R82: 2022 | S82: 2023 | T82: 2024 | U82: 2025 | V82: 2026 | W82: 2027 | X82: 2028 | Y82: 2029 | Z82: 2030 | AA82: 2031 | AB82: 2032 | AC82: 2033 | AD82: 2034 | AE82: 2035
C83: FINAL | D83: TEC 2 | E83: Actividad [Mt N] | F83: =F56 -> 0.086 | G83: =G56 -> 0.0874 | H83: =H56 -> 0.088 | I83: =I56 -> 0.0896 | J83: =J56 -> 0.0912 | K83: =K56 -> 0.0903 | L83: =L56 -> 0.0894 | M83: =M56 -> 0.0896 | ... R83: =R56 -> 0.0925 | S83: =Act_T_Aguas!S13 -> 0.0998 | T83: =Act_T_Aguas!T13 -> 0.1072 | U83: =Act_T_Aguas!U13 -> 0.1068 | V83: =Act_T_Aguas!V13 -> 0.111 | W83: =Act_T_Aguas!W13 -> 0.1302 | X83: =Act_T_Aguas!X13 -> 0.1383 | Y83: =Act_T_Aguas!Y13 -> 0.1464 | Z83: =Act_T_Aguas!Z13 -> 0.1545 | ... AE83: =Act_T_Aguas!AE13 -> 0.1972
E84: FE [MtCO2e/Mt N] | F84: =F57 -> 2.0821 | G84: =G57 -> 2.0821 | H84: =H57 -> 2.0821 | I84: =I57 -> 2.0821 | J84: =J57 -> 2.0821 | K84: =K57 -> 2.0821 | L84: =L57 -> 2.0821 | M84: =M57 -> 2.0821 | ... R84: =R57 -> 2.0821 | S84: =ROUND(S87*$R$21,4) -> 2.0935 | T84: =ROUND(T87*$R$21,4) -> 2.0935 | U84: =ROUND(U87*$R$21,4) -> 2.0935 | V84: =ROUND(V87*$R$21,4) -> 2.0935 | W84: =ROUND(W87*$R$21,4) -> 2.0935 | X84: =ROUND(X87*$R$21,4) -> 2.0935 | Y84: =ROUND(Y87*$R$21,4) -> 2.0935 | Z84: =ROUND(Z87*$R$21,4) -> 2.0935 | ... AE84: =ROUND(AE87*$R$21,4) -> 2.0935
E85: FE [MtCO2/Mt N] | F85: 0 | G85: 0 | H85: 0 | I85: 0 | J85: 0 | K85: 0 | L85: 0 | M85: 0 | N85: 0 | O85: 0 | P85: 0 | Q85: 0 | R85: 0 | S85: 0 | T85: 0 | U85: 0 | V85: 0 | W85: 0 | X85: 0 | Y85: 0 | Z85: 0 | AA85: 0 | AB85: 0 | AC85: 0 | AD85: 0 | AE85: 0
E86: FE [MtCH4/Mt N] | F86: 0 | G86: 0 | H86: 0 | I86: 0 | J86: 0 | K86: 0 | L86: 0 | M86: 0 | N86: 0 | O86: 0 | P86: 0 | Q86: 0 | R86: 0 | S86: 0 | T86: 0 | U86: 0 | V86: 0 | W86: 0 | X86: 0 | Y86: 0 | Z86: 0 | AA86: 0 | AB86: 0 | AC86: 0 | AD86: 0 | AE86: 0
E87: FE [MtN2O/Mt N] | F87: =ROUND(F33,4) -> 0.0079 | G87: =ROUND(G33,4) -> 0.0079 | H87: =ROUND(H33,4) -> 0.0079 | I87: =ROUND(I33,4) -> 0.0079 | J87: =ROUND(J33,4) -> 0.0079 | K87: =ROUND(K33,4) -> 0.0079 | L87: =ROUND(L33,4) -> 0.0079 | M87: =ROUND(M33,4) -> 0.0079 | ... R87: =ROUND(R33,4) -> 0.0079 | S87: =R87 -> 0.0079 | T87: =S87 -> 0.0079 | U87: =T87 -> 0.0079 | V87: =U87 -> 0.0079 | W87: =V87 -> 0.0079 | X87: =W87 -> 0.0079 | Y87: =X87 -> 0.0079 | Z87: =Y87 -> 0.0079 | ... AE87: =AD87 -> 0.0079
E88: Emisiones [MtCO2e] | F88: =F83*F84 -> 0.1790606 | G88: =G83*G84 -> 0.18197554 | H88: =H83*H84 -> 0.1832248 | I88: =I83*I84 -> 0.18655616 | J88: =J83*J84 -> 0.18988752 | K88: =K83*K84 -> 0.18801363 | L88: =L83*L84 -> 0.18613974 | M88: =M83*M84 -> 0.18655616 | ... AE88: =AE83*AE84 -> 0.4128382
E89: Emisiones [MtCO2] | F89: =F83*F85 -> 0 | G89: =G83*G85 -> 0 | H89: =H83*H85 -> 0 | I89: =I83*I85 -> 0 | J89: =J83*J85 -> 0 | K89: =K83*K85 -> 0 | L89: =L83*L85 -> 0 | M89: =M83*M85 -> 0 | ... R89: =R83*R85 -> 0 | S89: 0 | T89: 0 | U89: 0 | V89: 0 | W89: 0 | X89: 0 | Y89: 0 | Z89: 0 | AA89: 0 | AB89: 0 | AC89: 0 | AD89: 0 | AE89: 0
E90: Emisiones [MtCH4] | F90: =F83*F86 -> 0 | G90: =G83*G86 -> 0 | H90: =H83*H86 -> 0 | I90: =I83*I86 -> 0 | J90: =J83*J86 -> 0 | K90: =K83*K86 -> 0 | L90: =L83*L86 -> 0 | M90: =M83*M86 -> 0 | ... AE90: =AE83*AE86 -> 0
E91: Emisiones [MtN2O] | F91: =F83*F87 -> 0.0006794 | G91: =G83*G87 -> 0.00069046 | H91: =H83*H87 -> 0.0006952 | I91: =I83*I87 -> 0.00070784 | J91: =J83*J87 -> 0.00072048 | K91: =K83*K87 -> 0.00071337 | L91: =L83*L87 -> 0.00070626 | M91: =M83*M87 -> 0.00070784 | ... AE91: =AE83*AE87 -> 0.00155788
F96: =(G73-F73)/(F73) -> 0.12288136 | G96: =(H73-G73)/(G73) -> 0.10943396 | H96: =(I73-H73)/(H73) -> -0.0034013605 | I96: =(J73-I73)/(I73) -> -0.0068259386 | J96: =(K73-J73)/(J73) -> 0 | K96: =(L73-K73)/(K73) -> 0 | L96: =(M73-L73)/(L73) -> 0.0068728522 | M96: =(N73-M73)/(M73) -> 0.0034129693 | ... Q96: =(R73-Q73)/(Q73) -> 0.021201413
Q98: Promedio | R98: =AVERAGE(F96:Q96) -> 0.018062198
F103: =(G87-F87)/(F87) -> 0 | G103: =(H87-G87)/(G87) -> 0 | H103: =(I87-H87)/(H87) -> 0 | I103: =(J87-I87)/(I87) -> 0 | J103: =(K87-J87)/(J87) -> 0 | K103: =(L87-K87)/(K87) -> 0 | L103: =(M87-L87)/(L87) -> 0 | M103: =(N87-M87)/(M87) -> 0 | ... Q103: =(R87-Q87)/(Q87) -> 0
Q105: Promedio | R105: =AVERAGE(F103:Q103) -> 0

Sheet T_5D2
D3: 5.D.2. Aguas residuales industriales
D4: DC = componente orgánico degradable
F8: 2010 | G8: 2011 | H8: 2012 | I8: 2013 | J8: 2014 | K8: 2015 | L8: 2016 | M8: 2017 | N8: 2018 | O8: 2019 | P8: 2020 | Q8: 2021 | R8: 2022
E9: Actividad [kt DC/año] | F9: 219.43939 | H9: 631.76724 | J9: 264.30921 | L9: 828.12724 | N9: 900.56503 | P9: 820.33366 | Q9: 700.69913 | R9: 850.37722
E10: Factor de emisión [ktCH4/kt DC por año] | F10: 0.025 | H10: 0.025 | J10: 0.025 | L10: 0.025 | N10: 0.025 | P10: 0.025 | Q10: 0.025 | R10: 0.025
E11: Emisiones [ktCH4] | F11: 5.4859848 | H11: 15.794181 | J11: 6.6077301 | L11: 20.703181 | N11: 22.514126 | P11: 20.508341 | Q11: 17.517478 | R11: 21.25943
E12: Emisiones [ktCO2e] | F12: =F11*F17 -> 153.60757 | G12: =G11*G17 -> 0 | H12: =H11*H17 -> 442.23707 | I12: =I11*I17 -> 0 | J12: =J11*J17 -> 185.01644 | K12: =K11*K17 -> 0 | L12: =L11*L17 -> 579.68907 | M12: =M11*M17 -> 0 | ... R12: =R11*R17 -> 595.26405
E16: PCG
E17: CH4 | F17: 28 | G17: 28 | H17: 28 | I17: 28 | J17: 28 | K17: 28 | L17: 28 | M17: 28 | N17: 28 | O17: 28 | P17: 28 | Q17: 28 | R17: 28
E19: 5ta CN interpolada
E20: 5.D.2. Aguas residuales industriales | F20: 153.60757 | G20: 297.92232 | H20: 442.23707 | I20: 313.62676 | J20: 185.01644 | K20: 382.35276 | L20: 579.68907 | M20: 605.0423 | N20: 630.39552 | O20: 602.31454 | P20: 574.23356 | Q20: 490.48939 | R20: 595.26405
E22: Interpolar FE
E23: FE [ktCH4/kt] | F23: 0.025 | G23: 0.025 | H23: 0.025 | I23: 0.025 | J23: 0.025 | K23: 0.025 | L23: 0.025 | M23: 0.025 | N23: 0.025 | O23: 0.025 | P23: 0.025 | Q23: 0.025 | R23: 0.025
E25: Cálculo de actividad [Emisiones/Factor de emisión]
E26: Actividad [kt DC/año] | F26: 219.43939 | G26: =G20/(G23*G17) -> 425.60331 | H26: 631.76724 | I26: =I20/(I23*I17) -> 448.03822 | J26: 264.30921 | K26: =K20/(K23*K17) -> 546.21822 | L26: 828.12724 | M26: =M20/(M23*M17) -> 864.34614 | N26: 900.56503 | O26: =O20/(O23*O17) -> 860.44934 | P26: 820.33366 | Q26: 700.69913 | R26: 850.37722
F31: 2010 | G31: 2011 | H31: 2012 | I31: 2013 | J31: 2014 | K31: 2015 | L31: 2016 | M31: 2017 | N31: 2018 | O31: 2019 | P31: 2020 | Q31: 2021 | R31: 2022
E32: Actividad [Mt DC] | F32: =ROUND(F26/1000,4) -> 0.2194 | G32: =ROUND(G26/1000,4) -> 0.4256 | H32: =ROUND(H26/1000,4) -> 0.6318 | I32: =ROUND(I26/1000,4) -> 0.448 | J32: =ROUND(J26/1000,4) -> 0.2643 | K32: =ROUND(K26/1000,4) -> 0.5462 | L32: =ROUND(L26/1000,4) -> 0.8281 | M32: =ROUND(M26/1000,4) -> 0.8643 | ... R32: =ROUND(R26/1000,4) -> 0.8504
E33: FE [MtCO2e/Mt DC] | F33: =ROUND(F20/F26,4) -> 0.7 | G33: =ROUND(G20/G26,4) -> 0.7 | H33: =ROUND(H20/H26,4) -> 0.7 | I33: =ROUND(I20/I26,4) -> 0.7 | J33: =ROUND(J20/J26,4) -> 0.7 | K33: =ROUND(K20/K26,4) -> 0.7 | L33: =ROUND(L20/L26,4) -> 0.7 | M33: =ROUND(M20/M26,4) -> 0.7 | ... R33: =ROUND(R20/R26,4) -> 0.7
E34: FE [MtCO2e por CO2/Mt DC] | F34: 0 | G34: 0 | H34: 0 | I34: 0 | J34: 0 | K34: 0 | L34: 0 | M34: 0 | N34: 0 | O34: 0 | P34: 0 | Q34: 0 | R34: 0
E35: FE [MtCO2e por CH4/Mt DC] | F35: =ROUND(F10*F17,4) -> 0.7 | G35: =ROUND(G23*G17,4) -> 0.7 | H35: =ROUND(H10*H17,4) -> 0.7 | I35: =ROUND(I23*I17,4) -> 0.7 | J35: =ROUND(J10*J17,4) -> 0.7 | K35: =ROUND(K23*K17,4) -> 0.7 | L35: =ROUND(L10*L17,4) -> 0.7 | M35: =ROUND(M23*M17,4) -> 0.7 | N35: =ROUND(N10*N17,4) -> 0.7 | O35: =ROUND(O23*O17,4) -> 0.7 | P35: =ROUND(P10*P17,4) -> 0.7 | Q35: =ROUND(Q10*Q17,4) -> 0.7 | R35: =ROUND(R10*R17,4) -> 0.7
E36: FE [MtCO2e por N2O/Mt DC] | F36: 0 | G36: 0 | H36: 0 | I36: 0 | J36: 0 | K36: 0 | L36: 0 | M36: 0 | N36: 0 | O36: 0 | P36: 0 | Q36: 0 | R36: 0
E37: Emisiones [MtCO2e] | F37: =F32*F33 -> 0.15358 | G37: =G32*G33 -> 0.29792 | H37: =H32*H33 -> 0.44226 | I37: =I32*I33 -> 0.3136 | J37: =J32*J33 -> 0.18501 | K37: =K32*K33 -> 0.38234 | L37: =L32*L33 -> 0.57967 | M37: =M32*M33 -> 0.60501 | ... R37: =R32*R33 -> 0.59528
E38: Emisiones [MtCO2e por CO2] | F38: =F32*F34 -> 0 | G38: =G32*G34 -> 0 | H38: =H32*H34 -> 0 | I38: =I32*I34 -> 0 | J38: =J32*J34 -> 0 | K38: =K32*K34 -> 0 | L38: =L32*L34 -> 0 | M38: =M32*M34 -> 0 | ... R38: =R32*R34 -> 0
E39: Emisiones [MtCO2e por CH4] | F39: =F32*F35 -> 0.15358 | G39: =G32*G35 -> 0.29792 | H39: =H32*H35 -> 0.44226 | I39: =I32*I35 -> 0.3136 | J39: =J32*J35 -> 0.18501 | K39: =K32*K35 -> 0.38234 | L39: =L32*L35 -> 0.57967 | M39: =M32*M35 -> 0.60501 | ... R39: =R32*R35 -> 0.59528
E40: Emisiones [MtCO2e por N2O] | F40: =F32*F36 -> 0 | G40: =G32*G36 -> 0 | H40: =H32*H36 -> 0 | I40: =I32*I36 -> 0 | J40: =J32*J36 -> 0 | K40: =K32*K36 -> 0 | L40: =L32*L36 -> 0 | M40: =M32*M36 -> 0 | ... R40: =R32*R36 -> 0
E41: Comprobación | F41: =F37-F38-F39-F40 -> 0 | G41: =G37-G38-G39-G40 -> 0 | H41: =H37-H38-H39-H40 -> 0 | I41: =I37-I38-I39-I40 -> 0 | J41: =J37-J38-J39-J40 -> 0 | K41: =K37-K38-K39-K40 -> 0 | L41: =L37-L38-L39-L40 -> 0 | M41: =M37-M38-M39-M40 -> 0 | ... R41: =R37-R38-R39-R40 -> 0
D45: FINAL | F45: 2010 | G45: 2011 | H45: 2012 | I45: 2013 | J45: 2014 | K45: 2015 | L45: 2016 | M45: 2017 | N45: 2018 | O45: 2019 | P45: 2020 | Q45: 2021 | R45: 2022 | S45: 2023 | T45: 2024 | U45: 2025 | V45: 2026 | W45: 2027 | X45: 2028 | Y45: 2029 | Z45: 2030 | AA45: 2031 | AB45: 2032 | AC45: 2033 | AD45: 2034 | AE45: 2035
E46: Actividad [Mt DC] | F46: =F32 -> 0.2194 | G46: =G32 -> 0.4256 | H46: =H32 -> 0.6318 | I46: =I32 -> 0.448 | J46: =J32 -> 0.2643 | K46: =K32 -> 0.5462 | L46: =L32 -> 0.8281 | M46: =M32 -> 0.8643 | ... R46: =R32 -> 0.8504 | S46: =Act_T_Aguas!S14 -> 0.9171 | T46: =Act_T_Aguas!T14 -> 0.9858 | U46: =Act_T_Aguas!U14 -> 0.982 | V46: =Act_T_Aguas!V14 -> 1.0201 | W46: =Act_T_Aguas!W14 -> 1.1974 | X46: =Act_T_Aguas!X14 -> 1.2718 | Y46: =Act_T_Aguas!Y14 -> 1.3461 | Z46: =Act_T_Aguas!Z14 -> 1.4205 | ... AE46: =Act_T_Aguas!AE14 -> 1.8133
E47: FE [MtCO2e/Mt DC] | F47: =F33 -> 0.7 | G47: =G33 -> 0.7 | H47: =H33 -> 0.7 | I47: =I33 -> 0.7 | J47: =J33 -> 0.7 | K47: =K33 -> 0.7 | L47: =L33 -> 0.7 | M47: =M33 -> 0.7 | ... R47: =R33 -> 0.7 | S47: =ROUND(S49*$R$17,4) -> 0.7 | T47: =ROUND(T49*$R$17,4) -> 0.7 | U47: =ROUND(U49*$R$17,4) -> 0.7 | V47: =ROUND(V49*$R$17,4) -> 0.7 | W47: =ROUND(W49*$R$17,4) -> 0.7 | X47: =ROUND(X49*$R$17,4) -> 0.7 | Y47: =ROUND(Y49*$R$17,4) -> 0.7 | Z47: =ROUND(Z49*$R$17,4) -> 0.7 | ... AE47: =ROUND(AE49*$R$17,4) -> 0.7
E48: FE [MtCO2/Mt DC] | F48: =F34 -> 0 | G48: =G34 -> 0 | H48: =H34 -> 0 | I48: =I34 -> 0 | J48: =J34 -> 0 | K48: =K34 -> 0 | L48: =L34 -> 0 | M48: =M34 -> 0 | ... R48: =R34 -> 0 | S48: 0 | T48: 0 | U48: 0 | V48: 0 | W48: 0 | X48: 0 | Y48: 0 | Z48: 0 | AA48: 0 | AB48: 0 | AC48: 0 | AD48: 0 | AE48: 0
E49: FE [MtCH4/Mt DC] | F49: =ROUND(F10,4) -> 0.025 | G49: =ROUND(G23,4) -> 0.025 | H49: =ROUND(H10,4) -> 0.025 | I49: =ROUND(I23,4) -> 0.025 | J49: =ROUND(J10,4) -> 0.025 | K49: =ROUND(K23,4) -> 0.025 | L49: =ROUND(L10,4) -> 0.025 | M49: =ROUND(M23,4) -> 0.025 | N49: =ROUND(N10,4) -> 0.025 | O49: =ROUND(O23,4) -> 0.025 | P49: =ROUND(P10,4) -> 0.025 | Q49: =ROUND(Q10,4) -> 0.025 | R49: =ROUND(R10,4) -> 0.025 | S49: =R49 -> 0.025 | T49: =S49 -> 0.025 | U49: =T49 -> 0.025 | V49: =U49 -> 0.025 | W49: =V49 -> 0.025 | X49: =W49 -> 0.025 | Y49: =X49 -> 0.025 | Z49: =Y49 -> 0.025 | ... AE49: =AD49 -> 0.025
E50: FE [MtN2O/Mt DC] | F50: =F36 -> 0 | G50: =G36 -> 0 | H50: =H36 -> 0 | I50: =I36 -> 0 | J50: =J36 -> 0 | K50: =K36 -> 0 | L50: =L36 -> 0 | M50: =M36 -> 0 | ... R50: =R36 -> 0 | S50: =R50 -> 0 | T50: =S50 -> 0 | U50: =T50 -> 0 | V50: =U50 -> 0 | W50: =V50 -> 0 | X50: =W50 -> 0 | Y50: =X50 -> 0 | Z50: =Y50 -> 0 | ... AE50: =AD50 -> 0
E51: Emisiones [MtCO2e] | F51: =F46*F47 -> 0.15358 | G51: =G46*G47 -> 0.29792 | H51: =H46*H47 -> 0.44226 | I51: =I46*I47 -> 0.3136 | J51: =J46*J47 -> 0.18501 | K51: =K46*K47 -> 0.38234 | L51: =L46*L47 -> 0.57967 | M51: =M46*M47 -> 0.60501 | ... AE51: =AE46*AE47 -> 1.26931
E52: Emisiones [MtCO2] | F52: =F46*F48 -> 0 | G52: =G46*G48 -> 0 | H52: =H46*H48 -> 0 | I52: =I46*I48 -> 0 | J52: =J46*J48 -> 0 | K52: =K46*K48 -> 0 | L52: =L46*L48 -> 0 | M52: =M46*M48 -> 0 | ... AE52: =AE46*AE48 -> 0
E53: Emisiones [MtCH4] | F53: =F46*F49 -> 0.005485 | G53: =G46*G49 -> 0.01064 | H53: =H46*H49 -> 0.015795 | I53: =I46*I49 -> 0.0112 | J53: =J46*J49 -> 0.0066075 | K53: =K46*K49 -> 0.013655 | L53: =L46*L49 -> 0.0207025 | M53: =M46*M49 -> 0.0216075 | ... AE53: =AE46*AE49 -> 0.0453325
E54: Emisiones [MtN2O] | F54: =F46*F50 -> 0 | G54: =G46*G50 -> 0 | H54: =H46*H50 -> 0 | I54: =I46*I50 -> 0 | J54: =J46*J50 -> 0 | K54: =K46*K50 -> 0 | L54: =L46*L50 -> 0 | M54: =M46*M50 -> 0 | ... AE54: =AE46*AE50 -> 0
F58: =(G49-F49)/(F49) -> 0 | G58: =(H49-G49)/(G49) -> 0 | H58: =(I49-H49)/(H49) -> 0 | I58: =(J49-I49)/(I49) -> 0 | J58: =(K49-J49)/(J49) -> 0 | K58: =(L49-K49)/(K49) -> 0 | L58: =(M49-L49)/(L49) -> 0 | M58: =(N49-M49)/(M49) -> 0 | ... Q58: =(R49-Q49)/(Q49) -> 0
Q60: Promedio | R60: =AVERAGE(F58:Q58) -> 0

Sheet Ini_I+C_CapturaMetano
C4: Iniciativas Incondicionales
C6: 2010 | D6: 2011 | E6: 2012 | F6: 2013 | G6: 2014 | H6: 2015 | I6: 2016 | J6: 2017 | K6: 2018 | L6: 2019 | M6: 2020 | N6: 2021 | O6: 2022 | P6: 2023 | Q6: 2024 | R6: 2025 | S6: 2026 | T6: 2027 | U6: 2028 | V6: 2029 | W6: 2030 | X6: 2031 | Y6: 2032 | Z6: 2033 | AA6: 2034 | AB6: 2035
B7: 1 | C7: 0 | D7: 0 | E7: 0 | F7: 0 | G7: 0 | H7: 0 | I7: 0 | J7: 0 | K7: 0 | L7: 0 | M7: 0 | N7: 0 | O7: 0 | P7: 0 | Q7: 0 | R7: 0 | S7: 7.5 | T7: 15 | U7: 22.5 | V7: 30 | W7: 0 | X7: 0 | Y7: 0 | Z7: 0 | AA7: 0 | AB7: 0
C11: Iniciativas Condicionales
C13: 2010 | D13: 2011 | E13: 2012 | F13: 2013 | G13: 2014 | H13: 2015 | I13: 2016 | J13: 2017 | K13: 2018 | L13: 2019 | M13: 2020 | N13: 2021 | O13: 2022 | P13: 2023 | Q13: 2024 | R13: 2025 | S13: 2026 | T13: 2027 | U13: 2028 | V13: 2029 | W13: 2030 | X13: 2031 | Y13: 2032 | Z13: 2033 | AA13: 2034 | AB13: 2035
B14: 1 | C14: 0 | D14: 0 | E14: 0 | F14: 0 | G14: 0 | H14: 0 | I14: 0 | J14: 0 | K14: 0 | L14: 0 | M14: 0 | N14: 0 | O14: 0 | P14: 0 | Q14: 0 | R14: 0 | S14: 5 | T14: 10 | U14: 15 | V14: 20 | W14: 25 | X14: 30 | Y14: 35 | Z14: 40 | AA14: 45 | AB14: 50
B15: 2 | C15: 0 | D15: 0 | E15: 0 | F15: 0 | G15: 0 | H15: 0 | I15: 0 | J15: 0 | K15: 0 | L15: 0 | M15: 0 | N15: 0 | O15: 0 | P15: 0 | Q15: 0 | R15: 0 | S15: 0 | T15: 0 | U15: 0 | V15: 12.857143 | W15: 25.714286 | X15: 38.571429 | Y15: 51.428571 | Z15: 64.285714 | AA15: 77.142857 | AB15: 90
B20: GgCO2e | C20: 2010 | D20: 2011 | E20: 2012 | F20: 2013 | G20: 2014 | H20: 2015 | I20: 2016 | J20: 2017 | K20: 2018 | L20: 2019 | M20: 2020 | N20: 2021 | O20: 2022 | P20: 2023 | Q20: 2024 | R20: 2025 | S20: 2026 | T20: 2027 | U20: 2028 | V20: 2029 | W20: 2030 | X20: 2031 | Y20: 2032 | Z20: 2033 | AA20: 2034 | AB20: 2035
B21: NDC Incondicional de la 2da NDC (5ta Comunicación) | C21: =C7 -> 0 | D21: =D7 -> 0 | E21: =E7 -> 0 | F21: =F7 -> 0 | G21: =G7 -> 0 | H21: =H7 -> 0 | I21: =I7 -> 0 | J21: =J7 -> 0 | ... AB21: =AB7 -> 0
B22: NDC Incondicional + Condicional de la 2da NDC (5ta Comunicación) | C22: =C7+C14+C15 -> 0 | D22: =D7+D14+D15 -> 0 | E22: =E7+E14+E15 -> 0 | F22: =F7+F14+F15 -> 0 | G22: =G7+G14+G15 -> 0 | H22: =H7+H14+H15 -> 0 | I22: =I7+I14+I15 -> 0 | J22: =J7+J14+J15 -> 0 | ... AB22: =AB7+AB14+AB15 -> 140
B25: MtCO2e | C25: 2010 | D25: 2011 | E25: 2012 | F25: 2013 | G25: 2014 | H25: 2015 | I25: 2016 | J25: 2017 | K25: 2018 | L25: 2019 | M25: 2020 | N25: 2021 | O25: 2022 | P25: 2023 | Q25: 2024 | R25: 2025 | S25: 2026 | T25: 2027 | U25: 2028 | V25: 2029 | W25: 2030 | X25: 2031 | Y25: 2032 | Z25: 2033 | AA25: 2034 | AB25: 2035
B26: NDC Incondicional de la 2da NDC (5ta Comunicación) | C26: =C21/1000 -> 0 | D26: =D21/1000 -> 0 | E26: =E21/1000 -> 0 | F26: =F21/1000 -> 0 | G26: =G21/1000 -> 0 | H26: =H21/1000 -> 0 | I26: =I21/1000 -> 0 | J26: =J21/1000 -> 0 | ... AB26: =AB21/1000 -> 0
B27: NDC Incondicional + Condicional de la 2da NDC (5ta Comunicación) | C27: =C22/1000 -> 0 | D27: =D22/1000 -> 0 | E27: =E22/1000 -> 0 | F27: =F22/1000 -> 0 | G27: =G22/1000 -> 0 | H27: =H22/1000 -> 0 | I27: =I22/1000 -> 0 | J27: =J22/1000 -> 0 | ... AB27: =AB22/1000 -> 0.14
B30: GgCH4 | C30: 2010 | D30: 2011 | E30: 2012 | F30: 2013 | G30: 2014 | H30: 2015 | I30: 2016 | J30: 2017 | K30: 2018 | L30: 2019 | M30: 2020 | N30: 2021 | O30: 2022 | P30: 2023 | Q30: 2024 | R30: 2025 | S30: 2026 | T30: 2027 | U30: 2028 | V30: 2029 | W30: 2030 | X30: 2031 | Y30: 2032 | Z30: 2033 | AA30: 2034 | AB30: 2035
B31: NDC Incondicional de la 2da NDC (5ta Comunicación) | C31: =C21/28 -> 0 | D31: =D21/28 -> 0 | E31: =E21/28 -> 0 | F31: =F21/28 -> 0 | G31: =G21/28 -> 0 | H31: =H21/28 -> 0 | I31: =I21/28 -> 0 | J31: =J21/28 -> 0 | ... AB31: =AB21/28 -> 0
B32: NDC Incondicional + Condicional de la 2da NDC (5ta Comunicación) | C32: =C22/28 -> 0 | D32: =D22/28 -> 0 | E32: =E22/28 -> 0 | F32: =F22/28 -> 0 | G32: =G22/28 -> 0 | H32: =H22/28 -> 0 | I32: =I22/28 -> 0 | J32: =J22/28 -> 0 | ... AB32: =AB22/28 -> 5

Sheet Ini_I+C_Reduccion
C4: Iniciativas Incondicionales
C6: 2010 | D6: 2011 | E6: 2012 | F6: 2013 | G6: 2014 | H6: 2015 | I6: 2016 | J6: 2017 | K6: 2018 | L6: 2019 | M6: 2020 | N6: 2021 | O6: 2022 | P6: 2023 | Q6: 2024 | R6: 2025 | S6: 2026 | T6: 2027 | U6: 2028 | V6: 2029 | W6: 2030 | X6: 2031 | Y6: 2032 | Z6: 2033 | AA6: 2034 | AB6: 2035
B7: 1 | C7: 0 | D7: 0 | E7: 0 | F7: 0 | G7: 0 | H7: 0 | I7: 0 | J7: 0 | K7: 0 | L7: 0 | M7: 0 | N7: 0 | O7: 0 | P7: 0 | Q7: 0 | R7: 0 | S7: 0 | T7: 0 | U7: 0 | V7: 0 | W7: 0 | X7: 0 | Y7: 0 | Z7: 0 | AA7: 0 | AB7: 0
C11: Iniciativas Condicionales
C13: 2010 | D13: 2011 | E13: 2012 | F13: 2013 | G13: 2014 | H13: 2015 | I13: 2016 | J13: 2017 | K13: 2018 | L13: 2019 | M13: 2020 | N13: 2021 | O13: 2022 | P13: 2023 | Q13: 2024 | R13: 2025 | S13: 2026 | T13: 2027 | U13: 2028 | V13: 2029 | W13: 2030 | X13: 2031 | Y13: 2032 | Z13: 2033 | AA13: 2034 | AB13: 2035
B14: 1 | C14: 0 | D14: 0 | E14: 0 | F14: 0 | G14: 0 | H14: 0 | I14: 0 | J14: 0 | K14: 0 | L14: 0 | M14: 0 | N14: 0 | O14: 0 | P14: 0 | Q14: 0 | R14: 0 | S14: 0.4 | T14: 0.8 | U14: 1.2 | V14: 1.6 | W14: 2 | X14: 2.4 | Y14: 2.8 | Z14: 3.2 | AA14: 3.6 | AB14: 4
C19: 2010 | D19: 2011 | E19: 2012 | F19: 2013 | G19: 2014 | H19: 2015 | I19: 2016 | J19: 2017 | K19: 2018 | L19: 2019 | M19: 2020 | N19: 2021 | O19: 2022 | P19: 2023 | Q19: 2024 | R19: 2025 | S19: 2026 | T19: 2027 | U19: 2028 | V19: 2029 | W19: 2030 | X19: 2031 | Y19: 2032 | Z19: 2033 | AA19: 2034 | AB19: 2035
B20: NDC Incondicional de la 2da NDC (5ta Comunicación) | C20: =C7 -> 0 | D20: =D7 -> 0 | E20: =E7 -> 0 | F20: =F7 -> 0 | G20: =G7 -> 0 | H20: =H7 -> 0 | I20: =I7 -> 0 | J20: =J7 -> 0 | ... AB20: =AB7 -> 0
B21: NDC Incondicional + Condicional de la 2da NDC (5ta Comunicación) | C21: =C7+C14 -> 0 | D21: =D7+D14 -> 0 | E21: =E7+E14 -> 0 | F21: =F7+F14 -> 0 | G21: =G7+G14 -> 0 | H21: =H7+H14 -> 0 | I21: =I7+I14 -> 0 | J21: =J7+J14 -> 0 | ... AB21: =AB7+AB14 -> 4
R23: MtCO2e | S23: =S21/1000 -> 0.0004 | T23: =T21/1000 -> 0.0008 | U23: =U21/1000 -> 0.0012 | V23: =V21/1000 -> 0.0016 | W23: =W21/1000 -> 0.002 | X23: =X21/1000 -> 0.0024 | Y23: =Y21/1000 -> 0.0028 | Z23: =Z21/1000 -> 0.0032 | ... AB23: =AB21/1000 -> 0.004
R24: Mt | S24: =S23/S30 -> 0.00026357406 | T24: =T23/T30 -> 0.00050213407 | U24: =U23/U30 -> 0.00071787509 | V24: =V23/V30 -> 0.00091282519 | W24: =W23/W30 -> 0.0010871929 | X24: =X23/X30 -> 0.001244039 | Y24: =Y23/Y30 -> 0.0013831259 | Z24: =Z23/Z30 -> 0.0015077271 | ... AB24: =AB23/AB30 -> 0.0017129154
B26: ORIGINAL
C28: 2010 | D28: 2011 | E28: 2012 | F28: 2013 | G28: 2014 | H28: 2015 | I28: 2016 | J28: 2017 | K28: 2018 | L28: 2019 | M28: 2020 | N28: 2021 | O28: 2022 | P28: 2023 | Q28: 2024 | R28: 2025 | S28: 2026 | T28: 2027 | U28: 2028 | V28: 2029 | W28: 2030 | X28: 2031 | Y28: 2032 | Z28: 2033 | AA28: 2034 | AB28: 2035
B29: Actividad [Mt residuos] | C29: 1.2472 | D29: 1.354 | E29: 1.4482 | F29: 1.5746 | G29: 1.7108 | H29: 1.9967 | I29: 2.218 | J29: 2.3477 | K29: 2.4618 | L29: 2.4778 | M29: 2.4921 | N29: 2.6399 | O29: 2.7492 | P29: 2.9082 | Q29: 3.0701 | R29: 3.2348 | S29: 3.4022 | T29: 3.5721 | U29: 3.7446 | V29: 3.9197 | W29: 4.097 | X29: 4.177 | Y29: 4.2571 | Z29: 4.3372 | AA29: 4.4173 | AB29: 4.4973
B30: FE bruto [MtCO2e/Mt residuos] | C30: 0.7155 | D30: 0.7628 | E30: 0.8102 | F30: 0.781 | G30: 0.7519 | H30: 0.8615 | I30: 0.9712 | J30: 1.0372 | K30: 1.1033 | L30: 1.1696 | M30: 1.2358 | N30: 1.2497 | O30: 1.2548 | P30: 1.316 | Q30: 1.3804 | R30: 1.4476 | S30: 1.5176 | T30: 1.5932 | U30: 1.6716 | V30: 1.7528 | W30: 1.8396 | X30: 1.9292 | Y30: 2.0244 | Z30: 2.1224 | AA30: 2.226 | AB30: 2.3352
B31: FE bruto [MtCO2/Mt residuos] | C31: 0 | D31: 0 | E31: 0 | F31: 0 | G31: 0 | H31: 0 | I31: 0 | J31: 0 | K31: 0 | L31: 0 | M31: 0 | N31: 0 | O31: 0 | P31: 0 | Q31: 0 | R31: 0 | S31: 0 | T31: 0 | U31: 0 | V31: 0 | W31: 0 | X31: 0 | Y31: 0 | Z31: 0 | AA31: 0 | AB31: 0
B32: FE bruto [MtCH4/Mt residuos] | C32: 0.0256 | D32: 0.0272 | E32: 0.0289 | F32: 0.0279 | G32: 0.0269 | H32: 0.0308 | I32: 0.0347 | J32: 0.037 | K32: 0.0394 | L32: 0.0418 | M32: 0.0441 | N32: 0.0446 | O32: 0.0448 | P32: 0.047 | Q32: 0.0493 | R32: 0.0517 | S32: 0.0542 | T32: 0.0569 | U32: 0.0597 | V32: 0.0626 | W32: 0.0657 | X32: 0.0689 | Y32: 0.0723 | Z32: 0.0758 | AA32: 0.0795 | AB32: 0.0834
B33: FE bruto [MtN2O/Mt residuos] | C33: 0 | D33: 0 | E33: 0 | F33: 0 | G33: 0 | H33: 0 | I33: 0 | J33: 0 | K33: 0 | L33: 0 | M33: 0 | N33: 0 | O33: 0 | P33: 0 | Q33: 0 | R33: 0 | S33: 0 | T33: 0 | U33: 0 | V33: 0 | W33: 0 | X33: 0 | Y33: 0 | Z33: 0 | AA33: 0 | AB33: 0
B34: Emisiones brutas [MtCO2e] | C34: 0.8923716 | D34: 1.0328312 | E34: 1.1733316 | F34: 1.2297626 | G34: 1.2863505 | H34: 1.7201571 | I34: 2.1541216 | J34: 2.4350344 | K34: 2.7161039 | L34: 2.8980349 | M34: 3.0797372 | N34: 3.299083 | O34: 3.4496962 | P34: 3.8271912 | Q34: 4.237966 | R34: 4.6826965 | S34: 5.1631787 | T34: 5.6910697 | U34: 6.2594734 | V34: 6.8704502 | W34: 7.5368412 | X34: 8.0582684 | Y34: 8.6180732 | Z34: 9.2052733 | AA34: 9.8329098 | AB34: 10.502095
B35: Emisiones brutas [MtCO2] | C35: 0 | D35: 0 | E35: 0 | F35: 0 | G35: 0 | H35: 0 | I35: 0 | J35: 0 | K35: 0 | L35: 0 | M35: 0 | N35: 0 | O35: 0 | P35: 0 | Q35: 0 | R35: 0 | S35: 0 | T35: 0 | U35: 0 | V35: 0 | W35: 0 | X35: 0 | Y35: 0 | Z35: 0 | AA35: 0 | AB35: 0
B36: Emisiones brutas [MtCH4] | C36: 0.03192832 | D36: 0.0368288 | E36: 0.04185298 | F36: 0.04393134 | G36: 0.04602052 | H36: 0.06149836 | I36: 0.0769646 | J36: 0.0868649 | K36: 0.09699492 | L36: 0.10357204 | M36: 0.10990161 | N36: 0.11773954 | O36: 0.12316416 | P36: 0.1366854 | Q36: 0.15135593 | R36: 0.16723916 | S36: 0.18439924 | T36: 0.20325249 | U36: 0.22355262 | V36: 0.24537322 | W36: 0.2691729 | X36: 0.2877953 | Y36: 0.30778833 | Z36: 0.32875976 | AA36: 0.35117535 | AB36: 0.37507482
B37: Emisiones brutas [MtN2O] | C37: 0 | D37: 0 | E37: 0 | F37: 0 | G37: 0 | H37: 0 | I37: 0 | J37: 0 | K37: 0 | L37: 0 | M37: 0 | N37: 0 | O37: 0 | P37: 0 | Q37: 0 | R37: 0 | S37: 0 | T37: 0 | U37: 0 | V37: 0 | W37: 0 | X37: 0 | Y37: 0 | Z37: 0 | AA37: 0 | AB37: 0
B40: REDUCCION INCLUIDA EN LANDFILL
C43: 2010 | D43: 2011 | E43: 2012 | F43: 2013 | G43: 2014 | H43: 2015 | I43: 2016 | J43: 2017 | K43: 2018 | L43: 2019 | M43: 2020 | N43: 2021 | O43: 2022 | P43: 2023 | Q43: 2024 | R43: 2025 | S43: 2026 | T43: 2027 | U43: 2028 | V43: 2029 | W43: 2030 | X43: 2031 | Y43: 2032 | Z43: 2033 | AA43: 2034 | AB43: 2035
B44: Actividad [Mt residuos] | C44: 1.2472 | D44: 1.354 | E44: 1.4482 | F44: 1.5746 | G44: 1.7108 | H44: 1.9967 | I44: 2.218 | J44: 2.3477 | K44: 2.4618 | L44: 2.4778 | M44: 2.4921 | N44: 2.6399 | O44: 2.7492 | P44: 2.9082 | Q44: 3.0701 | R44: 3.2348 | S44: =ROUND(S29-S24,4) -> 3.4019 | T44: =ROUND(T29-T24,4) -> 3.5716 | U44: =ROUND(U29-U24,4) -> 3.7439 | V44: =ROUND(V29-V24,4) -> 3.9188 | W44: =ROUND(W29-W24,4) -> 4.0959 | X44: =ROUND(X29-X24,4) -> 4.1758 | Y44: =ROUND(Y29-Y24,4) -> 4.2557 | Z44: =ROUND(Z29-Z24,4) -> 4.3357 | ... AB44: =ROUND(AB29-AB24,4) -> 4.4956
B45: FE [MtCO2e/Mt residuos] | C45: 0.7155 | D45: 0.7628 | E45: 0.8102 | F45: 0.781 | G45: 0.7519 | H45: 0.8615 | I45: 0.9712 | J45: 1.0372 | K45: 1.1033 | L45: 1.1696 | M45: 1.2358 | N45: 1.2497 | O45: 1.2548 | P45: 1.316 | Q45: 1.3804 | R45: 1.4476 | S45: 1.5176 | T45: 1.5932 | U45: 1.6716 | V45: 1.7528 | W45: 1.8396 | X45: 1.9292 | Y45: 2.0244 | Z45: 2.1224 | AA45: 2.226 | AB45: 2.3352
B46: FE [MtCO2/Mt residuos] | C46: 0 | D46: 0 | E46: 0 | F46: 0 | G46: 0 | H46: 0 | I46: 0 | J46: 0 | K46: 0 | L46: 0 | M46: 0 | N46: 0 | O46: 0 | P46: 0 | Q46: 0 | R46: 0 | S46: 0 | T46: 0 | U46: 0 | V46: 0 | W46: 0 | X46: 0 | Y46: 0 | Z46: 0 | AA46: 0 | AB46: 0
B47: FE [MtCH4/Mt residuos] | C47: 0.0256 | D47: 0.0272 | E47: 0.0289 | F47: 0.0279 | G47: 0.0269 | H47: 0.0308 | I47: 0.0347 | J47: 0.037 | K47: 0.0394 | L47: 0.0418 | M47: 0.0441 | N47: 0.0446 | O47: 0.0448 | P47: 0.047 | Q47: 0.0493 | R47: 0.0517 | S47: 0.0542 | T47: 0.0569 | U47: 0.0597 | V47: 0.0626 | W47: 0.0657 | X47: 0.0689 | Y47: 0.0723 | Z47: 0.0758 | AA47: 0.0795 | AB47: 0.0834
B48: FE [MtN2O/Mt residuos] | C48: 0 | D48: 0 | E48: 0 | F48: 0 | G48: 0 | H48: 0 | I48: 0 | J48: 0 | K48: 0 | L48: 0 | M48: 0 | N48: 0 | O48: 0 | P48: 0 | Q48: 0 | R48: 0 | S48: 0 | T48: 0 | U48: 0 | V48: 0 | W48: 0 | X48: 0 | Y48: 0 | Z48: 0 | AA48: 0 | AB48: 0
B49: Emisiones [MtCO2e] | C49: =C44*C45 -> 0.8923716 | D49: =D44*D45 -> 1.0328312 | E49: =E44*E45 -> 1.1733316 | F49: =F44*F45 -> 1.2297626 | G49: =G44*G45 -> 1.2863505 | H49: =H44*H45 -> 1.7201571 | I49: =I44*I45 -> 2.1541216 | J49: =J44*J45 -> 2.4350344 | ... AB49: =AB44*AB45 -> 10.498125
B50: Emisiones [MtCO2] | C50: =C44*C46 -> 0 | D50: =D44*D46 -> 0 | E50: =E44*E46 -> 0 | F50: =F44*F46 -> 0 | G50: =G44*G46 -> 0 | H50: =H44*H46 -> 0 | I50: =I44*I46 -> 0 | J50: =J44*J46 -> 0 | ... AB50: =AB44*AB46 -> 0
B51: Emisiones [MtCH4] | C51: =C44*C47 -> 0.03192832 | D51: =D44*D47 -> 0.0368288 | E51: =E44*E47 -> 0.04185298 | F51: =F44*F47 -> 0.04393134 | G51: =G44*G47 -> 0.04602052 | H51: =H44*H47 -> 0.06149836 | I51: =I44*I47 -> 0.0769646 | J51: =J44*J47 -> 0.0868649 | ... AB51: =AB44*AB47 -> 0.37493304
B52: Emisiones [MtN2O] | C52: =C44*C48 -> 0 | D52: =D44*D48 -> 0 | E52: =E44*E48 -> 0 | F52: =F44*F48 -> 0 | G52: =G44*G48 -> 0 | H52: =H44*H48 -> 0 | I52: =I44*I48 -> 0 | J52: =J44*J48 -> 0 | ... AB52: =AB44*AB48 -> 0
B56: REDUCCIÓN TOTAL NACIONAL
B58: Original | C58: 4.0672 | D58: 4.2162 | E58: 4.3482 | F58: 4.9634 | G58: 5.6248 | H58: 5.2972 | I58: 5.0569 | J58: 5.0416 | K58: 5.0421 | L58: 5.0625 | M58: 5.0826 | N58: 5.2141 | O58: 5.4172 | P58: 5.7307 | Q58: 6.0498 | R58: 6.3742 | S58: 6.704 | T58: 7.0389 | U58: 7.3788 | V58: 7.7238 | W58: 8.0731 | X58: 8.2308 | Y58: 8.3887 | Z58: 8.5465 | AA58: 8.7043 | AB58: 8.862
B59: Reducida | C59: =C58 -> 4.0672 | D59: =D58 -> 4.2162 | E59: =E58 -> 4.3482 | F59: =F58 -> 4.9634 | G59: =G58 -> 5.6248 | H59: =H58 -> 5.2972 | I59: =I58 -> 5.0569 | J59: =J58 -> 5.0416 | ... R59: =R58 -> 6.3742 | S59: =ROUND(S58-S24,4) -> 6.7037 | T59: =ROUND(T58-T24,4) -> 7.0384 | U59: =ROUND(U58-U24,4) -> 7.3781 | V59: =ROUND(V58-V24,4) -> 7.7229 | W59: =ROUND(W58-W24,4) -> 8.072 | X59: =ROUND(X58-X24,4) -> 8.2296 | Y59: =ROUND(Y58-Y24,4) -> 8.3873 | Z59: =ROUND(Z58-Z24,4) -> 8.545 | ... AB59: =ROUND(AB58-AB24,4) -> 8.8603

Sheet Ini_I_Compostaje
C4: Iniciativas Incondicionales
C6: 2010 | D6: 2011 | E6: 2012 | F6: 2013 | G6: 2014 | H6: 2015 | I6: 2016 | J6: 2017 | K6: 2018 | L6: 2019 | M6: 2020 | N6: 2021 | O6: 2022 | P6: 2023 | Q6: 2024 | R6: 2025 | S6: 2026 | T6: 2027 | U6: 2028 | V6: 2029 | W6: 2030 | X6: 2031 | Y6: 2032 | Z6: 2033 | AA6: 2034 | AB6: 2035
B7: 1 | C7: 0 | D7: 0 | E7: 0 | F7: 0 | G7: 0 | H7: 0 | I7: 0 | J7: 0 | K7: 0 | L7: 0 | M7: 0 | N7: 0 | O7: 0 | P7: 0 | Q7: 0 | R7: 0 | S7: 1.1 | T7: 2.2 | U7: 3.3 | V7: 4.4 | W7: 5.5 | X7: 6.6 | Y7: 7.7 | Z7: 8.8 | AA7: 9.9 | AB7: 11
C11: Iniciativas Condicionales
C13: 2010 | D13: 2011 | E13: 2012 | F13: 2013 | G13: 2014 | H13: 2015 | I13: 2016 | J13: 2017 | K13: 2018 | L13: 2019 | M13: 2020 | N13: 2021 | O13: 2022 | P13: 2023 | Q13: 2024 | R13: 2025 | S13: 2026 | T13: 2027 | U13: 2028 | V13: 2029 | W13: 2030 | X13: 2031 | Y13: 2032 | Z13: 2033 | AA13: 2034 | AB13: 2035
B14: 1 | C14: 0 | D14: 0 | E14: 0 | F14: 0 | G14: 0 | H14: 0 | I14: 0 | J14: 0 | K14: 0 | L14: 0 | M14: 0 | N14: 0 | O14: 0 | P14: 0 | Q14: 0 | R14: 0 | S14: 0 | T14: 0 | U14: 0.30625 | V14: 0.6125 | W14: 0.91875 | X14: 1.225 | Y14: 1.53125 | Z14: 1.8375 | AA14: 2.14375 | AB14: 2.45
B15: 2 | C15: 0 | D15: 0 | E15: 0 | F15: 0 | G15: 0 | H15: 0 | I15: 0 | J15: 0 | K15: 0 | L15: 0 | M15: 0 | N15: 0 | O15: 0 | P15: 0 | Q15: 0 | R15: 0 | S15: 0 | T15: 0 | U15: 0.625 | V15: 1.25 | W15: 1.875 | X15: 2.5 | Y15: 3.125 | Z15: 3.75 | AA15: 4.375 | AB15: 5
C20: 2010 | D20: 2011 | E20: 2012 | F20: 2013 | G20: 2014 | H20: 2015 | I20: 2016 | J20: 2017 | K20: 2018 | L20: 2019 | M20: 2020 | N20: 2021 | O20: 2022 | P20: 2023 | Q20: 2024 | R20: 2025 | S20: 2026 | T20: 2027 | U20: 2028 | V20: 2029 | W20: 2030 | X20: 2031 | Y20: 2032 | Z20: 2033 | AA20: 2034 | AB20: 2035
B21: NDC Incondicional de la 2da NDC (5ta Comunicación) | C21: =C7 -> 0 | D21: =D7 -> 0 | E21: =E7 -> 0 | F21: =F7 -> 0 | G21: =G7 -> 0 | H21: =H7 -> 0 | I21: =I7 -> 0 | J21: =J7 -> 0 | ... AB21: =AB7 -> 11
B22: NDC Incondicional + Condicional de la 2da NDC (5ta Comunicación) | C22: =C7+C14+C15 -> 0 | D22: =D7+D14+D15 -> 0 | E22: =E7+E14+E15 -> 0 | F22: =F7+F14+F15 -> 0 | G22: =G7+G14+G15 -> 0 | H22: =H7+H14+H15 -> 0 | I22: =I7+I14+I15 -> 0 | J22: =J7+J14+J15 -> 0 | ... AB22: =AB7+AB14+AB15 -> 18.45
C24: 2010 | D24: 2011 | E24: 2012 | F24: 2013 | G24: 2014 | H24: 2015 | I24: 2016 | J24: 2017 | K24: 2018 | L24: 2019 | M24: 2020 | N24: 2021 | O24: 2022 | P24: 2023 | Q24: 2024 | R24: 2025 | S24: 2026 | T24: 2027 | U24: 2028 | V24: 2029 | W24: 2030 | X24: 2031 | Y24: 2032 | Z24: 2033 | AA24: 2034 | AB24: 2035
B25: NDC Incondicional de la 2da NDC (5ta Comunicación) | C25: 0 | D25: 0 | E25: 0 | F25: 0 | G25: 0 | H25: 0 | I25: 0 | J25: 0 | K25: 0 | L25: 0 | M25: 0 | N25: 0 | O25: 0 | P25: 0 | Q25: 0 | R25: -4.4408921e-16 | S25: 1.36 | T25: 2.72 | U25: 4.08 | V25: 5.44 | W25: 6.8 | X25: 8.16 | Y25: 9.52 | Z25: 10.88 | AA25: 12.24 | AB25: 13.6
B26: NDC Incondicional + Condicional de la 2da NDC (5ta Comunicación)
B29: ORIGINAL LANDFILL
C31: 2010 | D31: 2011 | E31: 2012 | F31: 2013 | G31: 2014 | H31: 2015 | I31: 2016 | J31: 2017 | K31: 2018 | L31: 2019 | M31: 2020 | N31: 2021 | O31: 2022 | P31: 2023 | Q31: 2024 | R31: 2025 | S31: 2026 | T31: 2027 | U31: 2028 | V31: 2029 | W31: 2030 | X31: 2031 | Y31: 2032 | Z31: 2033 | AA31: 2034 | AB31: 2035
B32: Actividad [Mt residuos] | C32: 1.2472 | D32: 1.354 | E32: 1.4482 | F32: 1.5746 | G32: 1.7108 | H32: 1.9967 | I32: 2.218 | J32: 2.3477 | K32: 2.4618 | L32: 2.4778 | M32: 2.4921 | N32: 2.6399 | O32: 2.7492 | P32: 2.9082 | Q32: 3.0701 | R32: 3.2348 | S32: 3.4022 | T32: 3.5721 | U32: 3.7446 | V32: 3.9197 | W32: 4.097 | X32: 4.177 | Y32: 4.2571 | Z32: 4.3372 | AA32: 4.4173 | AB32: 4.4973
B33: FE bruto [MtCO2e/Mt residuos] | C33: 0.7155 | D33: 0.7628 | E33: 0.8102 | F33: 0.781 | G33: 0.7519 | H33: 0.8615 | I33: 0.9712 | J33: 1.0372 | K33: 1.1033 | L33: 1.1696 | M33: 1.2358 | N33: 1.2497 | O33: 1.2548 | P33: 1.316 | Q33: 1.3804 | R33: 1.4476 | S33: 1.5176 | T33: 1.5932 | U33: 1.6716 | V33: 1.7528 | W33: 1.8396 | X33: 1.9292 | Y33: 2.0244 | Z33: 2.1224 | AA33: 2.226 | AB33: 2.3352
B34: FE bruto [MtCO2/Mt residuos] | C34: 0 | D34: 0 | E34: 0 | F34: 0 | G34: 0 | H34: 0 | I34: 0 | J34: 0 | K34: 0 | L34: 0 | M34: 0 | N34: 0 | O34: 0 | P34: 0 | Q34: 0 | R34: 0 | S34: 0 | T34: 0 | U34: 0 | V34: 0 | W34: 0 | X34: 0 | Y34: 0 | Z34: 0 | AA34: 0 | AB34: 0
B35: FE bruto [MtCH4/Mt residuos] | C35: 0.0256 | D35: 0.0272 | E35: 0.0289 | F35: 0.0279 | G35: 0.0269 | H35: 0.0308 | I35: 0.0347 | J35: 0.037 | K35: 0.0394 | L35: 0.0418 | M35: 0.0441 | N35: 0.0446 | O35: 0.0448 | P35: 0.047 | Q35: 0.0493 | R35: 0.0517 | S35: 0.0542 | T35: 0.0569 | U35: 0.0597 | V35: 0.0626 | W35: 0.0657 | X35: 0.0689 | Y35: 0.0723 | Z35: 0.0758 | AA35: 0.0795 | AB35: 0.0834
B36: FE bruto [MtN2O/Mt residuos] | C36: 0 | D36: 0 | E36: 0 | F36: 0 | G36: 0 | H36: 0 | I36: 0 | J36: 0 | K36: 0 | L36: 0 | M36: 0 | N36: 0 | O36: 0 | P36: 0 | Q36: 0 | R36: 0 | S36: 0 | T36: 0 | U36: 0 | V36: 0 | W36: 0 | X36: 0 | Y36: 0 | Z36: 0 | AA36: 0 | AB36: 0
B37: Emisiones brutas [MtCO2e] | C37: 0.8923716 | D37: 1.0328312 | E37: 1.1733316 | F37: 1.2297626 | G37: 1.2863505 | H37: 1.7201571 | I37: 2.1541216 | J37: 2.4350344 | K37: 2.7161039 | L37: 2.8980349 | M37: 3.0797372 | N37: 3.299083 | O37: 3.4496962 | P37: 3.8271912 | Q37: 4.237966 | R37: 4.6826965 | S37: 5.1631787 | T37: 5.6910697 | U37: 6.2594734 | V37: 6.8704502 | W37: 7.5368412 | X37: 8.0582684 | Y37: 8.6180732 | Z37: 9.2052733 | AA37: 9.8329098 | AB37: 10.502095
B38: Emisiones brutas [MtCO2] | C38: 0 | D38: 0 | E38: 0 | F38: 0 | G38: 0 | H38: 0 | I38: 0 | J38: 0 | K38: 0 | L38: 0 | M38: 0 | N38: 0 | O38: 0 | P38: 0 | Q38: 0 | R38: 0 | S38: 0 | T38: 0 | U38: 0 | V38: 0 | W38: 0 | X38: 0 | Y38: 0 | Z38: 0 | AA38: 0 | AB38: 0
B39: Emisiones brutas [MtCH4] | C39: 0.03192832 | D39: 0.0368288 | E39: 0.04185298 | F39: 0.04393134 | G39: 0.04602052 | H39: 0.06149836 | I39: 0.0769646 | J39: 0.0868649 | K39: 0.09699492 | L39: 0.10357204 | M39: 0.10990161 | N39: 0.11773954 | O39: 0.12316416 | P39: 0.1366854 | Q39: 0.15135593 | R39: 0.16723916 | S39: 0.18439924 | T39: 0.20325249 | U39: 0.22355262 | V39: 0.24537322 | W39: 0.2691729 | X39: 0.2877953 | Y39: 0.30778833 | Z39: 0.32875976 | AA39: 0.35117535 | AB39: 0.37507482
B40: Emisiones brutas [MtN2O] | C40: 0 | D40: 0 | E40: 0 | F40: 0 | G40: 0 | H40: 0 | I40: 0 | J40: 0 | K40: 0 | L40: 0 | M40: 0 | N40: 0 | O40: 0 | P40: 0 | Q40: 0 | R40: 0 | S40: 0 | T40: 0 | U40: 0 | V40: 0 | W40: 0 | X40: 0 | Y40: 0 | Z40: 0 | AA40: 0 | AB40: 0
P43: Diferencia en Mt
B44: LANDFILL MENOS COMPOSTAJE DE INCONDICIONAL | C44: =C32-C47 -> 0 | D44: =D32-D47 -> 0 | E44: =E32-E47 -> 0 | F44: =F32-F47 -> 0 | G44: =G32-G47 -> 0 | H44: =H32-H47 -> 0 | I44: =I32-I47 -> 0 | J44: =J32-J47 -> 0 | ... AB44: =AB32-AB47 -> 0.0058
C46: 2010 | D46: 2011 | E46: 2012 | F46: 2013 | G46: 2014 | H46: 2015 | I46: 2016 | J46: 2017 | K46: 2018 | L46: 2019 | M46: 2020 | N46: 2021 | O46: 2022 | P46: 2023 | Q46: 2024 | R46: 2025 | S46: 2026 | T46: 2027 | U46: 2028 | V46: 2029 | W46: 2030 | X46: 2031 | Y46: 2032 | Z46: 2033 | AA46: 2034 | AB46: 2035
B47: Actividad [Mt residuos] | C47: =ROUND(C52/C48,4) -> 1.2472 | D47: =ROUND(D52/D48,4) -> 1.354 | E47: =ROUND(E52/E48,4) -> 1.4482 | F47: =ROUND(F52/F48,4) -> 1.5746 | G47: =ROUND(G52/G48,4) -> 1.7108 | H47: =ROUND(H52/H48,4) -> 1.9967 | I47: =ROUND(I52/I48,4) -> 2.218 | J47: =ROUND(J52/J48,4) -> 2.3477 | ... AB47: =ROUND(AB52/AB48,4) -> 4.4915
B48: FE [MtCO2e/Mt residuos] | C48: 0.7155 | D48: 0.7628 | E48: 0.8102 | F48: 0.781 | G48: 0.7519 | H48: 0.8615 | I48: 0.9712 | J48: 1.0372 | K48: 1.1033 | L48: 1.1696 | M48: 1.2358 | N48: 1.2497 | O48: 1.2548 | P48: 1.316 | Q48: 1.3804 | R48: 1.4476 | S48: 1.5176 | T48: 1.5932 | U48: 1.6716 | V48: 1.7528 | W48: 1.8396 | X48: 1.9292 | Y48: 2.0244 | Z48: 2.1224 | AA48: 2.226 | AB48: 2.3352
B49: FE [MtCO2/Mt residuos] | C49: 0 | D49: 0 | E49: 0 | F49: 0 | G49: 0 | H49: 0 | I49: 0 | J49: 0 | K49: 0 | L49: 0 | M49: 0 | N49: 0 | O49: 0 | P49: 0 | Q49: 0 | R49: 0 | S49: 0 | T49: 0 | U49: 0 | V49: 0 | W49: 0 | X49: 0 | Y49: 0 | Z49: 0 | AA49: 0 | AB49: 0
B50: FE [MtCH4/Mt residuos] | C50: 0.0256 | D50: 0.0272 | E50: 0.0289 | F50: 0.0279 | G50: 0.0269 | H50: 0.0308 | I50: 0.0347 | J50: 0.037 | K50: 0.0394 | L50: 0.0418 | M50: 0.0441 | N50: 0.0446 | O50: 0.0448 | P50: 0.047 | Q50: 0.0493 | R50: 0.0517 | S50: 0.0542 | T50: 0.0569 | U50: 0.0597 | V50: 0.0626 | W50: 0.0657 | X50: 0.0689 | Y50: 0.0723 | Z50: 0.0758 | AA50: 0.0795 | AB50: 0.0834
B51: FE [MtN2O/Mt residuos] | C51: 0 | D51: 0 | E51: 0 | F51: 0 | G51: 0 | H51: 0 | I51: 0 | J51: 0 | K51: 0 | L51: 0 | M51: 0 | N51: 0 | O51: 0 | P51: 0 | Q51: 0 | R51: 0 | S51: 0 | T51: 0 | U51: 0 | V51: 0 | W51: 0 | X51: 0 | Y51: 0 | Z51: 0 | AA51: 0 | AB51: 0
B52: Emisiones [MtCO2e] | C52: =C37-(C21/1000) -> 0.8923716 | D52: =D37-(D21/1000) -> 1.0328312 | E52: =E37-(E21/1000) -> 1.1733316 | F52: =F37-(F21/1000) -> 1.2297626 | G52: =G37-(G21/1000) -> 1.2863505 | H52: =H37-(H21/1000) -> 1.7201571 | I52: =I37-(I21/1000) -> 2.1541216 | J52: =J37-(J21/1000) -> 2.4350344 | ... AA52: =AA37-(AA21/1000) -> 9.8230098 | AB52: =AB37-(AB25/1000) -> 10.488495
B53: Emisiones [MtCO2] | C53: 0 | D53: 0 | E53: 0 | F53: 0 | G53: 0 | H53: 0 | I53: 0 | J53: 0 | K53: 0 | L53: 0 | M53: 0 | N53: 0 | O53: 0 | P53: 0 | Q53: 0 | R53: 0 | S53: 0 | T53: 0 | U53: 0 | V53: 0 | W53: 0 | X53: 0 | Y53: 0 | Z53: 0 | AA53: 0 | AB53: 0
B54: Emisiones [MtCH4] | C54: =C52/28 -> 0.031870414 | D54: =D52/28 -> 0.036886829 | E54: =E52/28 -> 0.041904701 | F54: =F52/28 -> 0.043920093 | G54: =G52/28 -> 0.04594109 | H54: =H52/28 -> 0.06143418 | I54: =I52/28 -> 0.076932914 | J54: =J52/28 -> 0.086965516 | ... AB54: =AB52/28 -> 0.37458911
B55: Emisiones [MtN2O] | C55: 0 | D55: 0 | E55: 0 | F55: 0 | G55: 0 | H55: 0 | I55: 0 | J55: 0 | K55: 0 | L55: 0 | M55: 0 | N55: 0 | O55: 0 | P55: 0 | Q55: 0 | R55: 0 | S55: 0 | T55: 0 | U55: 0 | V55: 0 | W55: 0 | X55: 0 | Y55: 0 | Z55: 0 | AA55: 0 | AB55: 0
C57: =C37-C52 -> 0 | D57: =D37-D52 -> 0 | E57: =E37-E52 -> 0 | F57: =F37-F52 -> 0 | G57: =G37-G52 -> 0 | H57: =H37-H52 -> 0 | I57: =I37-I52 -> 0 | J57: =J37-J52 -> 0 | ... AB57: =AB37-AB52 -> 0.0136
B61: ORIGINAL Compostaje
C62: 2010 | D62: 2011 | E62: 2012 | F62: 2013 | G62: 2014 | H62: 2015 | I62: 2016 | J62: 2017 | K62: 2018 | L62: 2019 | M62: 2020 | N62: 2021 | O62: 2022 | P62: 2023 | Q62: 2024 | R62: 2025 | S62: 2026 | T62: 2027 | U62: 2028 | V62: 2029 | W62: 2030 | X62: 2031 | Y62: 2032 | Z62: 2033 | AA62: 2034 | AB62: 2035
B63: Actividad [Mt residuos] | C63: 0.0055 | D63: 0.0064 | E63: 0.0073 | F63: 0.0222 | G63: 0.0372 | H63: 0.0322 | I63: 0.0272 | J63: 0.0305 | K63: 0.0338 | L63: 0.0353 | M63: 0.0368 | N63: 0.0385 | O63: 0.0337 | P63: 0.0356 | Q63: 0.0376 | R63: 0.0396 | S63: 0.0417 | T63: 0.0437 | U63: 0.0459 | V63: 0.048 | W63: 0.0502 | X63: 0.0512 | Y63: 0.0521 | Z63: 0.0531 | AA63: 0.0541 | AB63: 0.0551
B64: FE [MtCO2e/Mt residuos] | C64: 0.1915 | D64: 0.1915 | E64: 0.1915 | F64: 0.1915 | G64: 0.1915 | H64: 0.1915 | I64: 0.1915 | J64: 0.1915 | K64: 0.1915 | L64: 0.1915 | M64: 0.1915 | N64: 0.1915 | O64: 0.1915 | P64: 0.1915 | Q64: 0.1915 | R64: 0.1915 | S64: 0.1915 | T64: 0.1915 | U64: 0.1915 | V64: 0.1915 | W64: 0.1915 | X64: 0.1915 | Y64: 0.1915 | Z64: 0.1915 | AA64: 0.1915 | AB64: 0.1915
B65: FE [MtCO2/Mt residuos] | C65: 0 | D65: 0 | E65: 0 | F65: 0 | G65: 0 | H65: 0 | I65: 0 | J65: 0 | K65: 0 | L65: 0 | M65: 0 | N65: 0 | O65: 0 | P65: 0 | Q65: 0 | R65: 0 | S65: 0 | T65: 0 | U65: 0 | V65: 0 | W65: 0 | X65: 0 | Y65: 0 | Z65: 0 | AA65: 0 | AB65: 0
B66: FE [MtCH4/Mt residuos] | C66: 0.004 | D66: 0.004 | E66: 0.004 | F66: 0.004 | G66: 0.004 | H66: 0.004 | I66: 0.004 | J66: 0.004 | K66: 0.004 | L66: 0.004 | M66: 0.004 | N66: 0.004 | O66: 0.004 | P66: 0.004 | Q66: 0.004 | R66: 0.004 | S66: 0.004 | T66: 0.004 | U66: 0.004 | V66: 0.004 | W66: 0.004 | X66: 0.004 | Y66: 0.004 | Z66: 0.004 | AA66: 0.004 | AB66: 0.004
B67: FE [MtN2O/Mt residuos] | C67: 0.0003 | D67: 0.0003 | E67: 0.0003 | F67: 0.0003 | G67: 0.0003 | H67: 0.0003 | I67: 0.0003 | J67: 0.0003 | K67: 0.0003 | L67: 0.0003 | M67: 0.0003 | N67: 0.0003 | O67: 0.0003 | P67: 0.0003 | Q67: 0.0003 | R67: 0.0003 | S67: 0.0003 | T67: 0.0003 | U67: 0.0003 | V67: 0.0003 | W67: 0.0003 | X67: 0.0003 | Y67: 0.0003 | Z67: 0.0003 | AA67: 0.0003 | AB67: 0.0003
B68: Emisiones [MtCO2e] | C68: =C63*C64 -> 0.00105325 | D68: =D63*D64 -> 0.0012256 | E68: =E63*E64 -> 0.00139795 | F68: =F63*F64 -> 0.0042513 | G68: =G63*G64 -> 0.0071238 | H68: =H63*H64 -> 0.0061663 | I68: =I63*I64 -> 0.0052088 | J68: =J63*J64 -> 0.00584075 | ... AB68: =AB63*AB64 -> 0.01055165
B69: Emisiones [MtCO2] | C69: =C63*C65 -> 0 | D69: =D63*D65 -> 0 | E69: =E63*E65 -> 0 | F69: =F63*F65 -> 0 | G69: =G63*G65 -> 0 | H69: =H63*H65 -> 0 | I69: =I63*I65 -> 0 | J69: =J63*J65 -> 0 | ... AB69: =AB63*AB65 -> 0
B70: Emisiones [MtCH4] | C70: =C63*C66 -> 2.2e-05 | D70: =D63*D66 -> 2.56e-05 | E70: =E63*E66 -> 2.92e-05 | F70: =F63*F66 -> 8.88e-05 | G70: =G63*G66 -> 0.0001488 | H70: =H63*H66 -> 0.0001288 | I70: =I63*I66 -> 0.0001088 | J70: =J63*J66 -> 0.000122 | ... AB70: =AB63*AB66 -> 0.0002204
B71: Emisiones [MtN2O] | C71: =C63*C67 -> 1.65e-06 | D71: =D63*D67 -> 1.92e-06 | E71: =E63*E67 -> 2.19e-06 | F71: =F63*F67 -> 6.66e-06 | G71: =G63*G67 -> 1.116e-05 | H71: =H63*H67 -> 9.66e-06 | I71: =I63*I67 -> 8.16e-06 | J71: =J63*J67 -> 9.15e-06 | ... AB71: =AB63*AB67 -> 1.653e-05
B75: NDC Incondicional de la 2da NDC (5ta Comunicación) Compostaje
C77: 2010 | D77: 2011 | E77: 2012 | F77: 2013 | G77: 2014 | H77: 2015 | I77: 2016 | J77: 2017 | K77: 2018 | L77: 2019 | M77: 2020 | N77: 2021 | O77: 2022 | P77: 2023 | Q77: 2024 | R77: 2025 | S77: 2026 | T77: 2027 | U77: 2028 | V77: 2029 | W77: 2030 | X77: 2031 | Y77: 2032 | Z77: 2033 | AA77: 2034 | AB77: 2035
B78: Actividad [Mt residuos] | C78: =C63+C57 -> 0.0055 | D78: =D63+D57 -> 0.0064 | E78: =E63+E57 -> 0.0073 | F78: =F63+F57 -> 0.0222 | G78: =G63+G57 -> 0.0372 | H78: =H63+H57 -> 0.0322 | I78: =I63+I57 -> 0.0272 | J78: =J63+J57 -> 0.0305 | ... AB78: =AB63+AB57 -> 0.0687
B79: FE [MtCO2e/Mt residuos] | C79: 0.1915 | D79: 0.1915 | E79: 0.1915 | F79: 0.1915 | G79: 0.1915 | H79: 0.1915 | I79: 0.1915 | J79: 0.1915 | K79: 0.1915 | L79: 0.1915 | M79: 0.1915 | N79: 0.1915 | O79: 0.1915 | P79: 0.1915 | Q79: 0.1915 | R79: 0.1915 | S79: 0.1915 | T79: 0.1915 | U79: 0.1915 | V79: 0.1915 | W79: 0.1915 | X79: 0.1915 | Y79: 0.1915 | Z79: 0.1915 | AA79: 0.1915 | AB79: 0.1915
B80: FE [MtCO2/Mt residuos] | C80: 0 | D80: 0 | E80: 0 | F80: 0 | G80: 0 | H80: 0 | I80: 0 | J80: 0 | K80: 0 | L80: 0 | M80: 0 | N80: 0 | O80: 0 | P80: 0 | Q80: 0 | R80: 0 | S80: 0 | T80: 0 | U80: 0 | V80: 0 | W80: 0 | X80: 0 | Y80: 0 | Z80: 0 | AA80: 0 | AB80: 0
B81: FE [MtCH4/Mt residuos] | C81: 0.004 | D81: 0.004 | E81: 0.004 | F81: 0.004 | G81: 0.004 | H81: 0.004 | I81: 0.004 | J81: 0.004 | K81: 0.004 | L81: 0.004 | M81: 0.004 | N81: 0.004 | O81: 0.004 | P81: 0.004 | Q81: 0.004 | R81: 0.004 | S81: 0.004 | T81: 0.004 | U81: 0.004 | V81: 0.004 | W81: 0.004 | X81: 0.004 | Y81: 0.004 | Z81: 0.004 | AA81: 0.004 | AB81: 0.004
B82: FE [MtN2O/Mt residuos] | C82: 0.0003 | D82: 0.0003 | E82: 0.0003 | F82: 0.0003 | G82: 0.0003 | H82: 0.0003 | I82: 0.0003 | J82: 0.0003 | K82: 0.0003 | L82: 0.0003 | M82: 0.0003 | N82: 0.0003 | O82: 0.0003 | P82: 0.0003 | Q82: 0.0003 | R82: 0.0003 | S82: 0.0003 | T82: 0.0003 | U82: 0.0003 | V82: 0.0003 | W82: 0.0003 | X82: 0.0003 | Y82: 0.0003 | Z82: 0.0003 | AA82: 0.0003 | AB82: 0.0003
B83: Emisiones [MtCO2e] | C83: =C78*C79 -> 0.00105325 | D83: =D78*D79 -> 0.0012256 | E83: =E78*E79 -> 0.00139795 | F83: =F78*F79 -> 0.0042513 | G83: =G78*G79 -> 0.0071238 | H83: =H78*H79 -> 0.0061663 | I83: =I78*I79 -> 0.0052088 | J83: =J78*J79 -> 0.00584075 | ... AB83: =AB78*AB79 -> 0.01315605
B84: Emisiones [MtCO2] | C84: =C78*C80 -> 0 | D84: =D78*D80 -> 0 | E84: =E78*E80 -> 0 | F84: =F78*F80 -> 0 | G84: =G78*G80 -> 0 | H84: =H78*H80 -> 0 | I84: =I78*I80 -> 0 | J84: =J78*J80 -> 0 | ... AB84: =AB78*AB80 -> 0
B85: Emisiones [MtCH4] | C85: =C78*C81 -> 2.2e-05 | D85: =D78*D81 -> 2.56e-05 | E85: =E78*E81 -> 2.92e-05 | F85: =F78*F81 -> 8.88e-05 | G85: =G78*G81 -> 0.0001488 | H85: =H78*H81 -> 0.0001288 | I85: =I78*I81 -> 0.0001088 | J85: =J78*J81 -> 0.000122 | ... AB85: =AB78*AB81 -> 0.0002748
B86: Emisiones [MtN2O] | C86: =C78*C82 -> 1.65e-06 | D86: =D78*D82 -> 1.92e-06 | E86: =E78*E82 -> 2.19e-06 | F86: =F78*F82 -> 6.66e-06 | G86: =G78*G82 -> 1.116e-05 | H86: =H78*H82 -> 9.66e-06 | I86: =I78*I82 -> 8.16e-06 | J86: =J78*J82 -> 9.15e-06 | ... AB86: =AB78*AB82 -> 2.061e-05
B88: Emisiones conjuntasoriginal tendencial | C88: =C37+C68 -> 0.89342485 | D88: =D37+D68 -> 1.0340568 | E88: =E37+E68 -> 1.1747296 | F88: =F37+F68 -> 1.2340139 | G88: =G37+G68 -> 1.2934743 | H88: =H37+H68 -> 1.7263234 | I88: =I37+I68 -> 2.1593304 | J88: =J37+J68 -> 2.4408752 | ... AB88: =AB37+AB68 -> 10.512647
B89: Emisiones conjuntas NDC Incondicional de la 2da NDC (5ta Comunicación) | C89: =C83+C52 -> 0.89342485 | D89: =D83+D52 -> 1.0340568 | E89: =E83+E52 -> 1.1747296 | F89: =F83+F52 -> 1.2340139 | G89: =G83+G52 -> 1.2934743 | H89: =H83+H52 -> 1.7263234 | I89: =I83+I52 -> 2.1593304 | J89: =J83+J52 -> 2.4408752 | ... AB89: =AB83+AB52 -> 10.501651
B90: Diferencia | C90: =C88-C89 -> 0 | D90: =D88-D89 -> 0 | E90: =E88-E89 -> 0 | F90: =F88-F89 -> 0 | G90: =G88-G89 -> 0 | H90: =H88-H89 -> 0 | I90: =I88-I89 -> 0 | J90: =J88-J89 -> 0 | ... AB90: =AB88-AB89 -> 0.0109956

Sheet Ini_I+C_Compostaje
C4: Iniciativas Incondicionales
C6: 2010 | D6: 2011 | E6: 2012 | F6: 2013 | G6: 2014 | H6: 2015 | I6: 2016 | J6: 2017 | K6: 2018 | L6: 2019 | M6: 2020 | N6: 2021 | O6: 2022 | P6: 2023 | Q6: 2024 | R6: 2025 | S6: 2026 | T6: 2027 | U6: 2028 | V6: 2029 | W6: 2030 | X6: 2031 | Y6: 2032 | Z6: 2033 | AA6: 2034 | AB6: 2035
B7: 1 | C7: 0 | D7: 0 | E7: 0 | F7: 0 | G7: 0 | H7: 0 | I7: 0 | J7: 0 | K7: 0 | L7: 0 | M7: 0 | N7: 0 | O7: 0 | P7: 0 | Q7: 0 | R7: 0 | S7: 1.1 | T7: 2.2 | U7: 3.3 | V7: 4.4 | W7: 5.5 | X7: 6.6 | Y7: 7.7 | Z7: 8.8 | AA7: 9.9 | AB7: 11
C11: Iniciativas Condicionales
C13: 2010 | D13: 2011 | E13: 2012 | F13: 2013 | G13: 2014 | H13: 2015 | I13: 2016 | J13: 2017 | K13: 2018 | L13: 2019 | M13: 2020 | N13: 2021 | O13: 2022 | P13: 2023 | Q13: 2024 | R13: 2025 | S13: 2026 | T13: 2027 | U13: 2028 | V13: 2029 | W13: 2030 | X13: 2031 | Y13: 2032 | Z13: 2033 | AA13: 2034 | AB13: 2035
B14: 1 | C14: 0 | D14: 0 | E14: 0 | F14: 0 | G14: 0 | H14: 0 | I14: 0 | J14: 0 | K14: 0 | L14: 0 | M14: 0 | N14: 0 | O14: 0 | P14: 0 | Q14: 0 | R14: 0 | S14: 0 | T14: 0 | U14: 0.30625 | V14: 0.6125 | W14: 0.91875 | X14: 1.225 | Y14: 1.53125 | Z14: 1.8375 | AA14: 2.14375 | AB14: 2.45
B15: 2 | C15: 0 | D15: 0 | E15: 0 | F15: 0 | G15: 0 | H15: 0 | I15: 0 | J15: 0 | K15: 0 | L15: 0 | M15: 0 | N15: 0 | O15: 0 | P15: 0 | Q15: 0 | R15: 0 | S15: 0 | T15: 0 | U15: 0.625 | V15: 1.25 | W15: 1.875 | X15: 2.5 | Y15: 3.125 | Z15: 3.75 | AA15: 4.375 | AB15: 5
C20: 2010 | D20: 2011 | E20: 2012 | F20: 2013 | G20: 2014 | H20: 2015 | I20: 2016 | J20: 2017 | K20: 2018 | L20: 2019 | M20: 2020 | N20: 2021 | O20: 2022 | P20: 2023 | Q20: 2024 | R20: 2025 | S20: 2026 | T20: 2027 | U20: 2028 | V20: 2029 | W20: 2030 | X20: 2031 | Y20: 2032 | Z20: 2033 | AA20: 2034 | AB20: 2035
B21: NDC Incondicional de la 2da NDC (5ta Comunicación) | C21: =C7 -> 0 | D21: =D7 -> 0 | E21: =E7 -> 0 | F21: =F7 -> 0 | G21: =G7 -> 0 | H21: =H7 -> 0 | I21: =I7 -> 0 | J21: =J7 -> 0 | ... AB21: =AB7 -> 11
B22: NDC Incondicional + Condicional de la 2da NDC (5ta Comunicación) | C22: =C7+C14+C15 -> 0 | D22: =D7+D14+D15 -> 0 | E22: =E7+E14+E15 -> 0 | F22: =F7+F14+F15 -> 0 | G22: =G7+G14+G15 -> 0 | H22: =H7+H14+H15 -> 0 | I22: =I7+I14+I15 -> 0 | J22: =J7+J14+J15 -> 0 | ... AB22: =AB7+AB14+AB15 -> 18.45
C24: 2010 | D24: 2011 | E24: 2012 | F24: 2013 | G24: 2014 | H24: 2015 | I24: 2016 | J24: 2017 | K24: 2018 | L24: 2019 | M24: 2020 | N24: 2021 | O24: 2022 | P24: 2023 | Q24: 2024 | R24: 2025 | S24: 2026 | T24: 2027 | U24: 2028 | V24: 2029 | W24: 2030 | X24: 2031 | Y24: 2032 | Z24: 2033 | AA24: 2034 | AB24: 2035
B25: NDC Incondicional de la 2da NDC (5ta Comunicación) | C25: 0 | D25: 0 | E25: 0 | F25: 0 | G25: 0 | H25: 0 | I25: 0 | J25: 0 | K25: 0 | L25: 0 | M25: 0 | N25: 0 | O25: 0 | P25: 0 | Q25: 0 | R25: 0 | S25: 1.36 | T25: 2.72 | U25: 4.08 | V25: 5.44 | W25: 6.8 | X25: 8.16 | Y25: 9.52 | Z25: 10.88 | AA25: 12.24 | AB25: 13.6
B26: NDC Incondicional + Condicional de la 2da NDC (5ta Comunicación) | C26: 0 | D26: 0 | E26: 0 | F26: 0 | G26: 0 | H26: 0 | I26: 0 | J26: 0 | K26: 0 | L26: 0 | M26: 0 | N26: 0 | O26: 0 | P26: 0 | Q26: 0 | R26: 0 | S26: 2.282 | T26: 4.564 | U26: 6.846 | V26: 9.128 | W26: 11.41 | X26: 13.692 | Y26: 15.974 | Z26: 18.256 | AA26: 20.538 | AB26: 22.82
B29: ORIGINAL LANDFILL CON REDUCCION
C31: 2010 | D31: 2011 | E31: 2012 | F31: 2013 | G31: 2014 | H31: 2015 | I31: 2016 | J31: 2017 | K31: 2018 | L31: 2019 | M31: 2020 | N31: 2021 | O31: 2022 | P31: 2023 | Q31: 2024 | R31: 2025 | S31: 2026 | T31: 2027 | U31: 2028 | V31: 2029 | W31: 2030 | X31: 2031 | Y31: 2032 | Z31: 2033 | AA31: 2034 | AB31: 2035
B32: Actividad [Mt residuos] | C32: 1.2472 | D32: 1.354 | E32: 1.4482 | F32: 1.5746 | G32: 1.7108 | H32: 1.9967 | I32: 2.218 | J32: 2.3477 | K32: 2.4618 | L32: 2.4778 | M32: 2.4921 | N32: 2.6399 | O32: 2.7492 | P32: 2.9082 | Q32: 3.0701 | R32: 3.2348 | S32: 3.4019 | T32: 3.5716 | U32: 3.7439 | V32: 3.9188 | W32: 4.0959 | X32: 4.1758 | Y32: 4.2557 | Z32: 4.3357 | AA32: 4.4157 | AB32: 4.4956
B33: FE [MtCO2e/Mt residuos] | C33: 0.7155 | D33: 0.7628 | E33: 0.8102 | F33: 0.781 | G33: 0.7519 | H33: 0.8615 | I33: 0.9712 | J33: 1.0372 | K33: 1.1033 | L33: 1.1696 | M33: 1.2358 | N33: 1.2497 | O33: 1.2548 | P33: 1.316 | Q33: 1.3804 | R33: 1.4476 | S33: 1.5176 | T33: 1.5932 | U33: 1.6716 | V33: 1.7528 | W33: 1.8396 | X33: 1.9292 | Y33: 2.0244 | Z33: 2.1224 | AA33: 2.226 | AB33: 2.3352
B34: FE [MtCO2/Mt residuos] | C34: 0 | D34: 0 | E34: 0 | F34: 0 | G34: 0 | H34: 0 | I34: 0 | J34: 0 | K34: 0 | L34: 0 | M34: 0 | N34: 0 | O34: 0 | P34: 0 | Q34: 0 | R34: 0 | S34: 0 | T34: 0 | U34: 0 | V34: 0 | W34: 0 | X34: 0 | Y34: 0 | Z34: 0 | AA34: 0 | AB34: 0
B35: FE [MtCH4/Mt residuos] | C35: 0.0256 | D35: 0.0272 | E35: 0.0289 | F35: 0.0279 | G35: 0.0269 | H35: 0.0308 | I35: 0.0347 | J35: 0.037 | K35: 0.0394 | L35: 0.0418 | M35: 0.0441 | N35: 0.0446 | O35: 0.0448 | P35: 0.047 | Q35: 0.0493 | R35: 0.0517 | S35: 0.0542 | T35: 0.0569 | U35: 0.0597 | V35: 0.0626 | W35: 0.0657 | X35: 0.0689 | Y35: 0.0723 | Z35: 0.0758 | AA35: 0.0795 | AB35: 0.0834
B36: FE [MtN2O/Mt residuos] | C36: 0 | D36: 0 | E36: 0 | F36: 0 | G36: 0 | H36: 0 | I36: 0 | J36: 0 | K36: 0 | L36: 0 | M36: 0 | N36: 0 | O36: 0 | P36: 0 | Q36: 0 | R36: 0 | S36: 0 | T36: 0 | U36: 0 | V36: 0 | W36: 0 | X36: 0 | Y36: 0 | Z36: 0 | AA36: 0 | AB36: 0
B37: Emisiones [MtCO2e] | C37: 0.8923716 | D37: 1.0328312 | E37: 1.1733316 | F37: 1.2297626 | G37: 1.2863505 | H37: 1.7201571 | I37: 2.1541216 | J37: 2.4350344 | K37: 2.7161039 | L37: 2.8980349 | M37: 3.0797372 | N37: 3.299083 | O37: 3.4496962 | P37: 3.8271912 | Q37: 4.237966 | R37: 4.6826965 | S37: 5.1627234 | T37: 5.6902731 | U37: 6.2583032 | V37: 6.8688726 | W37: 7.5348176 | X37: 8.0559534 | Y37: 8.6152391 | Z37: 9.2020897 | AA37: 9.8293482 | AB37: 10.498125
B38: Emisiones [MtCO2] | C38: 0 | D38: 0 | E38: 0 | F38: 0 | G38: 0 | H38: 0 | I38: 0 | J38: 0 | K38: 0 | L38: 0 | M38: 0 | N38: 0 | O38: 0 | P38: 0 | Q38: 0 | R38: 0 | S38: 0 | T38: 0 | U38: 0 | V38: 0 | W38: 0 | X38: 0 | Y38: 0 | Z38: 0 | AA38: 0 | AB38: 0
B39: Emisiones [MtCH4] | C39: 0.03192832 | D39: 0.0368288 | E39: 0.04185298 | F39: 0.04393134 | G39: 0.04602052 | H39: 0.06149836 | I39: 0.0769646 | J39: 0.0868649 | K39: 0.09699492 | L39: 0.10357204 | M39: 0.10990161 | N39: 0.11773954 | O39: 0.12316416 | P39: 0.1366854 | Q39: 0.15135593 | R39: 0.16723916 | S39: 0.18438298 | T39: 0.20322404 | U39: 0.22351083 | V39: 0.24531688 | W39: 0.26910063 | X39: 0.28771262 | Y39: 0.30768711 | Z39: 0.32864606 | AA39: 0.35104815 | AB39: 0.37493304
B40: Emisiones [MtN2O] | C40: 0 | D40: 0 | E40: 0 | F40: 0 | G40: 0 | H40: 0 | I40: 0 | J40: 0 | K40: 0 | L40: 0 | M40: 0 | N40: 0 | O40: 0 | P40: 0 | Q40: 0 | R40: 0 | S40: 0 | T40: 0 | U40: 0 | V40: 0 | W40: 0 | X40: 0 | Y40: 0 | Z40: 0 | AA40: 0 | AB40: 0
P43: Diferencia en Mt
B44: LANDFILL MENOS COMPOSTAJE DE CONDICIONAL | C44: =C32-C47 -> 0 | D44: =D32-D47 -> 0 | E44: =E32-E47 -> 0 | F44: =F32-F47 -> 0 | G44: =G32-G47 -> 0 | H44: =H32-H47 -> 0 | I44: =I32-I47 -> 0 | J44: =J32-J47 -> 0 | ... AB44: =AB32-AB47 -> 0.0098
C46: 2010 | D46: 2011 | E46: 2012 | F46: 2013 | G46: 2014 | H46: 2015 | I46: 2016 | J46: 2017 | K46: 2018 | L46: 2019 | M46: 2020 | N46: 2021 | O46: 2022 | P46: 2023 | Q46: 2024 | R46: 2025 | S46: 2026 | T46: 2027 | U46: 2028 | V46: 2029 | W46: 2030 | X46: 2031 | Y46: 2032 | Z46: 2033 | AA46: 2034 | AB46: 2035
B47: Actividad [Mt residuos] | C47: =ROUND(C52/C48,4) -> 1.2472 | D47: =ROUND(D52/D48,4) -> 1.354 | E47: =ROUND(E52/E48,4) -> 1.4482 | F47: =ROUND(F52/F48,4) -> 1.5746 | G47: =ROUND(G52/G48,4) -> 1.7108 | H47: =ROUND(H52/H48,4) -> 1.9967 | I47: =ROUND(I52/I48,4) -> 2.218 | J47: =ROUND(J52/J48,4) -> 2.3477 | ... AB47: =ROUND(AB52/AB48,4) -> 4.4858
B48: FE [MtCO2e/Mt residuos] | C48: 0.7155 | D48: 0.7628 | E48: 0.8102 | F48: 0.781 | G48: 0.7519 | H48: 0.8615 | I48: 0.9712 | J48: 1.0372 | K48: 1.1033 | L48: 1.1696 | M48: 1.2358 | N48: 1.2497 | O48: 1.2548 | P48: 1.316 | Q48: 1.3804 | R48: 1.4476 | S48: 1.5176 | T48: 1.5932 | U48: 1.6716 | V48: 1.7528 | W48: 1.8396 | X48: 1.9292 | Y48: 2.0244 | Z48: 2.1224 | AA48: 2.226 | AB48: 2.3352
B49: FE [MtCO2/Mt residuos] | C49: 0 | D49: 0 | E49: 0 | F49: 0 | G49: 0 | H49: 0 | I49: 0 | J49: 0 | K49: 0 | L49: 0 | M49: 0 | N49: 0 | O49: 0 | P49: 0 | Q49: 0 | R49: 0 | S49: 0 | T49: 0 | U49: 0 | V49: 0 | W49: 0 | X49: 0 | Y49: 0 | Z49: 0 | AA49: 0 | AB49: 0
B50: FE [MtCH4/Mt residuos] | C50: 0.0256 | D50: 0.0272 | E50: 0.0289 | F50: 0.0279 | G50: 0.0269 | H50: 0.0308 | I50: 0.0347 | J50: 0.037 | K50: 0.0394 | L50: 0.0418 | M50: 0.0441 | N50: 0.0446 | O50: 0.0448 | P50: 0.047 | Q50: 0.0493 | R50: 0.0517 | S50: 0.0542 | T50: 0.0569 | U50: 0.0597 | V50: 0.0626 | W50: 0.0657 | X50: 0.0689 | Y50: 0.0723 | Z50: 0.0758 | AA50: 0.0795 | AB50: 0.0834
B51: FE [MtN2O/Mt residuos] | C51: 0 | D51: 0 | E51: 0 | F51: 0 | G51: 0 | H51: 0 | I51: 0 | J51: 0 | K51: 0 | L51: 0 | M51: 0 | N51: 0 | O51: 0 | P51: 0 | Q51: 0 | R51: 0 | S51: 0 | T51: 0 | U51: 0 | V51: 0 | W51: 0 | X51: 0 | Y51: 0 | Z51: 0 | AA51: 0 | AB51: 0
B52: Emisiones [MtCO2e] | C52: =C37-(C26/1000) -> 0.8923716 | D52: =D37-(D26/1000) -> 1.0328312 | E52: =E37-(E26/1000) -> 1.1733316 | F52: =F37-(F26/1000) -> 1.2297626 | G52: =G37-(G26/1000) -> 1.2863505 | H52: =H37-(H26/1000) -> 1.7201571 | I52: =I37-(I26/1000) -> 2.1541216 | J52: =J37-(J26/1000) -> 2.4350344 | ... AB52: =AB37-(AB26/1000) -> 10.475305
B53: Emisiones [MtCO2] | C53: 0 | D53: 0 | E53: 0 | F53: 0 | G53: 0 | H53: 0 | I53: 0 | J53: 0 | K53: 0 | L53: 0 | M53: 0 | N53: 0 | O53: 0 | P53: 0 | Q53: 0 | R53: 0 | S53: 0 | T53: 0 | U53: 0 | V53: 0 | W53: 0 | X53: 0 | Y53: 0 | Z53: 0 | AA53: 0 | AB53: 0
B54: Emisiones [MtCH4] | C54: =C52/28 -> 0.031870414 | D54: =D52/28 -> 0.036886829 | E54: =E52/28 -> 0.041904701 | F54: =F52/28 -> 0.043920093 | G54: =G52/28 -> 0.04594109 | H54: =H52/28 -> 0.06143418 | I54: =I52/28 -> 0.076932914 | J54: =J52/28 -> 0.086965516 | ... AB54: =AB52/28 -> 0.37411804
B55: Emisiones [MtN2O] | C55: 0 | D55: 0 | E55: 0 | F55: 0 | G55: 0 | H55: 0 | I55: 0 | J55: 0 | K55: 0 | L55: 0 | M55: 0 | N55: 0 | O55: 0 | P55: 0 | Q55: 0 | R55: 0 | S55: 0 | T55: 0 | U55: 0 | V55: 0 | W55: 0 | X55: 0 | Y55: 0 | Z55: 0 | AA55: 0 | AB55: 0
C57: =C37-C52 -> 0 | D57: =D37-D52 -> 0 | E57: =E37-E52 -> 0 | F57: =F37-F52 -> 0 | G57: =G37-G52 -> 0 | H57: =H37-H52 -> 0 | I57: =I37-I52 -> 0 | J57: =J37-J52 -> 0 | ... AB57: =AB37-AB52 -> 0.02282
B61: ORIGINAL Compostaje
C62: 2010 | D62: 2011 | E62: 2012 | F62: 2013 | G62: 2014 | H62: 2015 | I62: 2016 | J62: 2017 | K62: 2018 | L62: 2019 | M62: 2020 | N62: 2021 | O62: 2022 | P62: 2023 | Q62: 2024 | R62: 2025 | S62: 2026 | T62: 2027 | U62: 2028 | V62: 2029 | W62: 2030 | X62: 2031 | Y62: 2032 | Z62: 2033 | AA62: 2034 | AB62: 2035
B63: Actividad [Mt residuos] | C63: 0.0055 | D63: 0.0064 | E63: 0.0073 | F63: 0.0222 | G63: 0.0372 | H63: 0.0322 | I63: 0.0272 | J63: 0.0305 | K63: 0.0338 | L63: 0.0353 | M63: 0.0368 | N63: 0.0385 | O63: 0.0337 | P63: 0.0356 | Q63: 0.0376 | R63: 0.0396 | S63: 0.0417 | T63: 0.0437 | U63: 0.0459 | V63: 0.048 | W63: 0.0502 | X63: 0.0512 | Y63: 0.0521 | Z63: 0.0531 | AA63: 0.0541 | AB63: 0.0551
B64: FE [MtCO2e/Mt residuos] | C64: 0.1915 | D64: 0.1915 | E64: 0.1915 | F64: 0.1915 | G64: 0.1915 | H64: 0.1915 | I64: 0.1915 | J64: 0.1915 | K64: 0.1915 | L64: 0.1915 | M64: 0.1915 | N64: 0.1915 | O64: 0.1915 | P64: 0.1915 | Q64: 0.1915 | R64: 0.1915 | S64: 0.1915 | T64: 0.1915 | U64: 0.1915 | V64: 0.1915 | W64: 0.1915 | X64: 0.1915 | Y64: 0.1915 | Z64: 0.1915 | AA64: 0.1915 | AB64: 0.1915
B65: FE [MtCO2/Mt residuos] | C65: 0 | D65: 0 | E65: 0 | F65: 0 | G65: 0 | H65: 0 | I65: 0 | J65: 0 | K65: 0 | L65: 0 | M65: 0 | N65: 0 | O65: 0 | P65: 0 | Q65: 0 | R65: 0 | S65: 0 | T65: 0 | U65: 0 | V65: 0 | W65: 0 | X65: 0 | Y65: 0 | Z65: 0 | AA65: 0 | AB65: 0
B66: FE [MtCH4/Mt residuos] | C66: 0.004 | D66: 0.004 | E66: 0.004 | F66: 0.004 | G66: 0.004 | H66: 0.004 | I66: 0.004 | J66: 0.004 | K66: 0.004 | L66: 0.004 | M66: 0.004 | N66: 0.004 | O66: 0.004 | P66: 0.004 | Q66: 0.004 | R66: 0.004 | S66: 0.004 | T66: 0.004 | U66: 0.004 | V66: 0.004 | W66: 0.004 | X66: 0.004 | Y66: 0.004 | Z66: 0.004 | AA66: 0.004 | AB66: 0.004
B67: FE [MtN2O/Mt residuos] | C67: 0.0003 | D67: 0.0003 | E67: 0.0003 | F67: 0.0003 | G67: 0.0003 | H67: 0.0003 | I67: 0.0003 | J67: 0.0003 | K67: 0.0003 | L67: 0.0003 | M67: 0.0003 | N67: 0.0003 | O67: 0.0003 | P67: 0.0003 | Q67: 0.0003 | R67: 0.0003 | S67: 0.0003 | T67: 0.0003 | U67: 0.0003 | V67: 0.0003 | W67: 0.0003 | X67: 0.0003 | Y67: 0.0003 | Z67: 0.0003 | AA67: 0.0003 | AB67: 0.0003
B68: Emisiones [MtCO2e] | C68: =C63*C64 -> 0.00105325 | D68: =D63*D64 -> 0.0012256 | E68: =E63*E64 -> 0.00139795 | F68: =F63*F64 -> 0.0042513 | G68: =G63*G64 -> 0.0071238 | H68: =H63*H64 -> 0.0061663 | I68: =I63*I64 -> 0.0052088 | J68: =J63*J64 -> 0.00584075 | ... AB68: =AB63*AB64 -> 0.01055165
B69: Emisiones [MtCO2] | C69: =C63*C65 -> 0 | D69: =D63*D65 -> 0 | E69: =E63*E65 -> 0 | F69: =F63*F65 -> 0 | G69: =G63*G65 -> 0 | H69: =H63*H65 -> 0 | I69: =I63*I65 -> 0 | J69: =J63*J65 -> 0 | ... AB69: =AB63*AB65 -> 0
B70: Emisiones [MtCH4] | C70: =C63*C66 -> 2.2e-05 | D70: =D63*D66 -> 2.56e-05 | E70: =E63*E66 -> 2.92e-05 | F70: =F63*F66 -> 8.88e-05 | G70: =G63*G66 -> 0.0001488 | H70: =H63*H66 -> 0.0001288 | I70: =I63*I66 -> 0.0001088 | J70: =J63*J66 -> 0.000122 | ... AB70: =AB63*AB66 -> 0.0002204
B71: Emisiones [MtN2O] | C71: =C63*C67 -> 1.65e-06 | D71: =D63*D67 -> 1.92e-06 | E71: =E63*E67 -> 2.19e-06 | F71: =F63*F67 -> 6.66e-06 | G71: =G63*G67 -> 1.116e-05 | H71: =H63*H67 -> 9.66e-06 | I71: =I63*I67 -> 8.16e-06 | J71: =J63*J67 -> 9.15e-06 | ... AB71: =AB63*AB67 -> 1.653e-05
B75: NDC Incondicional + Condicional de la 2da NDC (5ta Comunicación) Compostaje
C77: 2010 | D77: 2011 | E77: 2012 | F77: 2013 | G77: 2014 | H77: 2015 | I77: 2016 | J77: 2017 | K77: 2018 | L77: 2019 | M77: 2020 | N77: 2021 | O77: 2022 | P77: 2023 | Q77: 2024 | R77: 2025 | S77: 2026 | T77: 2027 | U77: 2028 | V77: 2029 | W77: 2030 | X77: 2031 | Y77: 2032 | Z77: 2033 | AA77: 2034 | AB77: 2035
B78: Actividad [Mt residuos] | C78: =ROUND(C63+C57,4) -> 0.0055 | D78: =ROUND(D63+D57,4) -> 0.0064 | E78: =ROUND(E63+E57,4) -> 0.0073 | F78: =ROUND(F63+F57,4) -> 0.0222 | G78: =ROUND(G63+G57,4) -> 0.0372 | H78: =ROUND(H63+H57,4) -> 0.0322 | I78: =ROUND(I63+I57,4) -> 0.0272 | J78: =ROUND(J63+J57,4) -> 0.0305 | ... AB78: =ROUND(AB63+AB57,4) -> 0.0779
B79: FE [MtCO2e/Mt residuos] | C79: 0.1915 | D79: 0.1915 | E79: 0.1915 | F79: 0.1915 | G79: 0.1915 | H79: 0.1915 | I79: 0.1915 | J79: 0.1915 | K79: 0.1915 | L79: 0.1915 | M79: 0.1915 | N79: 0.1915 | O79: 0.1915 | P79: 0.1915 | Q79: 0.1915 | R79: 0.1915 | S79: 0.1915 | T79: 0.1915 | U79: 0.1915 | V79: 0.1915 | W79: 0.1915 | X79: 0.1915 | Y79: 0.1915 | Z79: 0.1915 | AA79: 0.1915 | AB79: 0.1915
B80: FE [MtCO2/Mt residuos] | C80: 0 | D80: 0 | E80: 0 | F80: 0 | G80: 0 | H80: 0 | I80: 0 | J80: 0 | K80: 0 | L80: 0 | M80: 0 | N80: 0 | O80: 0 | P80: 0 | Q80: 0 | R80: 0 | S80: 0 | T80: 0 | U80: 0 | V80: 0 | W80: 0 | X80: 0 | Y80: 0 | Z80: 0 | AA80: 0 | AB80: 0
B81: FE [MtCH4/Mt residuos] | C81: 0.004 | D81: 0.004 | E81: 0.004 | F81: 0.004 | G81: 0.004 | H81: 0.004 | I81: 0.004 | J81: 0.004 | K81: 0.004 | L81: 0.004 | M81: 0.004 | N81: 0.004 | O81: 0.004 | P81: 0.004 | Q81: 0.004 | R81: 0.004 | S81: 0.004 | T81: 0.004 | U81: 0.004 | V81: 0.004 | W81: 0.004 | X81: 0.004 | Y81: 0.004 | Z81: 0.004 | AA81: 0.004 | AB81: 0.004
B82: FE [MtN2O/Mt residuos] | C82: 0.0003 | D82: 0.0003 | E82: 0.0003 | F82: 0.0003 | G82: 0.0003 | H82: 0.0003 | I82: 0.0003 | J82: 0.0003 | K82: 0.0003 | L82: 0.0003 | M82: 0.0003 | N82: 0.0003 | O82: 0.0003 | P82: 0.0003 | Q82: 0.0003 | R82: 0.0003 | S82: 0.0003 | T82: 0.0003 | U82: 0.0003 | V82: 0.0003 | W82: 0.0003 | X82: 0.0003 | Y82: 0.0003 | Z82: 0.0003 | AA82: 0.0003 | AB82: 0.0003
B83: Emisiones [MtCO2e] | C83: =C78*C79 -> 0.00105325 | D83: =D78*D79 -> 0.0012256 | E83: =E78*E79 -> 0.00139795 | F83: =F78*F79 -> 0.0042513 | G83: =G78*G79 -> 0.0071238 | H83: =H78*H79 -> 0.0061663 | I83: =I78*I79 -> 0.0052088 | J83: =J78*J79 -> 0.00584075 | ... AB83: =AB78*AB79 -> 0.01491785
B84: Emisiones [MtCO2] | C84: =C78*C80 -> 0 | D84: =D78*D80 -> 0 | E84: =E78*E80 -> 0 | F84: =F78*F80 -> 0 | G84: =G78*G80 -> 0 | H84: =H78*H80 -> 0 | I84: =I78*I80 -> 0 | J84: =J78*J80 -> 0 | ... AB84: =AB78*AB80 -> 0
B85: Emisiones [MtCH4] | C85: =C78*C81 -> 2.2e-05 | D85: =D78*D81 -> 2.56e-05 | E85: =E78*E81 -> 2.92e-05 | F85: =F78*F81 -> 8.88e-05 | G85: =G78*G81 -> 0.0001488 | H85: =H78*H81 -> 0.0001288 | I85: =I78*I81 -> 0.0001088 | J85: =J78*J81 -> 0.000122 | ... AB85: =AB78*AB81 -> 0.0003116
B86: Emisiones [MtN2O] | C86: =C78*C82 -> 1.65e-06 | D86: =D78*D82 -> 1.92e-06 | E86: =E78*E82 -> 2.19e-06 | F86: =F78*F82 -> 6.66e-06 | G86: =G78*G82 -> 1.116e-05 | H86: =H78*H82 -> 9.66e-06 | I86: =I78*I82 -> 8.16e-06 | J86: =J78*J82 -> 9.15e-06 | ... AB86: =AB78*AB82 -> 2.337e-05
B88: Emisiones conjuntasoriginal tendencial | C88: =C37+C68 -> 0.89342485 | D88: =D37+D68 -> 1.0340568 | E88: =E37+E68 -> 1.1747296 | F88: =F37+F68 -> 1.2340139 | G88: =G37+G68 -> 1.2934743 | H88: =H37+H68 -> 1.7263234 | I88: =I37+I68 -> 2.1593304 | J88: =J37+J68 -> 2.4408752 | ... AB88: =AB37+AB68 -> 10.508677
B89: Emisiones conjuntas NDC Incondicional + Condicional de la 2da NDC (5ta Comunicación) | C89: =C83+C52 -> 0.89342485 | D89: =D83+D52 -> 1.0340568 | E89: =E83+E52 -> 1.1747296 | F89: =F83+F52 -> 1.2340139 | G89: =G83+G52 -> 1.2934743 | H89: =H83+H52 -> 1.7263234 | I89: =I83+I52 -> 2.1593304 | J89: =J83+J52 -> 2.4408752 | ... AB89: =AB83+AB52 -> 10.490223
B90: Diferencia | C90: =C88-C89 -> 0 | D90: =D88-D89 -> 0 | E90: =E88-E89 -> 0 | F90: =F88-F89 -> 0 | G90: =G88-G89 -> 0 | H90: =H88-H89 -> 0 | I90: =I88-I89 -> 0 | J90: =J88-J89 -> 0 | ... AB90: =AB88-AB89 -> 0.0184538

Sheet Ini_I_PTAR
C4: Iniciativas Incondicionales
C6: 2010 | D6: 2011 | E6: 2012 | F6: 2013 | G6: 2014 | H6: 2015 | I6: 2016 | J6: 2017 | K6: 2018 | L6: 2019 | M6: 2020 | N6: 2021 | O6: 2022 | P6: 2023 | Q6: 2024 | R6: 2025 | S6: 2026 | T6: 2027 | U6: 2028 | V6: 2029 | W6: 2030 | X6: 2031 | Y6: 2032 | Z6: 2033 | AA6: 2034 | AB6: 2035
B7: 1 | C7: 0 | D7: 0 | E7: 0 | F7: 0 | G7: 0 | H7: 0 | I7: 0 | J7: 0 | K7: 0 | L7: 0 | M7: 0 | N7: 0 | O7: 0 | P7: 0 | Q7: 0 | R7: 0 | S7: 3.7 | T7: 7.4 | U7: 11.1 | V7: 14.8 | W7: 18.5 | X7: 22.2 | Y7: 25.9 | Z7: 29.6 | AA7: 33.3 | AB7: 37
B8: 2 | C8: 0 | D8: 0 | E8: 0 | F8: 0 | G8: 0 | H8: 0 | I8: 0 | J8: 0 | K8: 0 | L8: 0 | M8: 0 | N8: 0 | O8: 0 | P8: 0 | Q8: 0 | R8: 0 | S8: 0 | T8: 5.6666667 | U8: 11.333333 | V8: 17 | W8: 22.666667 | X8: 28.333333 | Y8: 34 | Z8: 39.666667 | AA8: 45.333333 | AB8: 51
C11: Iniciativas Condicionales
C13: 2010 | D13: 2011 | E13: 2012 | F13: 2013 | G13: 2014 | H13: 2015 | I13: 2016 | J13: 2017 | K13: 2018 | L13: 2019 | M13: 2020 | N13: 2021 | O13: 2022 | P13: 2023 | Q13: 2024 | R13: 2025 | S13: 2026 | T13: 2027 | U13: 2028 | V13: 2029 | W13: 2030 | X13: 2031 | Y13: 2032 | Z13: 2033 | AA13: 2034 | AB13: 2035
B14: 1 | C14: 0 | D14: 0 | E14: 0 | F14: 0 | G14: 0 | H14: 0 | I14: 0 | J14: 0 | K14: 0 | L14: 0 | M14: 0 | N14: 0 | O14: 0 | P14: 0 | Q14: 0 | R14: 0 | S14: 0 | T14: 0 | U14: 0 | V14: 0 | W14: 0 | X14: 0 | Y14: 0 | Z14: 0 | AA14: 30 | AB14: 60
C19: 2010 | D19: 2011 | E19: 2012 | F19: 2013 | G19: 2014 | H19: 2015 | I19: 2016 | J19: 2017 | K19: 2018 | L19: 2019 | M19: 2020 | N19: 2021 | O19: 2022 | P19: 2023 | Q19: 2024 | R19: 2025 | S19: 2026 | T19: 2027 | U19: 2028 | V19: 2029 | W19: 2030 | X19: 2031 | Y19: 2032 | Z19: 2033 | AA19: 2034 | AB19: 2035
B20: NDC Incondicional de la 2da NDC (5ta Comunicación) | C20: =C7+C8 -> 0 | D20: =D7+D8 -> 0 | E20: =E7+E8 -> 0 | F20: =F7+F8 -> 0 | G20: =G7+G8 -> 0 | H20: =H7+H8 -> 0 | I20: =I7+I8 -> 0 | J20: =J7+J8 -> 0 | ... AB20: =AB7+AB8 -> 88
B21: NDC Incondicional + Condicional de la 2da NDC (5ta Comunicación) | C21: =C7+C8+C14 -> 0 | D21: =D7+D8+D14 -> 0 | E21: =E7+E8+E14 -> 0 | F21: =F7+F8+F14 -> 0 | G21: =G7+G8+G14 -> 0 | H21: =H7+H8+H14 -> 0 | I21: =I7+I8+I14 -> 0 | J21: =J7+J8+J14 -> 0 | ... AB21: =AB7+AB8+AB14 -> 148
B32: TEC 1 ORIGINAL
C34: 2010 | D34: 2011 | E34: 2012 | F34: 2013 | G34: 2014 | H34: 2015 | I34: 2016 | J34: 2017 | K34: 2018 | L34: 2019 | M34: 2020 | N34: 2021 | O34: 2022 | P34: 2023 | Q34: 2024 | R34: 2025 | S34: 2026 | T34: 2027 | U34: 2028 | V34: 2029 | W34: 2030 | X34: 2031 | Y34: 2032 | Z34: 2033 | AA34: 2034 | AB34: 2035
B35: Actividad [Mt DC] | C35: 0.3417 | D35: 0.3468 | E35: 0.3533 | F35: 0.359 | G35: 0.3648 | H35: 0.3705 | I35: 0.3762 | J35: 0.3818 | K35: 0.3874 | L35: 0.3928 | M35: 0.3985 | N35: 0.3991 | O35: 0.3874 | P35: 0.4178 | Q35: 0.4491 | R35: 0.4473 | S35: 0.4647 | T35: 0.5455 | U35: 0.5794 | V35: 0.6132 | W35: 0.6471 | X35: 0.6819 | Y35: 0.7175 | Z35: 0.7531 | AA35: 0.7896 | AB35: 0.826
B36: FE [MtCO2e/Mt DC] | C36: 0.6622 | D36: 0.7434 | E36: 0.8246 | F36: 0.8201 | G36: 0.8156 | H36: 0.8151 | I36: 0.8146 | J36: 0.8191 | K36: 0.8236 | L36: 0.7985 | M36: 0.7735 | N36: 0.7936 | O36: 0.8083 | P36: 0.8238 | Q36: 0.8387 | R36: 0.8538 | S36: 0.8693 | T36: 0.885 | U36: 0.901 | V36: 0.9172 | W36: 0.9338 | X36: 0.9507 | Y36: 0.9678 | Z36: 0.9853 | AA36: 1.0031 | AB36: 1.0212
B37: FE [MtCO2/Mt DC] | C37: 0 | D37: 0 | E37: 0 | F37: 0 | G37: 0 | H37: 0 | I37: 0 | J37: 0 | K37: 0 | L37: 0 | M37: 0 | N37: 0 | O37: 0 | P37: 0 | Q37: 0 | R37: 0 | S37: 0 | T37: 0 | U37: 0 | V37: 0 | W37: 0 | X37: 0 | Y37: 0 | Z37: 0 | AA37: 0 | AB37: 0
B38: FE [MtCH4/Mt DC] | C38: 0.0236 | D38: 0.0265 | E38: 0.0294 | F38: 0.0293 | G38: 0.0291 | H38: 0.0291 | I38: 0.0291 | J38: 0.0293 | K38: 0.0294 | L38: 0.0285 | M38: 0.0276 | N38: 0.0283 | O38: 0.0289 | P38: 0.029421998 | Q38: 0.029953423 | R38: 0.030494448 | S38: 0.031045245 | T38: 0.03160599 | U38: 0.032176864 | V38: 0.032758049 | W38: 0.033349731 | X38: 0.033952101 | Y38: 0.03456535 | Z38: 0.035189677 | AA38: 0.035825279 | AB38: 0.036472363
B39: FE [MtN2O/Mt DC] | C39: 0 | D39: 0 | E39: 0 | F39: 0 | G39: 0 | H39: 0 | I39: 0 | J39: 0 | K39: 0 | L39: 0 | M39: 0 | N39: 0 | O39: 0 | P39: 0 | Q39: 0 | R39: 0 | S39: 0 | T39: 0 | U39: 0 | V39: 0 | W39: 0 | X39: 0 | Y39: 0 | Z39: 0 | AA39: 0 | AB39: 0
B40: Emisiones [MtCO2e] | C40: 0.22627374 | D40: 0.25781112 | E40: 0.29133118 | F40: 0.2944159 | G40: 0.29753088 | H40: 0.30199455 | I40: 0.30645252 | J40: 0.31273238 | K40: 0.31906264 | L40: 0.3136508 | M40: 0.30823975 | N40: 0.31672576 | O40: 0.31313542 | P40: 0.34418364 | Q40: 0.37666017 | R40: 0.38190474 | S40: 0.40396371 | T40: 0.4827675 | U40: 0.5220394 | V40: 0.56242704 | W40: 0.60426198 | X40: 0.64828233 | Y40: 0.6943965 | Z40: 0.74202943 | AA40: 0.79204776 | AB40: 0.8435112
B41: Emisiones [MtCO2] | C41: 0 | D41: 0 | E41: 0 | F41: 0 | G41: 0 | H41: 0 | I41: 0 | J41: 0 | K41: 0 | L41: 0 | M41: 0 | N41: 0 | O41: 0 | P41: 0 | Q41: 0 | R41: 0 | S41: 0 | T41: 0 | U41: 0 | V41: 0 | W41: 0 | X41: 0 | Y41: 0 | Z41: 0 | AA41: 0 | AB41: 0
B42: Emisiones [MtCH4] | C42: 0.00806412 | D42: 0.0091902 | E42: 0.01038702 | F42: 0.0105187 | G42: 0.01061568 | H42: 0.01078155 | I42: 0.01094742 | J42: 0.01118674 | K42: 0.01138956 | L42: 0.0111948 | M42: 0.0109986 | N42: 0.01129453 | O42: 0.01119586 | P42: 0.012292511 | Q42: 0.013452082 | R42: 0.013640167 | S42: 0.014426725 | T42: 0.017241068 | U42: 0.018643275 | V42: 0.020087236 | W42: 0.021580611 | X42: 0.023151937 | Y42: 0.024800639 | Z42: 0.026501345 | AA42: 0.028287641 | AB42: 0.030126172
B43: Emisiones [MtN2O] | C43: 0 | D43: 0 | E43: 0 | F43: 0 | G43: 0 | H43: 0 | I43: 0 | J43: 0 | K43: 0 | L43: 0 | M43: 0 | N43: 0 | O43: 0 | P43: 0 | Q43: 0 | R43: 0 | S43: 0 | T43: 0 | U43: 0 | V43: 0 | W43: 0 | X43: 0 | Y43: 0 | Z43: 0 | AA43: 0 | AB43: 0
B45: TEC 2 ORIGINAL
C47: 2010 | D47: 2011 | E47: 2012 | F47: 2013 | G47: 2014 | H47: 2015 | I47: 2016 | J47: 2017 | K47: 2018 | L47: 2019 | M47: 2020 | N47: 2021 | O47: 2022 | P47: 2023 | Q47: 2024 | R47: 2025 | S47: 2026 | T47: 2027 | U47: 2028 | V47: 2029 | W47: 2030 | X47: 2031 | Y47: 2032 | Z47: 2033 | AA47: 2034 | AB47: 2035
B48: Actividad [Mt N] | C48: 0.086 | D48: 0.0874 | E48: 0.088 | F48: 0.0896 | G48: 0.0912 | H48: 0.0903 | I48: 0.0894 | J48: 0.0896 | K48: 0.0897 | L48: 0.0936 | M48: 0.0976 | N48: 0.097 | O48: 0.0925 | P48: 0.0998 | Q48: 0.1072 | R48: 0.1068 | S48: 0.111 | T48: 0.1302 | U48: 0.1383 | V48: 0.1464 | W48: 0.1545 | X48: 0.1628 | Y48: 0.1713 | Z48: 0.1798 | AA48: 0.1885 | AB48: 0.1972
B49: FE [MtCO2e/Mt N] | C49: 2.0821 | D49: 2.0821 | E49: 2.0821 | F49: 2.0821 | G49: 2.0821 | H49: 2.0821 | I49: 2.0821 | J49: 2.0821 | K49: 2.0821 | L49: 2.0821 | M49: 2.0821 | N49: 2.0821 | O49: 2.0821 | P49: 2.0935 | Q49: 2.0935 | R49: 2.0935 | S49: 2.0935 | T49: 2.0935 | U49: 2.0935 | V49: 2.0935 | W49: 2.0935 | X49: 2.0935 | Y49: 2.0935 | Z49: 2.0935 | AA49: 2.0935 | AB49: 2.0935
B50: FE [MtCO2/Mt N] | C50: 0 | D50: 0 | E50: 0 | F50: 0 | G50: 0 | H50: 0 | I50: 0 | J50: 0 | K50: 0 | L50: 0 | M50: 0 | N50: 0 | O50: 0 | P50: 0 | Q50: 0 | R50: 0 | S50: 0 | T50: 0 | U50: 0 | V50: 0 | W50: 0 | X50: 0 | Y50: 0 | Z50: 0 | AA50: 0 | AB50: 0
B51: FE [MtCH4/Mt N] | C51: 0 | D51: 0 | E51: 0 | F51: 0 | G51: 0 | H51: 0 | I51: 0 | J51: 0 | K51: 0 | L51: 0 | M51: 0 | N51: 0 | O51: 0 | P51: 0 | Q51: 0 | R51: 0 | S51: 0 | T51: 0 | U51: 0 | V51: 0 | W51: 0 | X51: 0 | Y51: 0 | Z51: 0 | AA51: 0 | AB51: 0
B52: FE [MtN2O/Mt N] | C52: 0.0079 | D52: 0.0079 | E52: 0.0079 | F52: 0.0079 | G52: 0.0079 | H52: 0.0079 | I52: 0.0079 | J52: 0.0079 | K52: 0.0079 | L52: 0.0079 | M52: 0.0079 | N52: 0.0079 | O52: 0.0079 | P52: 0.0079 | Q52: 0.0079 | R52: 0.0079 | S52: 0.0079 | T52: 0.0079 | U52: 0.0079 | V52: 0.0079 | W52: 0.0079 | X52: 0.0079 | Y52: 0.0079 | Z52: 0.0079 | AA52: 0.0079 | AB52: 0.0079
B53: Emisiones [MtCO2e] | C53: 0.1790606 | D53: 0.18197554 | E53: 0.1832248 | F53: 0.18655616 | G53: 0.18988752 | H53: 0.18801363 | I53: 0.18613974 | J53: 0.18655616 | K53: 0.18676437 | L53: 0.19488456 | M53: 0.20321296 | N53: 0.2019637 | O53: 0.19259425 | P53: 0.2089313 | Q53: 0.2244232 | R53: 0.2235858 | S53: 0.2323785 | T53: 0.2725737 | U53: 0.28953105 | V53: 0.3064884 | W53: 0.32344575 | X53: 0.3408218 | Y53: 0.35861655 | Z53: 0.3764113 | AA53: 0.39462475 | AB53: 0.4128382
B54: Emisiones [MtCO2] | C54: 0 | D54: 0 | E54: 0 | F54: 0 | G54: 0 | H54: 0 | I54: 0 | J54: 0 | K54: 0 | L54: 0 | M54: 0 | N54: 0 | O54: 0 | P54: 0 | Q54: 0 | R54: 0 | S54: 0 | T54: 0 | U54: 0 | V54: 0 | W54: 0 | X54: 0 | Y54: 0 | Z54: 0 | AA54: 0 | AB54: 0
B55: Emisiones [MtCH4] | C55: 0 | D55: 0 | E55: 0 | F55: 0 | G55: 0 | H55: 0 | I55: 0 | J55: 0 | K55: 0 | L55: 0 | M55: 0 | N55: 0 | O55: 0 | P55: 0 | Q55: 0 | R55: 0 | S55: 0 | T55: 0 | U55: 0 | V55: 0 | W55: 0 | X55: 0 | Y55: 0 | Z55: 0 | AA55: 0 | AB55: 0
B56: Emisiones [MtN2O] | C56: 0.0006794 | D56: 0.00069046 | E56: 0.0006952 | F56: 0.00070784 | G56: 0.00072048 | H56: 0.00071337 | I56: 0.00070626 | J56: 0.00070784 | K56: 0.00070863 | L56: 0.00073944 | M56: 0.00077104 | N56: 0.0007663 | O56: 0.00073075 | P56: 0.00078842 | Q56: 0.00084688 | R56: 0.00084372 | S56: 0.0008769 | T56: 0.00102858 | U56: 0.00109257 | V56: 0.00115656 | W56: 0.00122055 | X56: 0.00128612 | Y56: 0.00135327 | Z56: 0.00142042 | AA56: 0.00148915 | AB56: 0.00155788
B59: Total de emisiones MtCO2e | C59: =C40+C53 -> 0.40533434 | D59: =D40+D53 -> 0.43978666 | E59: =E40+E53 -> 0.47455598 | F59: =F40+F53 -> 0.48097206 | G59: =G40+G53 -> 0.4874184 | H59: =H40+H53 -> 0.49000818 | I59: =I40+I53 -> 0.49259226 | J59: =J40+J53 -> 0.49928854 | ... AB59: =AB40+AB53 -> 1.2563494
B60: % TEC 1 | C60: =C40/C59 -> 0.55823975 | D60: =D40/D59 -> 0.5862186 | E60: =E40/E59 -> 0.61390266 | F60: =F40/F59 -> 0.61212682 | G60: =G40/G59 -> 0.61042193 | H60: =H40/H59 -> 0.61630512 | I60: =I40/I59 -> 0.62212208 | J60: =J40/J59 -> 0.62635601 | ... AB60: =AB40/AB59 -> 0.67139858
B61: % TEC 2 | C61: =C53/C59 -> 0.44176025 | D61: =D53/D59 -> 0.4137814 | E61: =E53/E59 -> 0.38609734 | F61: =F53/F59 -> 0.38787318 | G61: =G53/G59 -> 0.38957807 | H61: =H53/H59 -> 0.38369488 | I61: =I53/I59 -> 0.37787792 | J61: =J53/J59 -> 0.37364399 | ... AB61: =AB53/AB59 -> 0.32860142
B62: % Total | C62: =C60+C61 -> 1 | D62: =D60+D61 -> 1 | E62: =E60+E61 -> 1 | F62: =F60+F61 -> 1 | G62: =G60+G61 -> 1 | H62: =H60+H61 -> 1 | I62: =I60+I61 -> 1 | J62: =J60+J61 -> 1 | ... AB62: =AB60+AB61 -> 1
B66: NDC Incondicional de la 2da NDC (5ta Comunicación) | C66: 2010 | D66: 2011 | E66: 2012 | F66: 2013 | G66: 2014 | H66: 2015 | I66: 2016 | J66: 2017 | K66: 2018 | L66: 2019 | M66: 2020 | N66: 2021 | O66: 2022 | P66: 2023 | Q66: 2024 | R66: 2025 | S66: 2026 | T66: 2027 | U66: 2028 | V66: 2029 | W66: 2030 | X66: 2031 | Y66: 2032 | Z66: 2033 | AA66: 2034 | AB66: 2035
B67: Reducción de GgCO2e por TEC 1 | C67: =C20*C60 -> 0 | D67: =D20*D60 -> 0 | E67: =E20*E60 -> 0 | F67: =F20*F60 -> 0 | G67: =G20*G60 -> 0 | H67: =H20*H60 -> 0 | I67: =I20*I60 -> 0 | J67: =J20*J60 -> 0 | ... AB67: =AB20*AB60 -> 59.083075
B68: Reducción de GgCO2e por TEC 2 | C68: =C20*C61 -> 0 | D68: =D20*D61 -> 0 | E68: =E20*E61 -> 0 | F68: =F20*F61 -> 0 | G68: =G20*G61 -> 0 | H68: =H20*H61 -> 0 | I68: =I20*I61 -> 0 | J68: =J20*J61 -> 0 | ... AB68: =AB20*AB61 -> 28.916925
B69: Total | C69: =C67+C68 -> 0 | D69: =D67+D68 -> 0 | E69: =E67+E68 -> 0 | F69: =F67+F68 -> 0 | G69: =G67+G68 -> 0 | H69: =H67+H68 -> 0 | I69: =I67+I68 -> 0 | J69: =J67+J68 -> 0 | ... AB69: =AB67+AB68 -> 88
B71: NDC Incondicional + Condicional de la 2da NDC (5ta Comunicación) | C71: 2010 | D71: 2011 | E71: 2012 | F71: 2013 | G71: 2014 | H71: 2015 | I71: 2016 | J71: 2017 | K71: 2018 | L71: 2019 | M71: 2020 | N71: 2021 | O71: 2022 | P71: 2023 | Q71: 2024 | R71: 2025 | S71: 2026 | T71: 2027 | U71: 2028 | V71: 2029 | W71: 2030 | X71: 2031 | Y71: 2032 | Z71: 2033 | AA71: 2034 | AB71: 2035
B72: Reducción de GgCO2e por TEC 1 | C72: =C21*C60 -> 0 | D72: =D21*D60 -> 0 | E72: =E21*E60 -> 0 | F72: =F21*F60 -> 0 | G72: =G21*G60 -> 0 | H72: =H21*H60 -> 0 | I72: =I21*I60 -> 0 | J72: =J21*J60 -> 0 | ... AB72: =AB21*AB60 -> 99.366989
B73: Reducción de GgCO2e por TEC 2 | C73: =C21*C61 -> 0 | D73: =D21*D61 -> 0 | E73: =E21*E61 -> 0 | F73: =F21*F61 -> 0 | G73: =G21*G61 -> 0 | H73: =H21*H61 -> 0 | I73: =I21*I61 -> 0 | J73: =J21*J61 -> 0 | ... AB73: =AB21*AB61 -> 48.633011
B74: Total | C74: =C72+C73 -> 0 | D74: =D72+D73 -> 0 | E74: =E72+E73 -> 0 | F74: =F72+F73 -> 0 | G74: =G72+G73 -> 0 | H74: =H72+H73 -> 0 | I74: =I72+I73 -> 0 | J74: =J72+J73 -> 0 | ... AB74: =AB72+AB73 -> 148
B78: TEC 1 Incondicional de la 2da NDC (5ta Comunicación)
C80: 2010 | D80: 2011 | E80: 2012 | F80: 2013 | G80: 2014 | H80: 2015 | I80: 2016 | J80: 2017 | K80: 2018 | L80: 2019 | M80: 2020 | N80: 2021 | O80: 2022 | P80: 2023 | Q80: 2024 | R80: 2025 | S80: 2026 | T80: 2027 | U80: 2028 | V80: 2029 | W80: 2030 | X80: 2031 | Y80: 2032 | Z80: 2033 | AA80: 2034 | AB80: 2035
B81: Actividad [Mt DC] | C81: =ROUND(C86/C82,4) -> 0.3417 | D81: =ROUND(D86/D82,4) -> 0.3468 | E81: =ROUND(E86/E82,4) -> 0.3533 | F81: =ROUND(F86/F82,4) -> 0.359 | G81: =ROUND(G86/G82,4) -> 0.3648 | H81: =ROUND(H86/H82,4) -> 0.3705 | I81: =ROUND(I86/I82,4) -> 0.3762 | J81: =ROUND(J86/J82,4) -> 0.3818 | ... AB81: =ROUND(AB86/AB82,4) -> 0.7681
B82: FE [MtCO2e/Mt DC] | C82: 0.6622 | D82: 0.7434 | E82: 0.8246 | F82: 0.8201 | G82: 0.8156 | H82: 0.8151 | I82: 0.8146 | J82: 0.8191 | K82: 0.8236 | L82: 0.7985 | M82: 0.7735 | N82: 0.7936 | O82: 0.8083 | P82: 0.8238 | Q82: 0.8387 | R82: 0.8538 | S82: 0.8693 | T82: 0.885 | U82: 0.901 | V82: 0.9172 | W82: 0.9338 | X82: 0.9507 | Y82: 0.9678 | Z82: 0.9853 | AA82: 1.0031 | AB82: 1.0212
B83: FE [MtCO2/Mt DC] | C83: 0 | D83: 0 | E83: 0 | F83: 0 | G83: 0 | H83: 0 | I83: 0 | J83: 0 | K83: 0 | L83: 0 | M83: 0 | N83: 0 | O83: 0 | P83: 0 | Q83: 0 | R83: 0 | S83: 0 | T83: 0 | U83: 0 | V83: 0 | W83: 0 | X83: 0 | Y83: 0 | Z83: 0 | AA83: 0 | AB83: 0
B84: FE [MtCH4/Mt DC] | C84: 0.0236 | D84: 0.0265 | E84: 0.0294 | F84: 0.0293 | G84: 0.0291 | H84: 0.0291 | I84: 0.0291 | J84: 0.0293 | K84: 0.0294 | L84: 0.0285 | M84: 0.0276 | N84: 0.0283 | O84: 0.0289 | P84: 0.029421998 | Q84: 0.029953423 | R84: 0.030494448 | S84: 0.031045245 | T84: 0.03160599 | U84: 0.032176864 | V84: 0.032758049 | W84: 0.033349731 | X84: 0.033952101 | Y84: 0.03456535 | Z84: 0.035189677 | AA84: 0.035825279 | AB84: 0.036472363
B85: FE [MtN2O/Mt DC] | C85: 0 | D85: 0 | E85: 0 | F85: 0 | G85: 0 | H85: 0 | I85: 0 | J85: 0 | K85: 0 | L85: 0 | M85: 0 | N85: 0 | O85: 0 | P85: 0 | Q85: 0 | R85: 0 | S85: 0 | T85: 0 | U85: 0 | V85: 0 | W85: 0 | X85: 0 | Y85: 0 | Z85: 0 | AA85: 0 | AB85: 0
B86: Emisiones [MtCO2e] | C86: =C40-(C67/1000) -> 0.22627374 | D86: =D40-(D67/1000) -> 0.25781112 | E86: =E40-(E67/1000) -> 0.29133118 | F86: =F40-(F67/1000) -> 0.2944159 | G86: =G40-(G67/1000) -> 0.29753088 | H86: =H40-(H67/1000) -> 0.30199455 | I86: =I40-(I67/1000) -> 0.30645252 | J86: =J40-(J67/1000) -> 0.31273238 | ... AB86: =AB40-(AB67/1000) -> 0.78442813
B87: Emisiones [MtCO2] | C87: 0 | D87: 0 | E87: 0 | F87: 0 | G87: 0 | H87: 0 | I87: 0 | J87: 0 | K87: 0 | L87: 0 | M87: 0 | N87: 0 | O87: 0 | P87: 0 | Q87: 0 | R87: 0 | S87: 0 | T87: 0 | U87: 0 | V87: 0 | W87: 0 | X87: 0 | Y87: 0 | Z87: 0 | AA87: 0 | AB87: 0
B88: Emisiones [MtCH4] | C88: =C86/28 -> 0.008081205 | D88: =D86/28 -> 0.00920754 | E88: =E86/28 -> 0.010404685 | F88: =F86/28 -> 0.010514854 | G88: =G86/28 -> 0.010626103 | H88: =H86/28 -> 0.01078552 | I88: =I86/28 -> 0.010944733 | J88: =J86/28 -> 0.011169014 | ... AB88: =AB86/28 -> 0.02801529
B89: Emisiones [MtN2O] | C89: 0 | D89: 0 | E89: 0 | F89: 0 | G89: 0 | H89: 0 | I89: 0 | J89: 0 | K89: 0 | L89: 0 | M89: 0 | N89: 0 | O89: 0 | P89: 0 | Q89: 0 | R89: 0 | S89: 0 | T89: 0 | U89: 0 | V89: 0 | W89: 0 | X89: 0 | Y89: 0 | Z89: 0 | AA89: 0 | AB89: 0
B91: TEC 2 Incondicional de la 2da NDC (5ta Comunicación)
C93: 2010 | D93: 2011 | E93: 2012 | F93: 2013 | G93: 2014 | H93: 2015 | I93: 2016 | J93: 2017 | K93: 2018 | L93: 2019 | M93: 2020 | N93: 2021 | O93: 2022 | P93: 2023 | Q93: 2024 | R93: 2025 | S93: 2026 | T93: 2027 | U93: 2028 | V93: 2029 | W93: 2030 | X93: 2031 | Y93: 2032 | Z93: 2033 | AA93: 2034 | AB93: 2035
B94: Actividad [Mt N] | C94: =ROUND(C99/C95,4) -> 0.086 | D94: =ROUND(D99/D95,4) -> 0.0874 | E94: =ROUND(E99/E95,4) -> 0.088 | F94: =ROUND(F99/F95,4) -> 0.0896 | G94: =ROUND(G99/G95,4) -> 0.0912 | H94: =ROUND(H99/H95,4) -> 0.0903 | I94: =ROUND(I99/I95,4) -> 0.0894 | J94: =ROUND(J99/J95,4) -> 0.0896 | ... AB94: =ROUND(AB99/AB95,4) -> 0.1834
B95: FE [MtCO2e/Mt N] | C95: 2.0821 | D95: 2.0821 | E95: 2.0821 | F95: 2.0821 | G95: 2.0821 | H95: 2.0821 | I95: 2.0821 | J95: 2.0821 | K95: 2.0821 | L95: 2.0821 | M95: 2.0821 | N95: 2.0821 | O95: 2.0821 | P95: 2.0935 | Q95: 2.0935 | R95: 2.0935 | S95: 2.0935 | T95: 2.0935 | U95: 2.0935 | V95: 2.0935 | W95: 2.0935 | X95: 2.0935 | Y95: 2.0935 | Z95: 2.0935 | AA95: 2.0935 | AB95: 2.0935
B96: FE [MtCO2/Mt N] | C96: 0 | D96: 0 | E96: 0 | F96: 0 | G96: 0 | H96: 0 | I96: 0 | J96: 0 | K96: 0 | L96: 0 | M96: 0 | N96: 0 | O96: 0 | P96: 0 | Q96: 0 | R96: 0 | S96: 0 | T96: 0 | U96: 0 | V96: 0 | W96: 0 | X96: 0 | Y96: 0 | Z96: 0 | AA96: 0 | AB96: 0
B97: FE [MtCH4/Mt N] | C97: 0 | D97: 0 | E97: 0 | F97: 0 | G97: 0 | H97: 0 | I97: 0 | J97: 0 | K97: 0 | L97: 0 | M97: 0 | N97: 0 | O97: 0 | P97: 0 | Q97: 0 | R97: 0 | S97: 0 | T97: 0 | U97: 0 | V97: 0 | W97: 0 | X97: 0 | Y97: 0 | Z97: 0 | AA97: 0 | AB97: 0
B98: FE [MtN2O/Mt N] | C98: 0.0079 | D98: 0.0079 | E98: 0.0079 | F98: 0.0079 | G98: 0.0079 | H98: 0.0079 | I98: 0.0079 | J98: 0.0079 | K98: 0.0079 | L98: 0.0079 | M98: 0.0079 | N98: 0.0079 | O98: 0.0079 | P98: 0.0079 | Q98: 0.0079 | R98: 0.0079 | S98: 0.0079 | T98: 0.0079 | U98: 0.0079 | V98: 0.0079 | W98: 0.0079 | X98: 0.0079 | Y98: 0.0079 | Z98: 0.0079 | AA98: 0.0079 | AB98: 0.0079
B99: Emisiones [MtCO2e] | C99: =C53-(C68/1000) -> 0.1790606 | D99: =D53-(D68/1000) -> 0.18197554 | E99: =E53-(E68/1000) -> 0.1832248 | F99: =F53-(F68/1000) -> 0.18655616 | G99: =G53-(G68/1000) -> 0.18988752 | H99: =H53-(H68/1000) -> 0.18801363 | I99: =I53-(I68/1000) -> 0.18613974 | J99: =J53-(J68/1000) -> 0.18655616 | ... AB99: =AB53-(AB68/1000) -> 0.38392127
B100: Emisiones [MtCO2] | C100: 0 | D100: 0 | E100: 0 | F100: 0 | G100: 0 | H100: 0 | I100: 0 | J100: 0 | K100: 0 | L100: 0 | M100: 0 | N100: 0 | O100: 0 | P100: 0 | Q100: 0 | R100: 0 | S100: 0 | T100: 0 | U100: 0 | V100: 0 | W100: 0 | X100: 0 | Y100: 0 | Z100: 0 | AA100: 0 | AB100: 0
B101: Emisiones [MtCH4] | C101: 0 | D101: 0 | E101: 0 | F101: 0 | G101: 0 | H101: 0 | I101: 0 | J101: 0 | K101: 0 | L101: 0 | M101: 0 | N101: 0 | O101: 0 | P101: 0 | Q101: 0 | R101: 0 | S101: 0 | T101: 0 | U101: 0 | V101: 0 | W101: 0 | X101: 0 | Y101: 0 | Z101: 0 | AA101: 0 | AB101: 0
B102: Emisiones [MtN2O] | C102: =C99/265 -> 0.00067570038 | D102: =D99/265 -> 0.00068670015 | E102: =E99/265 -> 0.00069141434 | F102: =F99/265 -> 0.00070398551 | G102: =G99/265 -> 0.00071655668 | H102: =H99/265 -> 0.0007094854 | I102: =I99/265 -> 0.00070241411 | J102: =J99/265 -> 0.00070398551 | ... AB102: =AB99/265 -> 0.0014487595

Sheet Ini_I+C_PTAR
C4: Iniciativas Incondicionales
C6: 2010 | D6: 2011 | E6: 2012 | F6: 2013 | G6: 2014 | H6: 2015 | I6: 2016 | J6: 2017 | K6: 2018 | L6: 2019 | M6: 2020 | N6: 2021 | O6: 2022 | P6: 2023 | Q6: 2024 | R6: 2025 | S6: 2026 | T6: 2027 | U6: 2028 | V6: 2029 | W6: 2030 | X6: 2031 | Y6: 2032 | Z6: 2033 | AA6: 2034 | AB6: 2035
B7: 1 | C7: 0 | D7: 0 | E7: 0 | F7: 0 | G7: 0 | H7: 0 | I7: 0 | J7: 0 | K7: 0 | L7: 0 | M7: 0 | N7: 0 | O7: 0 | P7: 0 | Q7: 0 | R7: 0 | S7: 3.7 | T7: 7.4 | U7: 11.1 | V7: 14.8 | W7: 18.5 | X7: 22.2 | Y7: 25.9 | Z7: 29.6 | AA7: 33.3 | AB7: 37
B8: 2 | C8: 0 | D8: 0 | E8: 0 | F8: 0 | G8: 0 | H8: 0 | I8: 0 | J8: 0 | K8: 0 | L8: 0 | M8: 0 | N8: 0 | O8: 0 | P8: 0 | Q8: 0 | R8: 0 | S8: 0 | T8: 5.6666667 | U8: 11.333333 | V8: 17 | W8: 22.666667 | X8: 28.333333 | Y8: 34 | Z8: 39.666667 | AA8: 45.333333 | AB8: 51
C11: Iniciativas Condicionales
C13: 2010 | D13: 2011 | E13: 2012 | F13: 2013 | G13: 2014 | H13: 2015 | I13: 2016 | J13: 2017 | K13: 2018 | L13: 2019 | M13: 2020 | N13: 2021 | O13: 2022 | P13: 2023 | Q13: 2024 | R13: 2025 | S13: 2026 | T13: 2027 | U13: 2028 | V13: 2029 | W13: 2030 | X13: 2031 | Y13: 2032 | Z13: 2033 | AA13: 2034 | AB13: 2035
B14: 1 | C14: 0 | D14: 0 | E14: 0 | F14: 0 | G14: 0 | H14: 0 | I14: 0 | J14: 0 | K14: 0 | L14: 0 | M14: 0 | N14: 0 | O14: 0 | P14: 0 | Q14: 0 | R14: 0 | S14: 0 | T14: 0 | U14: 0 | V14: 0 | W14: 0 | X14: 0 | Y14: 0 | Z14: 0 | AA14: 30 | AB14: 60
C19: 2010 | D19: 2011 | E19: 2012 | F19: 2013 | G19: 2014 | H19: 2015 | I19: 2016 | J19: 2017 | K19: 2018 | L19: 2019 | M19: 2020 | N19: 2021 | O19: 2022 | P19: 2023 | Q19: 2024 | R19: 2025 | S19: 2026 | T19: 2027 | U19: 2028 | V19: 2029 | W19: 2030 | X19: 2031 | Y19: 2032 | Z19: 2033 | AA19: 2034 | AB19: 2035
B20: NDC Incondicional de la 2da NDC (5ta Comunicación) | C20: =C7+C8 -> 0 | D20: =D7+D8 -> 0 | E20: =E7+E8 -> 0 | F20: =F7+F8 -> 0 | G20: =G7+G8 -> 0 | H20: =H7+H8 -> 0 | I20: =I7+I8 -> 0 | J20: =J7+J8 -> 0 | ... AB20: =AB7+AB8 -> 88
B21: NDC Incondicional + Condicional de la 2da NDC (5ta Comunicación) | C21: =C7+C8+C14 -> 0 | D21: =D7+D8+D14 -> 0 | E21: =E7+E8+E14 -> 0 | F21: =F7+F8+F14 -> 0 | G21: =G7+G8+G14 -> 0 | H21: =H7+H8+H14 -> 0 | I21: =I7+I8+I14 -> 0 | J21: =J7+J8+J14 -> 0 | ... AB21: =AB7+AB8+AB14 -> 148
B32: TEC 1 ORIGINAL
C34: 2010 | D34: 2011 | E34: 2012 | F34: 2013 | G34: 2014 | H34: 2015 | I34: 2016 | J34: 2017 | K34: 2018 | L34: 2019 | M34: 2020 | N34: 2021 | O34: 2022 | P34: 2023 | Q34: 2024 | R34: 2025 | S34: 2026 | T34: 2027 | U34: 2028 | V34: 2029 | W34: 2030 | X34: 2031 | Y34: 2032 | Z34: 2033 | AA34: 2034 | AB34: 2035
B35: Actividad [Mt DC] | C35: 0.3417 | D35: 0.3468 | E35: 0.3533 | F35: 0.359 | G35: 0.3648 | H35: 0.3705 | I35: 0.3762 | J35: 0.3818 | K35: 0.3874 | L35: 0.3928 | M35: 0.3985 | N35: 0.3991 | O35: 0.3874 | P35: 0.4178 | Q35: 0.4491 | R35: 0.4473 | S35: 0.4647 | T35: 0.5455 | U35: 0.5794 | V35: 0.6132 | W35: 0.6471 | X35: 0.6819 | Y35: 0.7175 | Z35: 0.7531 | AA35: 0.7896 | AB35: 0.826
B36: FE [MtCO2e/Mt DC] | C36: 0.6622 | D36: 0.7434 | E36: 0.8246 | F36: 0.8201 | G36: 0.8156 | H36: 0.8151 | I36: 0.8146 | J36: 0.8191 | K36: 0.8236 | L36: 0.7985 | M36: 0.7735 | N36: 0.7936 | O36: 0.8083 | P36: 0.8238 | Q36: 0.8387 | R36: 0.8538 | S36: 0.8693 | T36: 0.885 | U36: 0.901 | V36: 0.9172 | W36: 0.9338 | X36: 0.9507 | Y36: 0.9678 | Z36: 0.9853 | AA36: 1.0031 | AB36: 1.0212
B37: FE [MtCO2/Mt DC] | C37: 0 | D37: 0 | E37: 0 | F37: 0 | G37: 0 | H37: 0 | I37: 0 | J37: 0 | K37: 0 | L37: 0 | M37: 0 | N37: 0 | O37: 0 | P37: 0 | Q37: 0 | R37: 0 | S37: 0 | T37: 0 | U37: 0 | V37: 0 | W37: 0 | X37: 0 | Y37: 0 | Z37: 0 | AA37: 0 | AB37: 0
B38: FE [MtCH4/Mt DC] | C38: 0.0236 | D38: 0.0265 | E38: 0.0294 | F38: 0.0293 | G38: 0.0291 | H38: 0.0291 | I38: 0.0291 | J38: 0.0293 | K38: 0.0294 | L38: 0.0285 | M38: 0.0276 | N38: 0.0283 | O38: 0.0289 | P38: 0.029421998 | Q38: 0.029953423 | R38: 0.030494448 | S38: 0.031045245 | T38: 0.03160599 | U38: 0.032176864 | V38: 0.032758049 | W38: 0.033349731 | X38: 0.033952101 | Y38: 0.03456535 | Z38: 0.035189677 | AA38: 0.035825279 | AB38: 0.036472363
B39: FE [MtN2O/Mt DC] | C39: 0 | D39: 0 | E39: 0 | F39: 0 | G39: 0 | H39: 0 | I39: 0 | J39: 0 | K39: 0 | L39: 0 | M39: 0 | N39: 0 | O39: 0 | P39: 0 | Q39: 0 | R39: 0 | S39: 0 | T39: 0 | U39: 0 | V39: 0 | W39: 0 | X39: 0 | Y39: 0 | Z39: 0 | AA39: 0 | AB39: 0
B40: Emisiones [MtCO2e] | C40: 0.22627374 | D40: 0.25781112 | E40: 0.29133118 | F40: 0.2944159 | G40: 0.29753088 | H40: 0.30199455 | I40: 0.30645252 | J40: 0.31273238 | K40: 0.31906264 | L40: 0.3136508 | M40: 0.30823975 | N40: 0.31672576 | O40: 0.31313542 | P40: 0.34418364 | Q40: 0.37666017 | R40: 0.38190474 | S40: 0.40396371 | T40: 0.4827675 | U40: 0.5220394 | V40: 0.56242704 | W40: 0.60426198 | X40: 0.64828233 | Y40: 0.6943965 | Z40: 0.74202943 | AA40: 0.79204776 | AB40: 0.8435112
B41: Emisiones [MtCO2] | C41: 0 | D41: 0 | E41: 0 | F41: 0 | G41: 0 | H41: 0 | I41: 0 | J41: 0 | K41: 0 | L41: 0 | M41: 0 | N41: 0 | O41: 0 | P41: 0 | Q41: 0 | R41: 0 | S41: 0 | T41: 0 | U41: 0 | V41: 0 | W41: 0 | X41: 0 | Y41: 0 | Z41: 0 | AA41: 0 | AB41: 0
B42: Emisiones [MtCH4] | C42: 0.00806412 | D42: 0.0091902 | E42: 0.01038702 | F42: 0.0105187 | G42: 0.01061568 | H42: 0.01078155 | I42: 0.01094742 | J42: 0.01118674 | K42: 0.01138956 | L42: 0.0111948 | M42: 0.0109986 | N42: 0.01129453 | O42: 0.01119586 | P42: 0.012292511 | Q42: 0.013452082 | R42: 0.013640167 | S42: 0.014426725 | T42: 0.017241068 | U42: 0.018643275 | V42: 0.020087236 | W42: 0.021580611 | X42: 0.023151937 | Y42: 0.024800639 | Z42: 0.026501345 | AA42: 0.028287641 | AB42: 0.030126172
B43: Emisiones [MtN2O] | C43: 0 | D43: 0 | E43: 0 | F43: 0 | G43: 0 | H43: 0 | I43: 0 | J43: 0 | K43: 0 | L43: 0 | M43: 0 | N43: 0 | O43: 0 | P43: 0 | Q43: 0 | R43: 0 | S43: 0 | T43: 0 | U43: 0 | V43: 0 | W43: 0 | X43: 0 | Y43: 0 | Z43: 0 | AA43: 0 | AB43: 0
B45: TEC 2 ORIGINAL
C47: 2010 | D47: 2011 | E47: 2012 | F47: 2013 | G47: 2014 | H47: 2015 | I47: 2016 | J47: 2017 | K47: 2018 | L47: 2019 | M47: 2020 | N47: 2021 | O47: 2022 | P47: 2023 | Q47: 2024 | R47: 2025 | S47: 2026 | T47: 2027 | U47: 2028 | V47: 2029 | W47: 2030 | X47: 2031 | Y47: 2032 | Z47: 2033 | AA47: 2034 | AB47: 2035
B48: Actividad [Mt N] | C48: 0.086 | D48: 0.0874 | E48: 0.088 | F48: 0.0896 | G48: 0.0912 | H48: 0.0903 | I48: 0.0894 | J48: 0.0896 | K48: 0.0897 | L48: 0.0936 | M48: 0.0976 | N48: 0.097 | O48: 0.0925 | P48: 0.0998 | Q48: 0.1072 | R48: 0.1068 | S48: 0.111 | T48: 0.1302 | U48: 0.1383 | V48: 0.1464 | W48: 0.1545 | X48: 0.1628 | Y48: 0.1713 | Z48: 0.1798 | AA48: 0.1885 | AB48: 0.1972
B49: FE [MtCO2e/Mt N] | C49: 2.0821 | D49: 2.0821 | E49: 2.0821 | F49: 2.0821 | G49: 2.0821 | H49: 2.0821 | I49: 2.0821 | J49: 2.0821 | K49: 2.0821 | L49: 2.0821 | M49: 2.0821 | N49: 2.0821 | O49: 2.0821 | P49: 2.0935 | Q49: 2.0935 | R49: 2.0935 | S49: 2.0935 | T49: 2.0935 | U49: 2.0935 | V49: 2.0935 | W49: 2.0935 | X49: 2.0935 | Y49: 2.0935 | Z49: 2.0935 | AA49: 2.0935 | AB49: 2.0935
B50: FE [MtCO2/Mt N] | C50: 0 | D50: 0 | E50: 0 | F50: 0 | G50: 0 | H50: 0 | I50: 0 | J50: 0 | K50: 0 | L50: 0 | M50: 0 | N50: 0 | O50: 0 | P50: 0 | Q50: 0 | R50: 0 | S50: 0 | T50: 0 | U50: 0 | V50: 0 | W50: 0 | X50: 0 | Y50: 0 | Z50: 0 | AA50: 0 | AB50: 0
B51: FE [MtCH4/Mt N] | C51: 0 | D51: 0 | E51: 0 | F51: 0 | G51: 0 | H51: 0 | I51: 0 | J51: 0 | K51: 0 | L51: 0 | M51: 0 | N51: 0 | O51: 0 | P51: 0 | Q51: 0 | R51: 0 | S51: 0 | T51: 0 | U51: 0 | V51: 0 | W51: 0 | X51: 0 | Y51: 0 | Z51: 0 | AA51: 0 | AB51: 0
B52: FE [MtN2O/Mt N] | C52: 0.0079 | D52: 0.0079 | E52: 0.0079 | F52: 0.0079 | G52: 0.0079 | H52: 0.0079 | I52: 0.0079 | J52: 0.0079 | K52: 0.0079 | L52: 0.0079 | M52: 0.0079 | N52: 0.0079 | O52: 0.0079 | P52: 0.0079 | Q52: 0.0079 | R52: 0.0079 | S52: 0.0079 | T52: 0.0079 | U52: 0.0079 | V52: 0.0079 | W52: 0.0079 | X52: 0.0079 | Y52: 0.0079 | Z52: 0.0079 | AA52: 0.0079 | AB52: 0.0079
B53: Emisiones [MtCO2e] | C53: 0.1790606 | D53: 0.18197554 | E53: 0.1832248 | F53: 0.18655616 | G53: 0.18988752 | H53: 0.18801363 | I53: 0.18613974 | J53: 0.18655616 | K53: 0.18676437 | L53: 0.19488456 | M53: 0.20321296 | N53: 0.2019637 | O53: 0.19259425 | P53: 0.2089313 | Q53: 0.2244232 | R53: 0.2235858 | S53: 0.2323785 | T53: 0.2725737 | U53: 0.28953105 | V53: 0.3064884 | W53: 0.32344575 | X53: 0.3408218 | Y53: 0.35861655 | Z53: 0.3764113 | AA53: 0.39462475 | AB53: 0.4128382
B54: Emisiones [MtCO2] | C54: 0 | D54: 0 | E54: 0 | F54: 0 | G54: 0 | H54: 0 | I54: 0 | J54: 0 | K54: 0 | L54: 0 | M54: 0 | N54: 0 | O54: 0 | P54: 0 | Q54: 0 | R54: 0 | S54: 0 | T54: 0 | U54: 0 | V54: 0 | W54: 0 | X54: 0 | Y54: 0 | Z54: 0 | AA54: 0 | AB54: 0
B55: Emisiones [MtCH4] | C55: 0 | D55: 0 | E55: 0 | F55: 0 | G55: 0 | H55: 0 | I55: 0 | J55: 0 | K55: 0 | L55: 0 | M55: 0 | N55: 0 | O55: 0 | P55: 0 | Q55: 0 | R55: 0 | S55: 0 | T55: 0 | U55: 0 | V55: 0 | W55: 0 | X55: 0 | Y55: 0 | Z55: 0 | AA55: 0 | AB55: 0
B56: Emisiones [MtN2O] | C56: 0.0006794 | D56: 0.00069046 | E56: 0.0006952 | F56: 0.00070784 | G56: 0.00072048 | H56: 0.00071337 | I56: 0.00070626 | J56: 0.00070784 | K56: 0.00070863 | L56: 0.00073944 | M56: 0.00077104 | N56: 0.0007663 | O56: 0.00073075 | P56: 0.00078842 | Q56: 0.00084688 | R56: 0.00084372 | S56: 0.0008769 | T56: 0.00102858 | U56: 0.00109257 | V56: 0.00115656 | W56: 0.00122055 | X56: 0.00128612 | Y56: 0.00135327 | Z56: 0.00142042 | AA56: 0.00148915 | AB56: 0.00155788
B59: Total de emisiones MtCO2e | C59: =C40+C53 -> 0.40533434 | D59: =D40+D53 -> 0.43978666 | E59: =E40+E53 -> 0.47455598 | F59: =F40+F53 -> 0.48097206 | G59: =G40+G53 -> 0.4874184 | H59: =H40+H53 -> 0.49000818 | I59: =I40+I53 -> 0.49259226 | J59: =J40+J53 -> 0.49928854 | ... AB59: =AB40+AB53 -> 1.2563494
B60: % TEC 1 | C60: =C40/C59 -> 0.55823975 | D60: =D40/D59 -> 0.5862186 | E60: =E40/E59 -> 0.61390266 | F60: =F40/F59 -> 0.61212682 | G60: =G40/G59 -> 0.61042193 | H60: =H40/H59 -> 0.61630512 | I60: =I40/I59 -> 0.62212208 | J60: =J40/J59 -> 0.62635601 | ... AB60: =AB40/AB59 -> 0.67139858
B61: % TEC 2 | C61: =C53/C59 -> 0.44176025 | D61: =D53/D59 -> 0.4137814 | E61: =E53/E59 -> 0.38609734 | F61: =F53/F59 -> 0.38787318 | G61: =G53/G59 -> 0.38957807 | H61: =H53/H59 -> 0.38369488 | I61: =I53/I59 -> 0.37787792 | J61: =J53/J59 -> 0.37364399 | ... AB61: =AB53/AB59 -> 0.32860142
B62: % Total | C62: =C60+C61 -> 1 | D62: =D60+D61 -> 1 | E62: =E60+E61 -> 1 | F62: =F60+F61 -> 1 | G62: =G60+G61 -> 1 | H62: =H60+H61 -> 1 | I62: =I60+I61 -> 1 | J62: =J60+J61 -> 1 | ... AB62: =AB60+AB61 -> 1
B66: NDC Incondicional de la 2da NDC (5ta Comunicación) | C66: 2010 | D66: 2011 | E66: 2012 | F66: 2013 | G66: 2014 | H66: 2015 | I66: 2016 | J66: 2017 | K66: 2018 | L66: 2019 | M66: 2020 | N66: 2021 | O66: 2022 | P66: 2023 | Q66: 2024 | R66: 2025 | S66: 2026 | T66: 2027 | U66: 2028 | V66: 2029 | W66: 2030 | X66: 2031 | Y66: 2032 | Z66: 2033 | AA66: 2034 | AB66: 2035
B67: Reducción de GgCO2e por TEC 1 | C67: =C20*C60 -> 0 | D67: =D20*D60 -> 0 | E67: =E20*E60 -> 0 | F67: =F20*F60 -> 0 | G67: =G20*G60 -> 0 | H67: =H20*H60 -> 0 | I67: =I20*I60 -> 0 | J67: =J20*J60 -> 0 | ... AB67: =AB20*AB60 -> 59.083075
B68: Reducción de GgCO2e por TEC 2 | C68: =C20*C61 -> 0 | D68: =D20*D61 -> 0 | E68: =E20*E61 -> 0 | F68: =F20*F61 -> 0 | G68: =G20*G61 -> 0 | H68: =H20*H61 -> 0 | I68: =I20*I61 -> 0 | J68: =J20*J61 -> 0 | ... AB68: =AB20*AB61 -> 28.916925
B69: Total | C69: =C67+C68 -> 0 | D69: =D67+D68 -> 0 | E69: =E67+E68 -> 0 | F69: =F67+F68 -> 0 | G69: =G67+G68 -> 0 | H69: =H67+H68 -> 0 | I69: =I67+I68 -> 0 | J69: =J67+J68 -> 0 | ... AB69: =AB67+AB68 -> 88
B71: NDC Incondicional + Condicional de la 2da NDC (5ta Comunicación) | C71: 2010 | D71: 2011 | E71: 2012 | F71: 2013 | G71: 2014 | H71: 2015 | I71: 2016 | J71: 2017 | K71: 2018 | L71: 2019 | M71: 2020 | N71: 2021 | O71: 2022 | P71: 2023 | Q71: 2024 | R71: 2025 | S71: 2026 | T71: 2027 | U71: 2028 | V71: 2029 | W71: 2030 | X71: 2031 | Y71: 2032 | Z71: 2033 | AA71: 2034 | AB71: 2035
B72: Reducción de GgCO2e por TEC 1 | C72: =C21*C60 -> 0 | D72: =D21*D60 -> 0 | E72: =E21*E60 -> 0 | F72: =F21*F60 -> 0 | G72: =G21*G60 -> 0 | H72: =H21*H60 -> 0 | I72: =I21*I60 -> 0 | J72: =J21*J60 -> 0 | ... AB72: =AB21*AB60 -> 99.366989
B73: Reducción de GgCO2e por TEC 2 | C73: =C21*C61 -> 0 | D73: =D21*D61 -> 0 | E73: =E21*E61 -> 0 | F73: =F21*F61 -> 0 | G73: =G21*G61 -> 0 | H73: =H21*H61 -> 0 | I73: =I21*I61 -> 0 | J73: =J21*J61 -> 0 | ... AB73: =AB21*AB61 -> 48.633011
B74: Total | C74: =C72+C73 -> 0 | D74: =D72+D73 -> 0 | E74: =E72+E73 -> 0 | F74: =F72+F73 -> 0 | G74: =G72+G73 -> 0 | H74: =H72+H73 -> 0 | I74: =I72+I73 -> 0 | J74: =J72+J73 -> 0 | ... AB74: =AB72+AB73 -> 148
B78: TEC 1 Incondicional de la 2da NDC (5ta Comunicación)
C80: 2010 | D80: 2011 | E80: 2012 | F80: 2013 | G80: 2014 | H80: 2015 | I80: 2016 | J80: 2017 | K80: 2018 | L80: 2019 | M80: 2020 | N80: 2021 | O80: 2022 | P80: 2023 | Q80: 2024 | R80: 2025 | S80: 2026 | T80: 2027 | U80: 2028 | V80: 2029 | W80: 2030 | X80: 2031 | Y80: 2032 | Z80: 2033 | AA80: 2034 | AB80: 2035
B81: Actividad [Mt DC] | C81: =ROUND(C86/C82,4) -> 0.3417 | D81: =ROUND(D86/D82,4) -> 0.3468 | E81: =ROUND(E86/E82,4) -> 0.3533 | F81: =ROUND(F86/F82,4) -> 0.359 | G81: =ROUND(G86/G82,4) -> 0.3648 | H81: =ROUND(H86/H82,4) -> 0.3705 | I81: =ROUND(I86/I82,4) -> 0.3762 | J81: =ROUND(J86/J82,4) -> 0.3818 | ... AB81: =ROUND(AB86/AB82,4) -> 0.7287
B82: FE [MtCO2e/Mt DC] | C82: 0.6622 | D82: 0.7434 | E82: 0.8246 | F82: 0.8201 | G82: 0.8156 | H82: 0.8151 | I82: 0.8146 | J82: 0.8191 | K82: 0.8236 | L82: 0.7985 | M82: 0.7735 | N82: 0.7936 | O82: 0.8083 | P82: 0.8238 | Q82: 0.8387 | R82: 0.8538 | S82: 0.8693 | T82: 0.885 | U82: 0.901 | V82: 0.9172 | W82: 0.9338 | X82: 0.9507 | Y82: 0.9678 | Z82: 0.9853 | AA82: 1.0031 | AB82: 1.0212
B83: FE [MtCO2/Mt DC] | C83: 0 | D83: 0 | E83: 0 | F83: 0 | G83: 0 | H83: 0 | I83: 0 | J83: 0 | K83: 0 | L83: 0 | M83: 0 | N83: 0 | O83: 0 | P83: 0 | Q83: 0 | R83: 0 | S83: 0 | T83: 0 | U83: 0 | V83: 0 | W83: 0 | X83: 0 | Y83: 0 | Z83: 0 | AA83: 0 | AB83: 0
B84: FE [MtCH4/Mt DC] | C84: 0.0236 | D84: 0.0265 | E84: 0.0294 | F84: 0.0293 | G84: 0.0291 | H84: 0.0291 | I84: 0.0291 | J84: 0.0293 | K84: 0.0294 | L84: 0.0285 | M84: 0.0276 | N84: 0.0283 | O84: 0.0289 | P84: 0.029421998 | Q84: 0.029953423 | R84: 0.030494448 | S84: 0.031045245 | T84: 0.03160599 | U84: 0.032176864 | V84: 0.032758049 | W84: 0.033349731 | X84: 0.033952101 | Y84: 0.03456535 | Z84: 0.035189677 | AA84: 0.035825279 | AB84: 0.036472363
B85: FE [MtN2O/Mt DC] | C85: 0 | D85: 0 | E85: 0 | F85: 0 | G85: 0 | H85: 0 | I85: 0 | J85: 0 | K85: 0 | L85: 0 | M85: 0 | N85: 0 | O85: 0 | P85: 0 | Q85: 0 | R85: 0 | S85: 0 | T85: 0 | U85: 0 | V85: 0 | W85: 0 | X85: 0 | Y85: 0 | Z85: 0 | AA85: 0 | AB85: 0
B86: Emisiones [MtCO2e] | C86: =C40-(C72/1000) -> 0.22627374 | D86: =D40-(D72/1000) -> 0.25781112 | E86: =E40-(E72/1000) -> 0.29133118 | F86: =F40-(F72/1000) -> 0.2944159 | G86: =G40-(G72/1000) -> 0.29753088 | H86: =H40-(H72/1000) -> 0.30199455 | I86: =I40-(I72/1000) -> 0.30645252 | J86: =J40-(J72/1000) -> 0.31273238 | ... AB86: =AB40-(AB72/1000) -> 0.74414421
B87: Emisiones [MtCO2] | C87: 0 | D87: 0 | E87: 0 | F87: 0 | G87: 0 | H87: 0 | I87: 0 | J87: 0 | K87: 0 | L87: 0 | M87: 0 | N87: 0 | O87: 0 | P87: 0 | Q87: 0 | R87: 0 | S87: 0 | T87: 0 | U87: 0 | V87: 0 | W87: 0 | X87: 0 | Y87: 0 | Z87: 0 | AA87: 0 | AB87: 0
B88: Emisiones [MtCH4] | C88: =C86/28 -> 0.008081205 | D88: =D86/28 -> 0.00920754 | E88: =E86/28 -> 0.010404685 | F88: =F86/28 -> 0.010514854 | G88: =G86/28 -> 0.010626103 | H88: =H86/28 -> 0.01078552 | I88: =I86/28 -> 0.010944733 | J88: =J86/28 -> 0.011169014 | ... AB88: =AB86/28 -> 0.026576579
B89: Emisiones [MtN2O] | C89: 0 | D89: 0 | E89: 0 | F89: 0 | G89: 0 | H89: 0 | I89: 0 | J89: 0 | K89: 0 | L89: 0 | M89: 0 | N89: 0 | O89: 0 | P89: 0 | Q89: 0 | R89: 0 | S89: 0 | T89: 0 | U89: 0 | V89: 0 | W89: 0 | X89: 0 | Y89: 0 | Z89: 0 | AA89: 0 | AB89: 0
B91: TEC 2 Incondicional de la 2da NDC (5ta Comunicación)
C93: 2010 | D93: 2011 | E93: 2012 | F93: 2013 | G93: 2014 | H93: 2015 | I93: 2016 | J93: 2017 | K93: 2018 | L93: 2019 | M93: 2020 | N93: 2021 | O93: 2022 | P93: 2023 | Q93: 2024 | R93: 2025 | S93: 2026 | T93: 2027 | U93: 2028 | V93: 2029 | W93: 2030 | X93: 2031 | Y93: 2032 | Z93: 2033 | AA93: 2034 | AB93: 2035
B94: Actividad [Mt N] | C94: =ROUND(C99/C95,4) -> 0.086 | D94: =ROUND(D99/D95,4) -> 0.0874 | E94: =ROUND(E99/E95,4) -> 0.088 | F94: =ROUND(F99/F95,4) -> 0.0896 | G94: =ROUND(G99/G95,4) -> 0.0912 | H94: =ROUND(H99/H95,4) -> 0.0903 | I94: =ROUND(I99/I95,4) -> 0.0894 | J94: =ROUND(J99/J95,4) -> 0.0896 | ... AB94: =ROUND(AB99/AB95,4) -> 0.174
B95: FE [MtCO2e/Mt N] | C95: 2.0821 | D95: 2.0821 | E95: 2.0821 | F95: 2.0821 | G95: 2.0821 | H95: 2.0821 | I95: 2.0821 | J95: 2.0821 | K95: 2.0821 | L95: 2.0821 | M95: 2.0821 | N95: 2.0821 | O95: 2.0821 | P95: 2.0935 | Q95: 2.0935 | R95: 2.0935 | S95: 2.0935 | T95: 2.0935 | U95: 2.0935 | V95: 2.0935 | W95: 2.0935 | X95: 2.0935 | Y95: 2.0935 | Z95: 2.0935 | AA95: 2.0935 | AB95: 2.0935
B96: FE [MtCO2/Mt N] | C96: 0 | D96: 0 | E96: 0 | F96: 0 | G96: 0 | H96: 0 | I96: 0 | J96: 0 | K96: 0 | L96: 0 | M96: 0 | N96: 0 | O96: 0 | P96: 0 | Q96: 0 | R96: 0 | S96: 0 | T96: 0 | U96: 0 | V96: 0 | W96: 0 | X96: 0 | Y96: 0 | Z96: 0 | AA96: 0 | AB96: 0
B97: FE [MtCH4/Mt N] | C97: 0 | D97: 0 | E97: 0 | F97: 0 | G97: 0 | H97: 0 | I97: 0 | J97: 0 | K97: 0 | L97: 0 | M97: 0 | N97: 0 | O97: 0 | P97: 0 | Q97: 0 | R97: 0 | S97: 0 | T97: 0 | U97: 0 | V97: 0 | W97: 0 | X97: 0 | Y97: 0 | Z97: 0 | AA97: 0 | AB97: 0
B98: FE [MtN2O/Mt N] | C98: 0.0079 | D98: 0.0079 | E98: 0.0079 | F98: 0.0079 | G98: 0.0079 | H98: 0.0079 | I98: 0.0079 | J98: 0.0079 | K98: 0.0079 | L98: 0.0079 | M98: 0.0079 | N98: 0.0079 | O98: 0.0079 | P98: 0.0079 | Q98: 0.0079 | R98: 0.0079 | S98: 0.0079 | T98: 0.0079 | U98: 0.0079 | V98: 0.0079 | W98: 0.0079 | X98: 0.0079 | Y98: 0.0079 | Z98: 0.0079 | AA98: 0.0079 | AB98: 0.0079
B99: Emisiones [MtCO2e] | C99: =C53-(C73/1000) -> 0.1790606 | D99: =D53-(D73/1000) -> 0.18197554 | E99: =E53-(E73/1000) -> 0.1832248 | F99: =F53-(F73/1000) -> 0.18655616 | G99: =G53-(G73/1000) -> 0.18988752 | H99: =H53-(H73/1000) -> 0.18801363 | I99: =I53-(I73/1000) -> 0.18613974 | J99: =J53-(J73/1000) -> 0.18655616 | ... AB99: =AB53-(AB73/1000) -> 0.36420519
B100: Emisiones [MtCO2] | C100: 0 | D100: 0 | E100: 0 | F100: 0 | G100: 0 | H100: 0 | I100: 0 | J100: 0 | K100: 0 | L100: 0 | M100: 0 | N100: 0 | O100: 0 | P100: 0 | Q100: 0 | R100: 0 | S100: 0 | T100: 0 | U100: 0 | V100: 0 | W100: 0 | X100: 0 | Y100: 0 | Z100: 0 | AA100: 0 | AB100: 0
B101: Emisiones [MtCH4] | C101: 0 | D101: 0 | E101: 0 | F101: 0 | G101: 0 | H101: 0 | I101: 0 | J101: 0 | K101: 0 | L101: 0 | M101: 0 | N101: 0 | O101: 0 | P101: 0 | Q101: 0 | R101: 0 | S101: 0 | T101: 0 | U101: 0 | V101: 0 | W101: 0 | X101: 0 | Y101: 0 | Z101: 0 | AA101: 0 | AB101: 0
B102: Emisiones [MtN2O] | C102: =C99/265 -> 0.00067570038 | D102: =D99/265 -> 0.00068670015 | E102: =E99/265 -> 0.00069141434 | F102: =F99/265 -> 0.00070398551 | G102: =G99/265 -> 0.00071655668 | H102: =H99/265 -> 0.0007094854 | I102: =I99/265 -> 0.00070241411 | J102: =J99/265 -> 0.00070398551 | ... AB102: =AB99/265 -> 0.0013743592

Sheet Ini_I+C_PTAR_ARI
C4: Iniciativas Incondicionales
C6: 2010 | D6: 2011 | E6: 2012 | F6: 2013 | G6: 2014 | H6: 2015 | I6: 2016 | J6: 2017 | K6: 2018 | L6: 2019 | M6: 2020 | N6: 2021 | O6: 2022 | P6: 2023 | Q6: 2024 | R6: 2025 | S6: 2026 | T6: 2027 | U6: 2028 | V6: 2029 | W6: 2030 | X6: 2031 | Y6: 2032 | Z6: 2033 | AA6: 2034 | AB6: 2035
B7: 1 | C7: 0 | D7: 0 | E7: 0 | F7: 0 | G7: 0 | H7: 0 | I7: 0 | J7: 0 | K7: 0 | L7: 0 | M7: 0 | N7: 0 | O7: 0 | P7: 0 | Q7: 0 | R7: 1.110223e-16 | S7: 0.8 | T7: 1.6 | U7: 2.4 | V7: 3.2 | W7: 4 | X7: 4.8 | Y7: 5.6 | Z7: 6.4 | AA7: 7.2 | AB7: 8
C10: Iniciativas Condicionales
C12: 2010 | D12: 2011 | E12: 2012 | F12: 2013 | G12: 2014 | H12: 2015 | I12: 2016 | J12: 2017 | K12: 2018 | L12: 2019 | M12: 2020 | N12: 2021 | O12: 2022 | P12: 2023 | Q12: 2024 | R12: 2025 | S12: 2026 | T12: 2027 | U12: 2028 | V12: 2029 | W12: 2030 | X12: 2031 | Y12: 2032 | Z12: 2033 | AA12: 2034 | AB12: 2035
B13: 1 | C13: 0 | D13: 0 | E13: 0 | F13: 0 | G13: 0 | H13: 0 | I13: 0 | J13: 0 | K13: 0 | L13: 0 | M13: 0 | N13: 0 | O13: 0 | P13: 0 | Q13: 0 | R13: 0 | S13: 0 | T13: 0 | U13: 0 | V13: 0 | W13: 0 | X13: 0 | Y13: 0 | Z13: 0 | AA13: 0 | AB13: 0
C18: 2010 | D18: 2011 | E18: 2012 | F18: 2013 | G18: 2014 | H18: 2015 | I18: 2016 | J18: 2017 | K18: 2018 | L18: 2019 | M18: 2020 | N18: 2021 | O18: 2022 | P18: 2023 | Q18: 2024 | R18: 2025 | S18: 2026 | T18: 2027 | U18: 2028 | V18: 2029 | W18: 2030 | X18: 2031 | Y18: 2032 | Z18: 2033 | AA18: 2034 | AB18: 2035
B19: NDC Incondicional de la 2da NDC (5ta Comunicación) | C19: =C7 -> 0 | D19: =D7 -> 0 | E19: =E7 -> 0 | F19: =F7 -> 0 | G19: =G7 -> 0 | H19: =H7 -> 0 | I19: =I7 -> 0 | J19: =J7 -> 0 | ... AB19: =AB7 -> 8
B20: NDC Incondicional + Condicional de la 2da NDC (5ta Comunicación) | C20: =C7+C13 -> 0 | D20: =D7+D13 -> 0 | E20: =E7+E13 -> 0 | F20: =F7+F13 -> 0 | G20: =G7+G13 -> 0 | H20: =H7+H13 -> 0 | I20: =I7+I13 -> 0 | J20: =J7+J13 -> 0 | ... AB20: =AB7+AB13 -> 8
B24: ORIGINAL
C26: 2010 | D26: 2011 | E26: 2012 | F26: 2013 | G26: 2014 | H26: 2015 | I26: 2016 | J26: 2017 | K26: 2018 | L26: 2019 | M26: 2020 | N26: 2021 | O26: 2022 | P26: 2023 | Q26: 2024 | R26: 2025 | S26: 2026 | T26: 2027 | U26: 2028 | V26: 2029 | W26: 2030 | X26: 2031 | Y26: 2032 | Z26: 2033 | AA26: 2034 | AB26: 2035
B27: Actividad [Mt DC] | C27: 0.2194 | D27: 0.4256 | E27: 0.6318 | F27: 0.448 | G27: 0.2643 | H27: 0.5462 | I27: 0.8281 | J27: 0.8643 | K27: 0.9006 | L27: 0.8604 | M27: 0.8203 | N27: 0.7007 | O27: 0.8504 | P27: 0.9171 | Q27: 0.9858 | R27: 0.982 | S27: 1.0201 | T27: 1.1974 | U27: 1.2718 | V27: 1.3461 | W27: 1.4205 | X27: 1.4968 | Y27: 1.575 | Z27: 1.6531 | AA27: 1.7332 | AB27: 1.8133
B28: FE [MtCO2e/Mt DC] | C28: 0.7 | D28: 0.7 | E28: 0.7 | F28: 0.7 | G28: 0.7 | H28: 0.7 | I28: 0.7 | J28: 0.7 | K28: 0.7 | L28: 0.7 | M28: 0.7 | N28: 0.7 | O28: 0.7 | P28: 0.7 | Q28: 0.7 | R28: 0.7 | S28: 0.7 | T28: 0.7 | U28: 0.7 | V28: 0.7 | W28: 0.7 | X28: 0.7 | Y28: 0.7 | Z28: 0.7 | AA28: 0.7 | AB28: 0.7
B29: FE [MtCO2/Mt DC] | C29: 0 | D29: 0 | E29: 0 | F29: 0 | G29: 0 | H29: 0 | I29: 0 | J29: 0 | K29: 0 | L29: 0 | M29: 0 | N29: 0 | O29: 0 | P29: 0 | Q29: 0 | R29: 0 | S29: 0 | T29: 0 | U29: 0 | V29: 0 | W29: 0 | X29: 0 | Y29: 0 | Z29: 0 | AA29: 0 | AB29: 0
B30: FE [MtCH4/Mt DC] | C30: 0.025 | D30: 0.025 | E30: 0.025 | F30: 0.025 | G30: 0.025 | H30: 0.025 | I30: 0.025 | J30: 0.025 | K30: 0.025 | L30: 0.025 | M30: 0.025 | N30: 0.025 | O30: 0.025 | P30: 0.025 | Q30: 0.025 | R30: 0.025 | S30: 0.025 | T30: 0.025 | U30: 0.025 | V30: 0.025 | W30: 0.025 | X30: 0.025 | Y30: 0.025 | Z30: 0.025 | AA30: 0.025 | AB30: 0.025
B31: FE [MtN2O/Mt DC] | C31: 0 | D31: 0 | E31: 0 | F31: 0 | G31: 0 | H31: 0 | I31: 0 | J31: 0 | K31: 0 | L31: 0 | M31: 0 | N31: 0 | O31: 0 | P31: 0 | Q31: 0 | R31: 0 | S31: 0 | T31: 0 | U31: 0 | V31: 0 | W31: 0 | X31: 0 | Y31: 0 | Z31: 0 | AA31: 0 | AB31: 0
B32: Emisiones [MtCO2e] | C32: 0.15358 | D32: 0.29792 | E32: 0.44226 | F32: 0.3136 | G32: 0.18501 | H32: 0.38234 | I32: 0.57967 | J32: 0.60501 | K32: 0.63042 | L32: 0.60228 | M32: 0.57421 | N32: 0.49049 | O32: 0.59528 | P32: 0.64197 | Q32: 0.69006 | R32: 0.6874 | S32: 0.71407 | T32: 0.83818 | U32: 0.89026 | V32: 0.94227 | W32: 0.99435 | X32: 1.04776 | Y32: 1.1025 | Z32: 1.15717 | AA32: 1.21324 | AB32: 1.26931
B33: Emisiones [MtCO2] | C33: 0 | D33: 0 | E33: 0 | F33: 0 | G33: 0 | H33: 0 | I33: 0 | J33: 0 | K33: 0 | L33: 0 | M33: 0 | N33: 0 | O33: 0 | P33: 0 | Q33: 0 | R33: 0 | S33: 0 | T33: 0 | U33: 0 | V33: 0 | W33: 0 | X33: 0 | Y33: 0 | Z33: 0 | AA33: 0 | AB33: 0
B34: Emisiones [MtCH4] | C34: 0.005485 | D34: 0.01064 | E34: 0.015795 | F34: 0.0112 | G34: 0.0066075 | H34: 0.013655 | I34: 0.0207025 | J34: 0.0216075 | K34: 0.022515 | L34: 0.02151 | M34: 0.0205075 | N34: 0.0175175 | O34: 0.02126 | P34: 0.0229275 | Q34: 0.024645 | R34: 0.02455 | S34: 0.0255025 | T34: 0.029935 | U34: 0.031795 | V34: 0.0336525 | W34: 0.0355125 | X34: 0.03742 | Y34: 0.039375 | Z34: 0.0413275 | AA34: 0.04333 | AB34: 0.0453325
B35: Emisiones [MtN2O] | C35: 0 | D35: 0 | E35: 0 | F35: 0 | G35: 0 | H35: 0 | I35: 0 | J35: 0 | K35: 0 | L35: 0 | M35: 0 | N35: 0 | O35: 0 | P35: 0 | Q35: 0 | R35: 0 | S35: 0 | T35: 0 | U35: 0 | V35: 0 | W35: 0 | X35: 0 | Y35: 0 | Z35: 0 | AA35: 0 | AB35: 0
B39: NDC Incondicional de la 2da NDC (5ta Comunicación) y NDC Incondicional + Condicional de la 2da NDC (5ta Comunicación)
C41: 2010 | D41: 2011 | E41: 2012 | F41: 2013 | G41: 2014 | H41: 2015 | I41: 2016 | J41: 2017 | K41: 2018 | L41: 2019 | M41: 2020 | N41: 2021 | O41: 2022 | P41: 2023 | Q41: 2024 | R41: 2025 | S41: 2026 | T41: 2027 | U41: 2028 | V41: 2029 | W41: 2030 | X41: 2031 | Y41: 2032 | Z41: 2033 | AA41: 2034 | AB41: 2035
B42: Actividad [Mt DC] | C42: =ROUND(C47/C43,4) -> 0.2194 | D42: =ROUND(D47/D43,4) -> 0.4256 | E42: =ROUND(E47/E43,4) -> 0.6318 | F42: =ROUND(F47/F43,4) -> 0.448 | G42: =ROUND(G47/G43,4) -> 0.2643 | H42: =ROUND(H47/H43,4) -> 0.5462 | I42: =ROUND(I47/I43,4) -> 0.8281 | J42: =ROUND(J47/J43,4) -> 0.8643 | ... AB42: =ROUND(AB47/AB43,4) -> 1.8019
